deletion_type,theta_del,w_target,w_budget,run,rho_final,f_del,num_deleted,iters
threshold,0.200000,,0.000000,0,0.639710,0.000000,0,133
threshold,0.200000,,0.000000,1,0.640153,0.000000,0,143
threshold,0.200000,,0.000000,2,0.640041,0.000000,0,132
threshold,0.200000,,0.000000,3,0.639538,0.000000,0,134
threshold,0.200000,,0.000000,4,0.640140,0.000000,0,118
threshold,0.200000,,0.000000,5,0.639501,0.000000,0,143
threshold,0.200000,,0.000000,6,0.639705,0.000000,0,143
threshold,0.200000,,0.000000,7,0.640962,0.000000,0,143
threshold,0.200000,,0.000000,8,0.640518,0.000000,0,131
threshold,0.200000,,0.000000,9,0.640416,0.000000,0,121
threshold,0.200000,,0.000000,10,0.639817,0.000000,0,136
threshold,0.200000,,0.000000,11,0.640380,0.000000,0,131
threshold,0.200000,,0.000000,12,0.639747,0.000000,0,143
threshold,0.200000,,0.000000,13,0.640033,0.000000,0,128
threshold,0.200000,,0.000000,14,0.641419,0.000000,0,125
threshold,0.200000,,0.000000,15,0.640689,0.000000,0,127
threshold,0.200000,,0.000000,16,0.640720,0.000000,0,116
threshold,0.200000,,0.000000,17,0.639555,0.000000,0,143
threshold,0.200000,,0.000000,18,0.639292,0.000000,0,143
threshold,0.200000,,0.000000,19,0.640933,0.000000,0,120
threshold,0.200000,,0.000000,20,0.640622,0.000000,0,125
threshold,0.200000,,0.000000,21,0.640112,0.000000,0,137
threshold,0.200000,,0.000000,22,0.641089,0.000000,0,132
threshold,0.200000,,0.000000,23,0.640874,0.000000,0,113
threshold,0.200000,,0.000000,24,0.640720,0.000000,0,127
threshold,0.200000,,0.000000,25,0.640772,0.000000,0,134
threshold,0.200000,,0.000000,26,0.640364,0.000000,0,140
threshold,0.200000,,0.000000,27,0.639616,0.000000,0,130
threshold,0.200000,,0.000000,28,0.640887,0.000000,0,129
threshold,0.200000,,0.000000,29,0.639634,0.000000,0,143
threshold,0.200000,,0.000000,30,0.640162,0.000000,0,143
threshold,0.200000,,0.000000,31,0.640713,0.000000,0,134
threshold,0.200000,,0.000000,32,0.639322,0.000000,0,147
threshold,0.200000,,0.000000,33,0.640722,0.000000,0,115
threshold,0.200000,,0.000000,34,0.640085,0.000000,0,143
threshold,0.200000,,0.000000,35,0.640349,0.000000,0,132
threshold,0.200000,,0.000000,36,0.639508,0.000000,0,143
threshold,0.200000,,0.000000,37,0.640502,0.000000,0,119
threshold,0.200000,,0.000000,38,0.640303,0.000000,0,134
threshold,0.200000,,0.000000,39,0.640231,0.000000,0,143
threshold,0.200000,,0.000000,40,0.640241,0.000000,0,126
threshold,0.200000,,0.000000,41,0.640655,0.000000,0,114
threshold,0.200000,,0.000000,42,0.640673,0.000000,0,115
threshold,0.200000,,0.000000,43,0.640730,0.000000,0,124
threshold,0.200000,,0.000000,44,0.640222,0.000000,0,138
threshold,0.200000,,0.000000,45,0.639814,0.000000,0,143
threshold,0.200000,,0.000000,46,0.639596,0.000000,0,143
threshold,0.200000,,0.000000,47,0.639777,0.000000,0,133
threshold,0.200000,,0.000000,48,0.639506,0.000000,0,143
threshold,0.200000,,0.000000,49,0.640338,0.000000,0,125
threshold,0.200000,,0.050000,0,0.629571,0.050000,225,138
threshold,0.200000,,0.050000,1,0.629955,0.050000,225,143
threshold,0.200000,,0.050000,2,0.629887,0.050000,225,132
threshold,0.200000,,0.050000,3,0.629384,0.050000,225,135
threshold,0.200000,,0.050000,4,0.629963,0.050000,225,121
threshold,0.200000,,0.050000,5,0.629348,0.050000,225,143
threshold,0.200000,,0.050000,6,0.629461,0.050000,225,143
threshold,0.200000,,0.050000,7,0.630748,0.050000,225,143
threshold,0.200000,,0.050000,8,0.630319,0.050000,225,131
threshold,0.200000,,0.050000,9,0.630228,0.050000,225,121
threshold,0.200000,,0.050000,10,0.629634,0.050000,225,136
threshold,0.200000,,0.050000,11,0.630146,0.050000,225,136
threshold,0.200000,,0.050000,12,0.629587,0.050000,225,143
threshold,0.200000,,0.050000,13,0.629842,0.050000,225,130
threshold,0.200000,,0.050000,14,0.631218,0.050000,225,128
threshold,0.200000,,0.050000,15,0.630567,0.050000,225,130
threshold,0.200000,,0.050000,16,0.630577,0.050000,225,119
threshold,0.200000,,0.050000,17,0.629386,0.050000,225,143
threshold,0.200000,,0.050000,18,0.629077,0.050000,225,143
threshold,0.200000,,0.050000,19,0.630776,0.050000,225,120
threshold,0.200000,,0.050000,20,0.630404,0.050000,225,126
threshold,0.200000,,0.050000,21,0.629929,0.050000,225,139
threshold,0.200000,,0.050000,22,0.630934,0.050000,225,132
threshold,0.200000,,0.050000,23,0.630693,0.050000,225,118
threshold,0.200000,,0.050000,24,0.630600,0.050000,225,131
threshold,0.200000,,0.050000,25,0.630603,0.050000,225,134
threshold,0.200000,,0.050000,26,0.630165,0.050000,225,140
threshold,0.200000,,0.050000,27,0.629370,0.050000,225,134
threshold,0.200000,,0.050000,28,0.630725,0.050000,225,135
threshold,0.200000,,0.050000,29,0.629418,0.050000,225,143
threshold,0.200000,,0.050000,30,0.630039,0.050000,225,143
threshold,0.200000,,0.050000,31,0.630560,0.050000,225,136
threshold,0.200000,,0.050000,32,0.629148,0.050000,225,146
threshold,0.200000,,0.050000,33,0.630565,0.050000,225,119
threshold,0.200000,,0.050000,34,0.629865,0.050000,225,143
threshold,0.200000,,0.050000,35,0.630100,0.050000,225,137
threshold,0.200000,,0.050000,36,0.629323,0.050000,225,143
threshold,0.200000,,0.050000,37,0.630328,0.050000,225,119
threshold,0.200000,,0.050000,38,0.630120,0.050000,225,136
threshold,0.200000,,0.050000,39,0.630104,0.050000,225,143
threshold,0.200000,,0.050000,40,0.630046,0.050000,225,125
threshold,0.200000,,0.050000,41,0.630499,0.050000,225,118
threshold,0.200000,,0.050000,42,0.630547,0.050000,225,119
threshold,0.200000,,0.050000,43,0.630623,0.050000,225,123
threshold,0.200000,,0.050000,44,0.630011,0.050000,225,137
threshold,0.200000,,0.050000,45,0.629625,0.050000,225,143
threshold,0.200000,,0.050000,46,0.629410,0.050000,225,143
threshold,0.200000,,0.050000,47,0.629529,0.050000,225,135
threshold,0.200000,,0.050000,48,0.629326,0.050000,225,143
threshold,0.200000,,0.050000,49,0.630155,0.050000,225,124
threshold,0.200000,,0.100000,0,0.618903,0.100000,450,142
threshold,0.200000,,0.100000,1,0.619227,0.100000,450,145
threshold,0.200000,,0.100000,2,0.619015,0.100000,450,135
threshold,0.200000,,0.100000,3,0.618463,0.100000,450,135
threshold,0.200000,,0.100000,4,0.619149,0.100000,450,124
threshold,0.200000,,0.100000,5,0.618481,0.100000,450,143
threshold,0.200000,,0.100000,6,0.618590,0.100000,450,143
threshold,0.200000,,0.100000,7,0.619894,0.100000,450,143
threshold,0.200000,,0.100000,8,0.619522,0.100000,450,132
threshold,0.200000,,0.100000,9,0.619400,0.100000,450,125
threshold,0.200000,,0.100000,10,0.618868,0.100000,450,138
threshold,0.200000,,0.100000,11,0.619310,0.100000,450,140
threshold,0.200000,,0.100000,12,0.618632,0.100000,450,143
threshold,0.200000,,0.100000,13,0.619031,0.100000,450,131
threshold,0.200000,,0.100000,14,0.620463,0.100000,450,130
threshold,0.200000,,0.100000,15,0.619987,0.100000,450,134
threshold,0.200000,,0.100000,16,0.619821,0.100000,450,123
threshold,0.200000,,0.100000,17,0.618705,0.100000,450,143
threshold,0.200000,,0.100000,18,0.618268,0.100000,450,143
threshold,0.200000,,0.100000,19,0.620015,0.100000,450,123
threshold,0.200000,,0.100000,20,0.619658,0.100000,450,133
threshold,0.200000,,0.100000,21,0.619247,0.100000,450,143
threshold,0.200000,,0.100000,22,0.620246,0.100000,450,137
threshold,0.200000,,0.100000,23,0.619922,0.100000,450,123
threshold,0.200000,,0.100000,24,0.619841,0.100000,450,134
threshold,0.200000,,0.100000,25,0.619669,0.100000,450,138
threshold,0.200000,,0.100000,26,0.619382,0.100000,450,140
threshold,0.200000,,0.100000,27,0.618652,0.100000,450,137
threshold,0.200000,,0.100000,28,0.619944,0.100000,450,138
threshold,0.200000,,0.100000,29,0.618616,0.100000,450,143
threshold,0.200000,,0.100000,30,0.619233,0.100000,450,143
threshold,0.200000,,0.100000,31,0.619792,0.100000,450,136
threshold,0.200000,,0.100000,32,0.618335,0.100000,450,146
threshold,0.200000,,0.100000,33,0.619692,0.100000,450,145
threshold,0.200000,,0.100000,34,0.619089,0.100000,450,143
threshold,0.200000,,0.100000,35,0.619407,0.100000,450,140
threshold,0.200000,,0.100000,36,0.618539,0.100000,450,143
threshold,0.200000,,0.100000,37,0.619678,0.100000,450,126
threshold,0.200000,,0.100000,38,0.619294,0.100000,450,136
threshold,0.200000,,0.100000,39,0.619308,0.100000,450,143
threshold,0.200000,,0.100000,40,0.619329,0.100000,450,130
threshold,0.200000,,0.100000,41,0.619760,0.100000,450,122
threshold,0.200000,,0.100000,42,0.619716,0.100000,450,141
threshold,0.200000,,0.100000,43,0.619877,0.100000,450,124
threshold,0.200000,,0.100000,44,0.619276,0.100000,450,139
threshold,0.200000,,0.100000,45,0.618883,0.100000,450,143
threshold,0.200000,,0.100000,46,0.618581,0.100000,450,143
threshold,0.200000,,0.100000,47,0.618884,0.100000,450,135
threshold,0.200000,,0.100000,48,0.618537,0.100000,450,143
threshold,0.200000,,0.100000,49,0.619321,0.100000,450,125
threshold,0.200000,,0.150000,0,0.607563,0.150000,675,147
threshold,0.200000,,0.150000,1,0.607808,0.150000,675,147
threshold,0.200000,,0.150000,2,0.607561,0.150000,675,143
threshold,0.200000,,0.150000,3,0.606904,0.150000,675,159
threshold,0.200000,,0.150000,4,0.607796,0.150000,675,129
threshold,0.200000,,0.150000,5,0.606931,0.150000,675,146
threshold,0.200000,,0.150000,6,0.606884,0.150000,675,154
threshold,0.200000,,0.150000,7,0.608483,0.150000,675,143
threshold,0.200000,,0.150000,8,0.608134,0.150000,675,130
threshold,0.200000,,0.150000,9,0.607934,0.150000,675,129
threshold,0.200000,,0.150000,10,0.607513,0.150000,675,140
threshold,0.200000,,0.150000,11,0.607860,0.150000,675,145
threshold,0.200000,,0.150000,12,0.607068,0.150000,675,143
threshold,0.200000,,0.150000,13,0.607505,0.150000,675,130
threshold,0.200000,,0.150000,14,0.609121,0.150000,675,131
threshold,0.200000,,0.150000,15,0.608712,0.150000,675,141
threshold,0.200000,,0.150000,16,0.608428,0.150000,675,135
threshold,0.200000,,0.150000,17,0.607088,0.150000,675,143
threshold,0.200000,,0.150000,18,0.606922,0.150000,675,143
threshold,0.200000,,0.150000,19,0.608556,0.150000,675,133
threshold,0.200000,,0.150000,20,0.608157,0.150000,675,136
threshold,0.200000,,0.150000,21,0.607799,0.150000,675,144
threshold,0.200000,,0.150000,22,0.608732,0.150000,675,149
threshold,0.200000,,0.150000,23,0.608504,0.150000,675,129
threshold,0.200000,,0.150000,24,0.608381,0.150000,675,133
threshold,0.200000,,0.150000,25,0.608085,0.150000,675,145
threshold,0.200000,,0.150000,26,0.607849,0.150000,675,140
threshold,0.200000,,0.150000,27,0.607111,0.150000,675,145
threshold,0.200000,,0.150000,28,0.608590,0.150000,675,141
threshold,0.200000,,0.150000,29,0.607045,0.150000,675,144
threshold,0.200000,,0.150000,30,0.607807,0.150000,675,143
threshold,0.200000,,0.150000,31,0.608200,0.150000,675,138
threshold,0.200000,,0.150000,32,0.606927,0.150000,675,148
threshold,0.200000,,0.150000,33,0.608433,0.150000,675,147
threshold,0.200000,,0.150000,34,0.607532,0.150000,675,164
threshold,0.200000,,0.150000,35,0.608118,0.150000,675,148
threshold,0.200000,,0.150000,36,0.606942,0.150000,675,143
threshold,0.200000,,0.150000,37,0.608264,0.150000,675,131
threshold,0.200000,,0.150000,38,0.607683,0.150000,675,139
threshold,0.200000,,0.150000,39,0.607775,0.150000,675,143
threshold,0.200000,,0.150000,40,0.607784,0.150000,675,147
threshold,0.200000,,0.150000,41,0.608347,0.150000,675,139
threshold,0.200000,,0.150000,42,0.608320,0.150000,675,142
threshold,0.200000,,0.150000,43,0.608409,0.150000,675,131
threshold,0.200000,,0.150000,44,0.607683,0.150000,675,142
threshold,0.200000,,0.150000,45,0.607266,0.150000,675,143
threshold,0.200000,,0.150000,46,0.607077,0.150000,675,143
threshold,0.200000,,0.150000,47,0.607572,0.150000,675,137
threshold,0.200000,,0.150000,48,0.607269,0.150000,675,143
threshold,0.200000,,0.150000,49,0.607939,0.150000,675,130
threshold,0.200000,,0.200000,0,0.595533,0.200000,900,151
threshold,0.200000,,0.200000,1,0.595874,0.200000,900,150
threshold,0.200000,,0.200000,2,0.595498,0.200000,900,151
threshold,0.200000,,0.200000,3,0.594658,0.200000,900,159
threshold,0.200000,,0.200000,4,0.595690,0.200000,900,156
threshold,0.200000,,0.200000,5,0.594804,0.200000,900,161
threshold,0.200000,,0.200000,6,0.594677,0.200000,900,157
threshold,0.200000,,0.200000,7,0.596222,0.200000,900,169
threshold,0.200000,,0.200000,8,0.596012,0.200000,900,172
threshold,0.200000,,0.200000,9,0.595791,0.200000,900,141
threshold,0.200000,,0.200000,10,0.595436,0.200000,900,146
threshold,0.200000,,0.200000,11,0.595735,0.200000,900,155
threshold,0.200000,,0.200000,12,0.594730,0.200000,900,156
threshold,0.200000,,0.200000,13,0.595352,0.200000,900,151
threshold,0.200000,,0.200000,14,0.596900,0.200000,900,144
threshold,0.200000,,0.200000,15,0.596540,0.200000,900,146
threshold,0.200000,,0.200000,16,0.596187,0.200000,900,153
threshold,0.200000,,0.200000,17,0.594429,0.200000,900,159
threshold,0.200000,,0.200000,18,0.594617,0.200000,900,144
threshold,0.200000,,0.200000,19,0.596184,0.200000,900,174
threshold,0.200000,,0.200000,20,0.595749,0.200000,900,159
threshold,0.200000,,0.200000,21,0.595602,0.200000,900,219
threshold,0.200000,,0.200000,22,0.596670,0.200000,900,159
threshold,0.200000,,0.200000,23,0.596049,0.200000,900,159
threshold,0.200000,,0.200000,24,0.596351,0.200000,900,139
threshold,0.200000,,0.200000,25,0.595731,0.200000,900,178
threshold,0.200000,,0.200000,26,0.595303,0.200000,900,159
threshold,0.200000,,0.200000,27,0.595149,0.200000,900,145
threshold,0.200000,,0.200000,28,0.596476,0.200000,900,146
threshold,0.200000,,0.200000,29,0.595123,0.200000,900,147
threshold,0.200000,,0.200000,30,0.595679,0.200000,900,150
threshold,0.200000,,0.200000,31,0.595960,0.200000,900,159
threshold,0.200000,,0.200000,32,0.594790,0.200000,900,158
threshold,0.200000,,0.200000,33,0.596295,0.200000,900,146
threshold,0.200000,,0.200000,34,0.595321,0.200000,900,167
threshold,0.200000,,0.200000,35,0.596097,0.200000,900,154
threshold,0.200000,,0.200000,36,0.594546,0.200000,900,151
threshold,0.200000,,0.200000,37,0.595996,0.200000,900,159
threshold,0.200000,,0.200000,38,0.595499,0.200000,900,147
threshold,0.200000,,0.200000,39,0.595495,0.200000,900,154
threshold,0.200000,,0.200000,40,0.595452,0.200000,900,159
threshold,0.200000,,0.200000,41,0.596164,0.200000,900,151
threshold,0.200000,,0.200000,42,0.596044,0.200000,900,140
threshold,0.200000,,0.200000,43,0.596211,0.200000,900,165
threshold,0.200000,,0.200000,44,0.595520,0.200000,900,153
threshold,0.200000,,0.200000,45,0.595072,0.200000,900,143
threshold,0.200000,,0.200000,46,0.594630,0.200000,900,159
threshold,0.200000,,0.200000,47,0.595334,0.200000,900,147
threshold,0.200000,,0.200000,48,0.594787,0.200000,900,159
threshold,0.200000,,0.200000,49,0.595700,0.200000,900,148
threshold,0.200000,,0.250000,0,0.582725,0.250000,1125,163
threshold,0.200000,,0.250000,1,0.582927,0.250000,1125,159
threshold,0.200000,,0.250000,2,0.582242,0.250000,1125,169
threshold,0.200000,,0.250000,3,0.581544,0.250000,1125,159
threshold,0.200000,,0.250000,4,0.582454,0.250000,1125,169
threshold,0.200000,,0.250000,5,0.581743,0.250000,1125,204
threshold,0.200000,,0.250000,6,0.581684,0.250000,1125,161
threshold,0.200000,,0.250000,7,0.582857,0.250000,1125,194
threshold,0.200000,,0.250000,8,0.582955,0.250000,1125,172
threshold,0.200000,,0.250000,9,0.582940,0.250000,1125,153
threshold,0.200000,,0.250000,10,0.582572,0.250000,1125,149
threshold,0.200000,,0.250000,11,0.582724,0.250000,1125,160
threshold,0.200000,,0.250000,12,0.581220,0.250000,1125,160
threshold,0.200000,,0.250000,13,0.582254,0.250000,1125,175
threshold,0.200000,,0.250000,14,0.583899,0.250000,1125,156
threshold,0.200000,,0.250000,15,0.583658,0.250000,1125,152
threshold,0.200000,,0.250000,16,0.583080,0.250000,1125,171
threshold,0.200000,,0.250000,17,0.581260,0.250000,1125,160
threshold,0.200000,,0.250000,18,0.581639,0.250000,1125,183
threshold,0.200000,,0.250000,19,0.583104,0.250000,1125,182
threshold,0.200000,,0.250000,20,0.582848,0.250000,1125,159
threshold,0.200000,,0.250000,21,0.582563,0.250000,1125,220
threshold,0.200000,,0.250000,22,0.583298,0.250000,1125,162
threshold,0.200000,,0.250000,23,0.582926,0.250000,1125,159
threshold,0.200000,,0.250000,24,0.583177,0.250000,1125,149
threshold,0.200000,,0.250000,25,0.582627,0.250000,1125,181
threshold,0.200000,,0.250000,26,0.582075,0.250000,1125,184
threshold,0.200000,,0.250000,27,0.581914,0.250000,1125,211
threshold,0.200000,,0.250000,28,0.583148,0.250000,1125,159
threshold,0.200000,,0.250000,29,0.582217,0.250000,1125,149
threshold,0.200000,,0.250000,30,0.582331,0.250000,1125,172
threshold,0.200000,,0.250000,31,0.582850,0.250000,1125,162
threshold,0.200000,,0.250000,32,0.581969,0.250000,1125,156
threshold,0.200000,,0.250000,33,0.583283,0.250000,1125,149
threshold,0.200000,,0.250000,34,0.582455,0.250000,1125,167
threshold,0.200000,,0.250000,35,0.583525,0.250000,1125,154
threshold,0.200000,,0.250000,36,0.580729,0.250000,1125,181
threshold,0.200000,,0.250000,37,0.582907,0.250000,1125,159
threshold,0.200000,,0.250000,38,0.582343,0.250000,1125,156
threshold,0.200000,,0.250000,39,0.582432,0.250000,1125,157
threshold,0.200000,,0.250000,40,0.582471,0.250000,1125,159
threshold,0.200000,,0.250000,41,0.583205,0.250000,1125,159
threshold,0.200000,,0.250000,42,0.582606,0.250000,1125,159
threshold,0.200000,,0.250000,43,0.583186,0.250000,1125,166
threshold,0.200000,,0.250000,44,0.582480,0.250000,1125,174
threshold,0.200000,,0.250000,45,0.582143,0.250000,1125,156
threshold,0.200000,,0.250000,46,0.581429,0.250000,1125,175
threshold,0.200000,,0.250000,47,0.582246,0.250000,1125,152
threshold,0.200000,,0.250000,48,0.581655,0.250000,1125,159
threshold,0.200000,,0.250000,49,0.582556,0.250000,1125,157
threshold,0.200000,,0.300000,0,0.569071,0.300000,1350,169
threshold,0.200000,,0.300000,1,0.568842,0.300000,1350,165
threshold,0.200000,,0.300000,2,0.567884,0.300000,1350,182
threshold,0.200000,,0.300000,3,0.567326,0.300000,1350,165
threshold,0.200000,,0.300000,4,0.568548,0.300000,1350,178
threshold,0.200000,,0.300000,5,0.567641,0.300000,1350,209
threshold,0.200000,,0.300000,6,0.567520,0.300000,1350,164
threshold,0.200000,,0.300000,7,0.568421,0.300000,1350,205
threshold,0.200000,,0.300000,8,0.568631,0.300000,1350,182
threshold,0.200000,,0.300000,9,0.568909,0.300000,1350,202
threshold,0.200000,,0.300000,10,0.568489,0.300000,1350,159
threshold,0.200000,,0.300000,11,0.568755,0.300000,1350,166
threshold,0.200000,,0.300000,12,0.566503,0.300000,1350,183
threshold,0.200000,,0.300000,13,0.568065,0.300000,1350,177
threshold,0.200000,,0.300000,14,0.569541,0.300000,1350,165
threshold,0.200000,,0.300000,15,0.569525,0.300000,1350,180
threshold,0.200000,,0.300000,16,0.568888,0.300000,1350,175
threshold,0.200000,,0.300000,17,0.566990,0.300000,1350,164
threshold,0.200000,,0.300000,18,0.567345,0.300000,1350,202
threshold,0.200000,,0.300000,19,0.568872,0.300000,1350,235
threshold,0.200000,,0.300000,20,0.568993,0.300000,1350,171
threshold,0.200000,,0.300000,21,0.568455,0.300000,1350,221
threshold,0.200000,,0.300000,22,0.569168,0.300000,1350,412
threshold,0.200000,,0.300000,23,0.568826,0.300000,1350,159
threshold,0.200000,,0.300000,24,0.568996,0.300000,1350,176
threshold,0.200000,,0.300000,25,0.568372,0.300000,1350,181
threshold,0.200000,,0.300000,26,0.568039,0.300000,1350,240
threshold,0.200000,,0.300000,27,0.567825,0.300000,1350,505
threshold,0.200000,,0.300000,28,0.569059,0.300000,1350,175
threshold,0.200000,,0.300000,29,0.568032,0.300000,1350,169
threshold,0.200000,,0.300000,30,0.568343,0.300000,1350,188
threshold,0.200000,,0.300000,31,0.568916,0.300000,1350,160
threshold,0.200000,,0.300000,32,0.567855,0.300000,1350,163
threshold,0.200000,,0.300000,33,0.569155,0.300000,1350,160
threshold,0.200000,,0.300000,34,0.568481,0.300000,1350,189
threshold,0.200000,,0.300000,35,0.569350,0.300000,1350,198
threshold,0.200000,,0.300000,36,0.566556,0.300000,1350,223
threshold,0.200000,,0.300000,37,0.568931,0.300000,1350,161
threshold,0.200000,,0.300000,38,0.568064,0.300000,1350,170
threshold,0.200000,,0.300000,39,0.568494,0.300000,1350,183
threshold,0.200000,,0.300000,40,0.568037,0.300000,1350,166
threshold,0.200000,,0.300000,41,0.569181,0.300000,1350,172
threshold,0.200000,,0.300000,42,0.568384,0.300000,1350,193
threshold,0.200000,,0.300000,43,0.569344,0.300000,1350,166
threshold,0.200000,,0.300000,44,0.568286,0.300000,1350,173
threshold,0.200000,,0.300000,45,0.568056,0.300000,1350,175
threshold,0.200000,,0.300000,46,0.567517,0.300000,1350,175
threshold,0.200000,,0.300000,47,0.568429,0.300000,1350,169
threshold,0.200000,,0.300000,48,0.567646,0.300000,1350,169
threshold,0.200000,,0.300000,49,0.568568,0.300000,1350,160
threshold,0.200000,,0.350000,0,0.554186,0.350000,1575,255
threshold,0.200000,,0.350000,1,0.553657,0.350000,1575,217
threshold,0.200000,,0.350000,2,0.552429,0.350000,1575,237
threshold,0.200000,,0.350000,3,0.551812,0.350000,1575,169
threshold,0.200000,,0.350000,4,0.553329,0.350000,1575,202
threshold,0.200000,,0.350000,5,0.551648,0.350000,1575,216
threshold,0.200000,,0.350000,6,0.552307,0.350000,1575,297
threshold,0.200000,,0.350000,7,0.553057,0.350000,1575,213
threshold,0.200000,,0.350000,8,0.553344,0.350000,1575,204
threshold,0.200000,,0.350000,9,0.553559,0.350000,1575,225
threshold,0.200000,,0.350000,10,0.553269,0.350000,1575,182
threshold,0.200000,,0.350000,11,0.553513,0.350000,1575,198
threshold,0.200000,,0.350000,12,0.551209,0.350000,1575,197
threshold,0.200000,,0.350000,13,0.553256,0.350000,1575,197
threshold,0.200000,,0.350000,14,0.554694,0.350000,1575,178
threshold,0.200000,,0.350000,15,0.554467,0.350000,1575,181
threshold,0.200000,,0.350000,16,0.553852,0.350000,1575,207
threshold,0.200000,,0.350000,17,0.551396,0.350000,1575,176
threshold,0.200000,,0.350000,18,0.552093,0.350000,1575,236
threshold,0.200000,,0.350000,19,0.553908,0.350000,1575,281
threshold,0.200000,,0.350000,20,0.553850,0.350000,1575,179
threshold,0.200000,,0.350000,21,0.552802,0.350000,1575,230
threshold,0.200000,,0.350000,22,0.554338,0.350000,1575,413
threshold,0.200000,,0.350000,23,0.553313,0.350000,1575,173
threshold,0.200000,,0.350000,24,0.553681,0.350000,1575,231
threshold,0.200000,,0.350000,25,0.553211,0.350000,1575,215
threshold,0.200000,,0.350000,26,0.552800,0.350000,1575,264
threshold,0.200000,,0.350000,27,0.552229,0.350000,1575,506
threshold,0.200000,,0.350000,28,0.553599,0.350000,1575,216
threshold,0.200000,,0.350000,29,0.552637,0.350000,1575,285
threshold,0.200000,,0.350000,30,0.553284,0.350000,1575,214
threshold,0.200000,,0.350000,31,0.553874,0.350000,1575,174
threshold,0.200000,,0.350000,32,0.552470,0.350000,1575,183
threshold,0.200000,,0.350000,33,0.553805,0.350000,1575,172
threshold,0.200000,,0.350000,34,0.553377,0.350000,1575,189
threshold,0.200000,,0.350000,35,0.553822,0.350000,1575,198
threshold,0.200000,,0.350000,36,0.551075,0.350000,1575,238
threshold,0.200000,,0.350000,37,0.552925,0.350000,1575,182
threshold,0.200000,,0.350000,38,0.552425,0.350000,1575,215
threshold,0.200000,,0.350000,39,0.553229,0.350000,1575,224
threshold,0.200000,,0.350000,40,0.552977,0.350000,1575,194
threshold,0.200000,,0.350000,41,0.553906,0.350000,1575,184
threshold,0.200000,,0.350000,42,0.553340,0.350000,1575,206
threshold,0.200000,,0.350000,43,0.554148,0.350000,1575,170
threshold,0.200000,,0.350000,44,0.552985,0.350000,1575,241
threshold,0.200000,,0.350000,45,0.552586,0.350000,1575,199
threshold,0.200000,,0.350000,46,0.552258,0.350000,1575,248
threshold,0.200000,,0.350000,47,0.553026,0.350000,1575,181
threshold,0.200000,,0.350000,48,0.552126,0.350000,1575,179
threshold,0.200000,,0.350000,49,0.553316,0.350000,1575,195
threshold,0.200000,,0.400000,0,0.537834,0.399778,1799,292
threshold,0.200000,,0.400000,1,0.537007,0.399778,1799,232
threshold,0.200000,,0.400000,2,0.535577,0.399778,1799,266
threshold,0.200000,,0.400000,3,0.535310,0.399778,1799,196
threshold,0.200000,,0.400000,4,0.536687,0.399778,1799,222
threshold,0.200000,,0.400000,5,0.535354,0.399778,1799,240
threshold,0.200000,,0.400000,6,0.535831,0.399778,1799,298
threshold,0.200000,,0.400000,7,0.536553,0.399778,1799,282
threshold,0.200000,,0.400000,8,0.536960,0.399778,1799,219
threshold,0.200000,,0.400000,9,0.537057,0.399778,1799,235
threshold,0.200000,,0.400000,10,0.536737,0.399778,1799,227
threshold,0.200000,,0.400000,11,0.536926,0.399778,1799,351
threshold,0.200000,,0.400000,12,0.535099,0.399778,1799,213
threshold,0.200000,,0.400000,13,0.536844,0.399778,1799,198
threshold,0.200000,,0.400000,14,0.537630,0.399778,1799,200
threshold,0.200000,,0.400000,15,0.537922,0.399778,1799,197
threshold,0.200000,,0.400000,16,0.537569,0.399778,1799,279
threshold,0.200000,,0.400000,17,0.534821,0.399778,1799,227
threshold,0.200000,,0.400000,18,0.535339,0.399778,1799,236
threshold,0.200000,,0.400000,19,0.537474,0.399778,1799,296
threshold,0.200000,,0.400000,20,0.537316,0.399778,1799,227
threshold,0.200000,,0.400000,21,0.536731,0.399778,1799,238
threshold,0.200000,,0.400000,22,0.537524,0.399778,1799,431
threshold,0.200000,,0.400000,23,0.536495,0.399778,1799,218
threshold,0.200000,,0.400000,24,0.536746,0.399778,1799,251
threshold,0.200000,,0.400000,25,0.536319,0.399778,1799,218
threshold,0.200000,,0.400000,26,0.536117,0.399778,1799,267
threshold,0.200000,,0.400000,27,0.535782,0.399778,1799,522
threshold,0.200000,,0.400000,28,0.536446,0.399778,1799,215
threshold,0.200000,,0.400000,29,0.535214,0.399778,1799,318
threshold,0.200000,,0.400000,30,0.536573,0.399778,1799,258
threshold,0.200000,,0.400000,31,0.537523,0.399778,1799,199
threshold,0.200000,,0.400000,32,0.535861,0.399778,1799,213
threshold,0.200000,,0.400000,33,0.537247,0.399778,1799,192
threshold,0.200000,,0.400000,34,0.536924,0.399778,1799,257
threshold,0.200000,,0.400000,35,0.537716,0.399778,1799,210
threshold,0.200000,,0.400000,36,0.534536,0.399778,1799,257
threshold,0.200000,,0.400000,37,0.536492,0.399778,1799,232
threshold,0.200000,,0.400000,38,0.535117,0.399778,1799,216
threshold,0.200000,,0.400000,39,0.536537,0.399778,1799,258
threshold,0.200000,,0.400000,40,0.536218,0.399778,1799,244
threshold,0.200000,,0.400000,41,0.537239,0.399778,1799,243
threshold,0.200000,,0.400000,42,0.537004,0.399778,1799,210
threshold,0.200000,,0.400000,43,0.537993,0.399778,1799,189
threshold,0.200000,,0.400000,44,0.536149,0.399778,1799,251
threshold,0.200000,,0.400000,45,0.535699,0.399778,1799,214
threshold,0.200000,,0.400000,46,0.535401,0.399778,1799,248
threshold,0.200000,,0.400000,47,0.536855,0.399778,1799,191
threshold,0.200000,,0.400000,48,0.535658,0.399778,1799,219
threshold,0.200000,,0.400000,49,0.536839,0.399778,1799,432
threshold,0.200000,,0.450000,0,0.519680,0.449778,2024,300
threshold,0.200000,,0.450000,1,0.519268,0.449778,2024,263
threshold,0.200000,,0.450000,2,0.517613,0.449778,2024,281
threshold,0.200000,,0.450000,3,0.516552,0.449778,2024,225
threshold,0.200000,,0.450000,4,0.518252,0.449778,2024,507
threshold,0.200000,,0.450000,5,0.517652,0.449778,2024,274
threshold,0.200000,,0.450000,6,0.517886,0.449778,2024,298
threshold,0.200000,,0.450000,7,0.518055,0.449778,2024,282
threshold,0.200000,,0.450000,8,0.518597,0.449778,2024,253
threshold,0.200000,,0.450000,9,0.519155,0.449778,2024,238
threshold,0.200000,,0.450000,10,0.518257,0.449778,2024,267
threshold,0.200000,,0.450000,11,0.519124,0.449778,2024,351
threshold,0.200000,,0.450000,12,0.516487,0.449778,2024,455
threshold,0.200000,,0.450000,13,0.518970,0.449778,2024,563
threshold,0.200000,,0.450000,14,0.518961,0.449778,2024,232
threshold,0.200000,,0.450000,15,0.519926,0.449778,2024,209
threshold,0.200000,,0.450000,16,0.519096,0.449778,2024,353
threshold,0.200000,,0.450000,17,0.515830,0.449778,2024,277
threshold,0.200000,,0.450000,18,0.515881,0.449778,2024,240
threshold,0.200000,,0.450000,19,0.519292,0.449778,2024,576
threshold,0.200000,,0.450000,20,0.519301,0.449778,2024,226
threshold,0.200000,,0.450000,21,0.518776,0.449778,2024,263
threshold,0.200000,,0.450000,22,0.518951,0.449778,2024,457
threshold,0.200000,,0.450000,23,0.518003,0.449778,2024,238
threshold,0.200000,,0.450000,24,0.518734,0.449778,2024,294
threshold,0.200000,,0.450000,25,0.517638,0.449778,2024,220
threshold,0.200000,,0.450000,26,0.517770,0.449778,2024,298
threshold,0.200000,,0.450000,27,0.517892,0.449778,2024,525
threshold,0.200000,,0.450000,28,0.518935,0.449778,2024,222
threshold,0.200000,,0.450000,29,0.516771,0.449778,2024,320
threshold,0.200000,,0.450000,30,0.518452,0.449778,2024,365
threshold,0.200000,,0.450000,31,0.519004,0.449778,2024,243
threshold,0.200000,,0.450000,32,0.516721,0.449778,2024,241
threshold,0.200000,,0.450000,33,0.518830,0.449778,2024,213
threshold,0.200000,,0.450000,34,0.518485,0.449778,2024,261
threshold,0.200000,,0.450000,35,0.519314,0.449778,2024,214
threshold,0.200000,,0.450000,36,0.516083,0.449778,2024,504
threshold,0.200000,,0.450000,37,0.518302,0.449778,2024,257
threshold,0.200000,,0.450000,38,0.516771,0.449778,2024,221
threshold,0.200000,,0.450000,39,0.518573,0.449778,2024,658
threshold,0.200000,,0.450000,40,0.517826,0.449778,2024,261
threshold,0.200000,,0.450000,41,0.518760,0.449778,2024,257
threshold,0.200000,,0.450000,42,0.518710,0.449778,2024,249
threshold,0.200000,,0.450000,43,0.519492,0.449778,2024,208
threshold,0.200000,,0.450000,44,0.517876,0.449778,2024,259
threshold,0.200000,,0.450000,45,0.516399,0.449778,2024,238
threshold,0.200000,,0.450000,46,0.516979,0.449778,2024,296
threshold,0.200000,,0.450000,47,0.518277,0.449778,2024,237
threshold,0.200000,,0.450000,48,0.516852,0.449778,2024,238
threshold,0.200000,,0.450000,49,0.518681,0.449778,2024,433
threshold,0.200000,,0.500000,0,0.499279,0.499778,2249,305
threshold,0.200000,,0.500000,1,0.498249,0.499778,2249,274
threshold,0.200000,,0.500000,2,0.497737,0.499778,2249,294
threshold,0.200000,,0.500000,3,0.495700,0.499778,2249,312
threshold,0.200000,,0.500000,4,0.497281,0.499778,2249,513
threshold,0.200000,,0.500000,5,0.497785,0.499778,2249,512
threshold,0.200000,,0.500000,6,0.496822,0.499778,2249,696
threshold,0.200000,,0.500000,7,0.497068,0.499778,2249,281
threshold,0.200000,,0.500000,8,0.497537,0.499778,2249,718
threshold,0.200000,,0.500000,9,0.498895,0.499778,2249,259
threshold,0.200000,,0.500000,10,0.497729,0.499778,2249,419
threshold,0.200000,,0.500000,11,0.498731,0.499778,2249,351
threshold,0.200000,,0.500000,12,0.496180,0.499778,2249,465
threshold,0.200000,,0.500000,13,0.498585,0.499778,2249,732
threshold,0.200000,,0.500000,14,0.497800,0.499778,2249,242
threshold,0.200000,,0.500000,15,0.499558,0.499778,2249,564
threshold,0.200000,,0.500000,16,0.498271,0.499778,2249,360
threshold,0.200000,,0.500000,17,0.495958,0.499778,2249,502
threshold,0.200000,,0.500000,18,0.495815,0.499778,2249,270
threshold,0.200000,,0.500000,19,0.498559,0.499778,2249,731
threshold,0.200000,,0.500000,20,0.499385,0.499778,2249,562
threshold,0.200000,,0.500000,21,0.498927,0.499778,2249,295
threshold,0.200000,,0.500000,22,0.498187,0.499778,2249,459
threshold,0.200000,,0.500000,23,0.496872,0.499778,2249,518
threshold,0.200000,,0.500000,24,0.498167,0.499778,2249,295
threshold,0.200000,,0.500000,25,0.497117,0.499778,2249,301
threshold,0.200000,,0.500000,26,0.497241,0.499778,2249,724
threshold,0.200000,,0.500000,27,0.497423,0.499778,2249,527
threshold,0.200000,,0.500000,28,0.498260,0.499778,2249,268
threshold,0.200000,,0.500000,29,0.496405,0.499778,2249,322
threshold,0.200000,,0.500000,30,0.498070,0.499778,2249,378
threshold,0.200000,,0.500000,31,0.498572,0.499778,2249,256
threshold,0.200000,,0.500000,32,0.496479,0.499778,2249,508
threshold,0.200000,,0.500000,33,0.498448,0.499778,2249,378
threshold,0.200000,,0.500000,34,0.497436,0.499778,2249,1239
threshold,0.200000,,0.500000,35,0.499169,0.499778,2249,234
threshold,0.200000,,0.500000,36,0.495307,0.499778,2249,581
threshold,0.200000,,0.500000,37,0.497924,0.499778,2249,299
threshold,0.200000,,0.500000,38,0.496223,0.499778,2249,252
threshold,0.200000,,0.500000,39,0.498518,0.499778,2249,671
threshold,0.200000,,0.500000,40,0.497183,0.499778,2249,321
threshold,0.200000,,0.500000,41,0.498237,0.499778,2249,287
threshold,0.200000,,0.500000,42,0.496947,0.499778,2249,508
threshold,0.200000,,0.500000,43,0.499115,0.499778,2249,267
threshold,0.200000,,0.500000,44,0.497115,0.499778,2249,371
threshold,0.200000,,0.500000,45,0.495879,0.499778,2249,262
threshold,0.200000,,0.500000,46,0.495559,0.499778,2249,1500
threshold,0.200000,,0.500000,47,0.497050,0.499778,2249,304
threshold,0.200000,,0.500000,48,0.496644,0.499778,2249,244
threshold,0.200000,,0.500000,49,0.497591,0.499778,2249,453
threshold,0.200000,,0.550000,0,0.476300,0.549778,2474,316
threshold,0.200000,,0.550000,1,0.474177,0.549778,2474,569
threshold,0.200000,,0.550000,2,0.474307,0.549778,2474,304
threshold,0.200000,,0.550000,3,0.472406,0.549778,2474,523
threshold,0.200000,,0.550000,4,0.473961,0.549778,2474,604
threshold,0.200000,,0.550000,5,0.474442,0.549778,2474,574
threshold,0.200000,,0.550000,6,0.473757,0.549778,2474,745
threshold,0.200000,,0.550000,7,0.473655,0.549778,2474,291
threshold,0.200000,,0.550000,8,0.474600,0.549778,2474,721
threshold,0.200000,,0.550000,9,0.475646,0.549778,2474,293
threshold,0.200000,,0.550000,10,0.474718,0.549778,2474,288
threshold,0.200000,,0.550000,11,0.475809,0.549778,2474,541
threshold,0.200000,,0.550000,12,0.473028,0.549778,2474,487
threshold,0.200000,,0.550000,13,0.474805,0.549778,2474,742
threshold,0.200000,,0.550000,14,0.473704,0.549778,2474,506
threshold,0.200000,,0.550000,15,0.476249,0.549778,2474,671
threshold,0.200000,,0.550000,16,0.475257,0.549778,2474,707
threshold,0.200000,,0.550000,17,0.472914,0.549778,2474,579
threshold,0.200000,,0.550000,18,0.472522,0.549778,2474,729
threshold,0.200000,,0.550000,19,0.475335,0.549778,2474,733
threshold,0.200000,,0.550000,20,0.476334,0.549778,2474,566
threshold,0.200000,,0.550000,21,0.475656,0.549778,2474,413
threshold,0.200000,,0.550000,22,0.473837,0.549778,2474,559
threshold,0.200000,,0.550000,23,0.473648,0.549778,2474,530
threshold,0.200000,,0.550000,24,0.475071,0.549778,2474,498
threshold,0.200000,,0.550000,25,0.474648,0.549778,2474,313
threshold,0.200000,,0.550000,26,0.473739,0.549778,2474,731
threshold,0.200000,,0.550000,27,0.474945,0.549778,2474,528
threshold,0.200000,,0.550000,28,0.474623,0.549778,2474,274
threshold,0.200000,,0.550000,29,0.473600,0.549778,2474,408
threshold,0.200000,,0.550000,30,0.475279,0.549778,2474,406
threshold,0.200000,,0.550000,31,0.475570,0.549778,2474,565
threshold,0.200000,,0.550000,32,0.473255,0.549778,2474,517
threshold,0.200000,,0.550000,33,0.475568,0.549778,2474,380
threshold,0.200000,,0.550000,34,0.473927,0.549778,2474,1210
threshold,0.200000,,0.550000,35,0.475493,0.549778,2474,506
threshold,0.200000,,0.550000,36,0.470606,0.549778,2474,586
threshold,0.200000,,0.550000,37,0.474395,0.549778,2474,298
threshold,0.200000,,0.550000,38,0.472556,0.549778,2474,574
threshold,0.200000,,0.550000,39,0.474806,0.549778,2474,1349
threshold,0.200000,,0.550000,40,0.473961,0.549778,2474,358
threshold,0.200000,,0.550000,41,0.475380,0.549778,2474,294
threshold,0.200000,,0.550000,42,0.474119,0.549778,2474,515
threshold,0.200000,,0.550000,43,0.475645,0.549778,2474,330
threshold,0.200000,,0.550000,44,0.472993,0.549778,2474,495
threshold,0.200000,,0.550000,45,0.472905,0.549778,2474,284
threshold,0.200000,,0.550000,46,0.472540,0.549778,2474,1500
threshold,0.200000,,0.550000,47,0.473718,0.549778,2474,305
threshold,0.200000,,0.550000,48,0.474308,0.549778,2474,567
threshold,0.200000,,0.550000,49,0.474857,0.549778,2474,465
threshold,0.200000,,0.600000,0,0.448861,0.599778,2699,507
threshold,0.200000,,0.600000,1,0.446649,0.599778,2699,721
threshold,0.200000,,0.600000,2,0.446866,0.599778,2699,580
threshold,0.200000,,0.600000,3,0.445832,0.599778,2699,743
threshold,0.200000,,0.600000,4,0.447153,0.599778,2699,682
threshold,0.200000,,0.600000,5,0.447555,0.599778,2699,587
threshold,0.200000,,0.600000,6,0.444576,0.599778,2699,747
threshold,0.200000,,0.600000,7,0.446718,0.599778,2699,609
threshold,0.200000,,0.600000,8,0.447404,0.599778,2699,725
threshold,0.200000,,0.600000,9,0.448446,0.599778,2699,332
threshold,0.200000,,0.600000,10,0.447540,0.599778,2699,385
threshold,0.200000,,0.600000,11,0.447790,0.599778,2699,612
threshold,0.200000,,0.600000,12,0.445986,0.599778,2699,607
threshold,0.200000,,0.600000,13,0.448538,0.599778,2699,747
threshold,0.200000,,0.600000,14,0.446615,0.599778,2699,641
threshold,0.200000,,0.600000,15,0.447571,0.599778,2699,691
threshold,0.200000,,0.600000,16,0.447956,0.599778,2699,715
threshold,0.200000,,0.600000,17,0.445599,0.599778,2699,731
threshold,0.200000,,0.600000,18,0.446221,0.599778,2699,721
threshold,0.200000,,0.600000,19,0.448864,0.599778,2699,734
threshold,0.200000,,0.600000,20,0.448205,0.599778,2699,608
threshold,0.200000,,0.600000,21,0.448415,0.599778,2699,717
threshold,0.200000,,0.600000,22,0.447405,0.599778,2699,578
threshold,0.200000,,0.600000,23,0.447150,0.599778,2699,533
threshold,0.200000,,0.600000,24,0.447712,0.599778,2699,734
threshold,0.200000,,0.600000,25,0.447292,0.599778,2699,534
threshold,0.200000,,0.600000,26,0.445358,0.599778,2699,747
threshold,0.200000,,0.600000,27,0.447357,0.599778,2699,532
threshold,0.200000,,0.600000,28,0.446663,0.599778,2699,725
threshold,0.200000,,0.600000,29,0.446990,0.599778,2699,1314
threshold,0.200000,,0.600000,30,0.447575,0.599778,2699,624
threshold,0.200000,,0.600000,31,0.448472,0.599778,2699,589
threshold,0.200000,,0.600000,32,0.445333,0.599778,2699,699
threshold,0.200000,,0.600000,33,0.447301,0.599778,2699,528
threshold,0.200000,,0.600000,34,0.446554,0.599778,2699,1162
threshold,0.200000,,0.600000,35,0.448104,0.599778,2699,506
threshold,0.200000,,0.600000,36,0.443108,0.599778,2699,980
threshold,0.200000,,0.600000,37,0.446549,0.599778,2699,1285
threshold,0.200000,,0.600000,38,0.445669,0.599778,2699,763
threshold,0.200000,,0.600000,39,0.447592,0.599778,2699,1307
threshold,0.200000,,0.600000,40,0.446329,0.599778,2699,740
threshold,0.200000,,0.600000,41,0.448695,0.599778,2699,335
threshold,0.200000,,0.600000,42,0.446956,0.599778,2699,524
threshold,0.200000,,0.600000,43,0.447822,0.599778,2699,671
threshold,0.200000,,0.600000,44,0.445410,0.599778,2699,513
threshold,0.200000,,0.600000,45,0.446930,0.599778,2699,338
threshold,0.200000,,0.600000,46,0.446304,0.599778,2699,1500
threshold,0.200000,,0.600000,47,0.446413,0.599778,2699,564
threshold,0.200000,,0.600000,48,0.446911,0.599778,2699,572
threshold,0.200000,,0.600000,49,0.448336,0.599778,2699,579
threshold,0.200000,,0.650000,0,0.414924,0.649778,2924,917
threshold,0.200000,,0.650000,1,0.413031,0.649778,2924,739
threshold,0.200000,,0.650000,2,0.412591,0.649778,2924,754
threshold,0.200000,,0.650000,3,0.413173,0.649778,2924,797
threshold,0.200000,,0.650000,4,0.411984,0.649778,2924,844
threshold,0.200000,,0.650000,5,0.414333,0.649778,2924,778
threshold,0.200000,,0.650000,6,0.410706,0.649778,2924,760
threshold,0.200000,,0.650000,7,0.413154,0.649778,2924,631
threshold,0.200000,,0.650000,8,0.414364,0.649778,2924,821
threshold,0.200000,,0.650000,9,0.414509,0.649778,2924,752
threshold,0.200000,,0.650000,10,0.414199,0.649778,2924,764
threshold,0.200000,,0.650000,11,0.413971,0.649778,2924,968
threshold,0.200000,,0.650000,12,0.413865,0.649778,2924,609
threshold,0.200000,,0.650000,13,0.413369,0.649778,2924,1040
threshold,0.200000,,0.650000,14,0.412113,0.649778,2924,1188
threshold,0.200000,,0.650000,15,0.413634,0.649778,2924,1500
threshold,0.200000,,0.650000,16,0.414683,0.649778,2924,719
threshold,0.200000,,0.650000,17,0.412257,0.649778,2924,734
threshold,0.200000,,0.650000,18,0.413254,0.649778,2924,1500
threshold,0.200000,,0.650000,19,0.412826,0.649778,2924,722
threshold,0.200000,,0.650000,20,0.414143,0.649778,2924,1500
threshold,0.200000,,0.650000,21,0.415287,0.649778,2924,732
threshold,0.200000,,0.650000,22,0.413293,0.649778,2924,758
threshold,0.200000,,0.650000,23,0.412399,0.649778,2924,561
threshold,0.200000,,0.650000,24,0.413079,0.649778,2924,736
threshold,0.200000,,0.650000,25,0.413014,0.649778,2924,606
threshold,0.200000,,0.650000,26,0.412587,0.649778,2924,825
threshold,0.200000,,0.650000,27,0.414869,0.649778,2924,1500
threshold,0.200000,,0.650000,28,0.412717,0.649778,2924,903
threshold,0.200000,,0.650000,29,0.413555,0.649778,2924,934
threshold,0.200000,,0.650000,30,0.413974,0.649778,2924,732
threshold,0.200000,,0.650000,31,0.413570,0.649778,2924,683
threshold,0.200000,,0.650000,32,0.412925,0.649778,2924,711
threshold,0.200000,,0.650000,33,0.413091,0.649778,2924,620
threshold,0.200000,,0.650000,34,0.413947,0.649778,2924,1145
threshold,0.200000,,0.650000,35,0.412914,0.649778,2924,1149
threshold,0.200000,,0.650000,36,0.412233,0.649778,2924,927
threshold,0.200000,,0.650000,37,0.412991,0.649778,2924,1200
threshold,0.200000,,0.650000,38,0.413329,0.649778,2924,776
threshold,0.200000,,0.650000,39,0.413053,0.649778,2924,1224
threshold,0.200000,,0.650000,40,0.412693,0.649778,2924,822
threshold,0.200000,,0.650000,41,0.414796,0.649778,2924,617
threshold,0.200000,,0.650000,42,0.413684,0.649778,2924,603
threshold,0.200000,,0.650000,43,0.412797,0.649778,2924,686
threshold,0.200000,,0.650000,44,0.411820,0.649778,2924,1269
threshold,0.200000,,0.650000,45,0.413984,0.649778,2924,773
threshold,0.200000,,0.650000,46,0.413564,0.649778,2924,1500
threshold,0.200000,,0.650000,47,0.413229,0.649778,2924,573
threshold,0.200000,,0.650000,48,0.413117,0.649778,2924,732
threshold,0.200000,,0.650000,49,0.414702,0.649778,2924,590
threshold,0.200000,,0.700000,0,0.372179,0.700000,3150,883
threshold,0.200000,,0.700000,1,0.369407,0.700000,3150,952
threshold,0.200000,,0.700000,2,0.369311,0.700000,3150,784
threshold,0.200000,,0.700000,3,0.370674,0.700000,3150,862
threshold,0.200000,,0.700000,4,0.369404,0.700000,3150,1006
threshold,0.200000,,0.700000,5,0.371543,0.700000,3150,1051
threshold,0.200000,,0.700000,6,0.367797,0.700000,3150,1500
threshold,0.200000,,0.700000,7,0.369344,0.700000,3150,797
threshold,0.200000,,0.700000,8,0.370743,0.700000,3150,1500
threshold,0.200000,,0.700000,9,0.371273,0.700000,3150,692
threshold,0.200000,,0.700000,10,0.371547,0.700000,3150,1500
threshold,0.200000,,0.700000,11,0.370662,0.700000,3150,1104
threshold,0.200000,,0.700000,12,0.371143,0.700000,3150,1500
threshold,0.200000,,0.700000,13,0.370499,0.700000,3150,835
threshold,0.200000,,0.700000,14,0.369933,0.700000,3150,1133
threshold,0.200000,,0.700000,15,0.369321,0.700000,3150,1500
threshold,0.200000,,0.700000,16,0.370967,0.700000,3150,1259
threshold,0.200000,,0.700000,17,0.370143,0.700000,3150,961
threshold,0.200000,,0.700000,18,0.369456,0.700000,3150,1500
threshold,0.200000,,0.700000,19,0.368455,0.700000,3150,945
threshold,0.200000,,0.700000,20,0.370773,0.700000,3150,1260
threshold,0.200000,,0.700000,21,0.372301,0.700000,3150,937
threshold,0.200000,,0.700000,22,0.369454,0.700000,3150,1500
threshold,0.200000,,0.700000,23,0.369791,0.700000,3150,871
threshold,0.200000,,0.700000,24,0.370582,0.700000,3150,794
threshold,0.200000,,0.700000,25,0.369099,0.700000,3150,1500
threshold,0.200000,,0.700000,26,0.369251,0.700000,3150,1128
threshold,0.200000,,0.700000,27,0.371698,0.700000,3150,1500
threshold,0.200000,,0.700000,28,0.370860,0.700000,3150,1500
threshold,0.200000,,0.700000,29,0.370743,0.700000,3150,916
threshold,0.200000,,0.700000,30,0.371277,0.700000,3150,755
threshold,0.200000,,0.700000,31,0.370496,0.700000,3150,993
threshold,0.200000,,0.700000,32,0.369773,0.700000,3150,1031
threshold,0.200000,,0.700000,33,0.371740,0.700000,3150,931
threshold,0.200000,,0.700000,34,0.371982,0.700000,3150,1025
threshold,0.200000,,0.700000,35,0.367933,0.700000,3150,1500
threshold,0.200000,,0.700000,36,0.369337,0.700000,3150,1500
threshold,0.200000,,0.700000,37,0.371208,0.700000,3150,1061
threshold,0.200000,,0.700000,38,0.371036,0.700000,3150,1500
threshold,0.200000,,0.700000,39,0.370679,0.700000,3150,1163
threshold,0.200000,,0.700000,40,0.370074,0.700000,3150,875
threshold,0.200000,,0.700000,41,0.372216,0.700000,3150,832
threshold,0.200000,,0.700000,42,0.370972,0.700000,3150,824
threshold,0.200000,,0.700000,43,0.369541,0.700000,3150,960
threshold,0.200000,,0.700000,44,0.369725,0.700000,3150,1500
threshold,0.200000,,0.700000,45,0.371394,0.700000,3150,782
threshold,0.200000,,0.700000,46,0.370213,0.700000,3150,1475
threshold,0.200000,,0.700000,47,0.371042,0.700000,3150,1500
threshold,0.200000,,0.700000,48,0.370818,0.700000,3150,957
threshold,0.200000,,0.700000,49,0.372802,0.700000,3150,871
threshold,0.200000,,0.750000,0,0.316683,0.750000,3375,1423
threshold,0.200000,,0.750000,1,0.318698,0.750000,3375,1500
threshold,0.200000,,0.750000,2,0.319824,0.750000,3375,1500
threshold,0.200000,,0.750000,3,0.318222,0.750000,3375,1500
threshold,0.200000,,0.750000,4,0.316211,0.750000,3375,1500
threshold,0.200000,,0.750000,5,0.319963,0.750000,3375,1360
threshold,0.200000,,0.750000,6,0.317682,0.750000,3375,1092
threshold,0.200000,,0.750000,7,0.318225,0.750000,3375,1500
threshold,0.200000,,0.750000,8,0.319133,0.750000,3375,1500
threshold,0.200000,,0.750000,9,0.320290,0.750000,3375,1427
threshold,0.200000,,0.750000,10,0.319533,0.750000,3375,1500
threshold,0.200000,,0.750000,11,0.318702,0.750000,3375,1500
threshold,0.200000,,0.750000,12,0.318807,0.750000,3375,1500
threshold,0.200000,,0.750000,13,0.319248,0.750000,3375,1500
threshold,0.200000,,0.750000,14,0.317606,0.750000,3375,1500
threshold,0.200000,,0.750000,15,0.316098,0.750000,3375,1500
threshold,0.200000,,0.750000,16,0.317253,0.750000,3375,1500
threshold,0.200000,,0.750000,17,0.317361,0.750000,3375,1500
threshold,0.200000,,0.750000,18,0.318899,0.750000,3375,1500
threshold,0.200000,,0.750000,19,0.318383,0.750000,3375,1500
threshold,0.200000,,0.750000,20,0.318904,0.750000,3375,1500
threshold,0.200000,,0.750000,21,0.318387,0.750000,3375,1457
threshold,0.200000,,0.750000,22,0.319130,0.750000,3375,1500
threshold,0.200000,,0.750000,23,0.318094,0.750000,3375,1500
threshold,0.200000,,0.750000,24,0.320151,0.750000,3375,1090
threshold,0.200000,,0.750000,25,0.317648,0.750000,3375,1500
threshold,0.200000,,0.750000,26,0.319755,0.750000,3375,1500
threshold,0.200000,,0.750000,27,0.319259,0.750000,3375,1061
threshold,0.200000,,0.750000,28,0.317082,0.750000,3375,1500
threshold,0.200000,,0.750000,29,0.318933,0.750000,3375,1500
threshold,0.200000,,0.750000,30,0.318581,0.750000,3375,1500
threshold,0.200000,,0.750000,31,0.317406,0.750000,3375,1500
threshold,0.200000,,0.750000,32,0.315825,0.750000,3375,1500
threshold,0.200000,,0.750000,33,0.317869,0.750000,3375,1500
threshold,0.200000,,0.750000,34,0.319890,0.750000,3375,1500
threshold,0.200000,,0.750000,35,0.316625,0.750000,3375,1500
threshold,0.200000,,0.750000,36,0.318418,0.750000,3375,1500
threshold,0.200000,,0.750000,37,0.320062,0.750000,3375,1480
threshold,0.200000,,0.750000,38,0.318871,0.750000,3375,1500
threshold,0.200000,,0.750000,39,0.319183,0.750000,3375,1500
threshold,0.200000,,0.750000,40,0.317882,0.750000,3375,1500
threshold,0.200000,,0.750000,41,0.316965,0.750000,3375,1500
threshold,0.200000,,0.750000,42,0.318344,0.750000,3375,1500
threshold,0.200000,,0.750000,43,0.315342,0.750000,3375,1500
threshold,0.200000,,0.750000,44,0.315493,0.750000,3375,1500
threshold,0.200000,,0.750000,45,0.321473,0.750000,3375,1094
threshold,0.200000,,0.750000,46,0.316720,0.750000,3375,1500
threshold,0.200000,,0.750000,47,0.321171,0.750000,3375,1500
threshold,0.200000,,0.750000,48,0.319738,0.750000,3375,1500
threshold,0.200000,,0.750000,49,0.321695,0.750000,3375,1500
threshold,0.200000,,0.755000,0,0.309643,0.754889,3397,1500
threshold,0.200000,,0.755000,1,0.311061,0.754889,3397,1500
threshold,0.200000,,0.755000,2,0.314105,0.754889,3397,1500
threshold,0.200000,,0.755000,3,0.312816,0.754889,3397,1500
threshold,0.200000,,0.755000,4,0.309548,0.754889,3397,1500
threshold,0.200000,,0.755000,5,0.314341,0.754889,3397,1319
threshold,0.200000,,0.755000,6,0.312247,0.754889,3397,969
threshold,0.200000,,0.755000,7,0.311479,0.754889,3397,1500
threshold,0.200000,,0.755000,8,0.312609,0.754889,3397,1500
threshold,0.200000,,0.755000,9,0.314258,0.754889,3397,1500
threshold,0.200000,,0.755000,10,0.312451,0.754889,3397,1500
threshold,0.200000,,0.755000,11,0.312614,0.754889,3397,1500
threshold,0.200000,,0.755000,12,0.312798,0.754889,3397,1500
threshold,0.200000,,0.755000,13,0.312353,0.754889,3397,1500
threshold,0.200000,,0.755000,14,0.311508,0.754889,3397,1329
threshold,0.200000,,0.755000,15,0.310109,0.754889,3397,1500
threshold,0.200000,,0.755000,16,0.311229,0.754889,3397,1500
threshold,0.200000,,0.755000,17,0.311528,0.754889,3397,1500
threshold,0.200000,,0.755000,18,0.313199,0.754889,3397,1500
threshold,0.200000,,0.755000,19,0.312507,0.754889,3397,1500
threshold,0.200000,,0.755000,20,0.313090,0.754889,3397,1500
threshold,0.200000,,0.755000,21,0.312058,0.754889,3397,1500
threshold,0.200000,,0.755000,22,0.312979,0.754889,3397,1500
threshold,0.200000,,0.755000,23,0.313368,0.754889,3397,1500
threshold,0.200000,,0.755000,24,0.313893,0.754889,3397,1229
threshold,0.200000,,0.755000,25,0.312523,0.754889,3397,1500
threshold,0.200000,,0.755000,26,0.313924,0.754889,3397,1500
threshold,0.200000,,0.755000,27,0.314120,0.754889,3397,1500
threshold,0.200000,,0.755000,28,0.311520,0.754889,3397,1500
threshold,0.200000,,0.755000,29,0.312977,0.754889,3397,1500
threshold,0.200000,,0.755000,30,0.312900,0.754889,3397,1500
threshold,0.200000,,0.755000,31,0.310816,0.754889,3397,1500
threshold,0.200000,,0.755000,32,0.308784,0.754889,3397,1500
threshold,0.200000,,0.755000,33,0.312459,0.754889,3397,1500
threshold,0.200000,,0.755000,34,0.314103,0.754889,3397,1500
threshold,0.200000,,0.755000,35,0.310705,0.754889,3397,1500
threshold,0.200000,,0.755000,36,0.312829,0.754889,3397,1500
threshold,0.200000,,0.755000,37,0.314125,0.754889,3397,1500
threshold,0.200000,,0.755000,38,0.313037,0.754889,3397,1500
threshold,0.200000,,0.755000,39,0.312908,0.754889,3397,1500
threshold,0.200000,,0.755000,40,0.312866,0.754889,3397,1500
threshold,0.200000,,0.755000,41,0.311454,0.754889,3397,1500
threshold,0.200000,,0.755000,42,0.312846,0.754889,3397,1500
threshold,0.200000,,0.755000,43,0.308752,0.754889,3397,1500
threshold,0.200000,,0.755000,44,0.309787,0.754889,3397,1500
threshold,0.200000,,0.755000,45,0.315588,0.754889,3397,1500
threshold,0.200000,,0.755000,46,0.310889,0.754889,3397,1500
threshold,0.200000,,0.755000,47,0.314385,0.754889,3397,1500
threshold,0.200000,,0.755000,48,0.314320,0.754889,3397,1500
threshold,0.200000,,0.755000,49,0.315654,0.754889,3397,1500
threshold,0.200000,,0.760000,0,0.302938,0.760000,3420,1500
threshold,0.200000,,0.760000,1,0.304907,0.760000,3420,1500
threshold,0.200000,,0.760000,2,0.308025,0.760000,3420,1500
threshold,0.200000,,0.760000,3,0.306055,0.760000,3420,1500
threshold,0.200000,,0.760000,4,0.302764,0.760000,3420,1500
threshold,0.200000,,0.760000,5,0.307763,0.760000,3420,1500
threshold,0.200000,,0.760000,6,0.306651,0.760000,3420,1176
threshold,0.200000,,0.760000,7,0.305347,0.760000,3420,1500
threshold,0.200000,,0.760000,8,0.305724,0.760000,3420,1500
threshold,0.200000,,0.760000,9,0.308446,0.760000,3420,1500
threshold,0.200000,,0.760000,10,0.305701,0.760000,3420,1500
threshold,0.200000,,0.760000,11,0.305996,0.760000,3420,1500
threshold,0.200000,,0.760000,12,0.306704,0.760000,3420,1500
threshold,0.200000,,0.760000,13,0.304797,0.760000,3420,1500
threshold,0.200000,,0.760000,14,0.305008,0.760000,3420,1500
threshold,0.200000,,0.760000,15,0.303795,0.760000,3420,1500
threshold,0.200000,,0.760000,16,0.304488,0.760000,3420,1500
threshold,0.200000,,0.760000,17,0.304595,0.760000,3420,1500
threshold,0.200000,,0.760000,18,0.306662,0.760000,3420,1500
threshold,0.200000,,0.760000,19,0.306429,0.760000,3420,1500
threshold,0.200000,,0.760000,20,0.306552,0.760000,3420,1500
threshold,0.200000,,0.760000,21,0.304740,0.760000,3420,1500
threshold,0.200000,,0.760000,22,0.306421,0.760000,3420,1500
threshold,0.200000,,0.760000,23,0.307293,0.760000,3420,1187
threshold,0.200000,,0.760000,24,0.307774,0.760000,3420,1500
threshold,0.200000,,0.760000,25,0.306160,0.760000,3420,1500
threshold,0.200000,,0.760000,26,0.306750,0.760000,3420,1500
threshold,0.200000,,0.760000,27,0.305630,0.760000,3420,1500
threshold,0.200000,,0.760000,28,0.305463,0.760000,3420,1500
threshold,0.200000,,0.760000,29,0.306404,0.760000,3420,1500
threshold,0.200000,,0.760000,30,0.306166,0.760000,3420,1500
threshold,0.200000,,0.760000,31,0.303504,0.760000,3420,1500
threshold,0.200000,,0.760000,32,0.302450,0.760000,3420,1500
threshold,0.200000,,0.760000,33,0.305904,0.760000,3420,1500
threshold,0.200000,,0.760000,34,0.307522,0.760000,3420,1500
threshold,0.200000,,0.760000,35,0.304074,0.760000,3420,1500
threshold,0.200000,,0.760000,36,0.307021,0.760000,3420,1500
threshold,0.200000,,0.760000,37,0.307187,0.760000,3420,1500
threshold,0.200000,,0.760000,38,0.306667,0.760000,3420,1500
threshold,0.200000,,0.760000,39,0.306070,0.760000,3420,1500
threshold,0.200000,,0.760000,40,0.306422,0.760000,3420,1500
threshold,0.200000,,0.760000,41,0.304822,0.760000,3420,1500
threshold,0.200000,,0.760000,42,0.306652,0.760000,3420,1500
threshold,0.200000,,0.760000,43,0.302500,0.760000,3420,1500
threshold,0.200000,,0.760000,44,0.304083,0.760000,3420,1500
threshold,0.200000,,0.760000,45,0.308487,0.760000,3420,1500
threshold,0.200000,,0.760000,46,0.304532,0.760000,3420,1500
threshold,0.200000,,0.760000,47,0.308212,0.760000,3420,1500
threshold,0.200000,,0.760000,48,0.308420,0.760000,3420,1445
threshold,0.200000,,0.760000,49,0.309014,0.760000,3420,1500
threshold,0.200000,,0.765000,0,0.296216,0.764889,3442,1500
threshold,0.200000,,0.765000,1,0.299110,0.764889,3442,1500
threshold,0.200000,,0.765000,2,0.300887,0.764889,3442,1500
threshold,0.200000,,0.765000,3,0.299999,0.764889,3442,1500
threshold,0.200000,,0.765000,4,0.296552,0.764889,3442,1500
threshold,0.200000,,0.765000,5,0.300320,0.764889,3442,1500
threshold,0.200000,,0.765000,6,0.300775,0.764889,3442,1395
threshold,0.200000,,0.765000,7,0.298979,0.764889,3442,1500
threshold,0.200000,,0.765000,8,0.300502,0.764889,3442,1500
threshold,0.200000,,0.765000,9,0.302286,0.764889,3442,1500
threshold,0.200000,,0.765000,10,0.298717,0.764889,3442,1500
threshold,0.200000,,0.765000,11,0.299579,0.764889,3442,1500
threshold,0.200000,,0.765000,12,0.300616,0.764889,3442,1500
threshold,0.200000,,0.765000,13,0.297760,0.764889,3442,1500
threshold,0.200000,,0.765000,14,0.298062,0.764889,3442,1500
threshold,0.200000,,0.765000,15,0.296792,0.764889,3442,1500
threshold,0.200000,,0.765000,16,0.298168,0.764889,3442,1500
threshold,0.200000,,0.765000,17,0.296685,0.764889,3442,1500
threshold,0.200000,,0.765000,18,0.300625,0.764889,3442,1500
threshold,0.200000,,0.765000,19,0.300641,0.764889,3442,1500
threshold,0.200000,,0.765000,20,0.300148,0.764889,3442,1500
threshold,0.200000,,0.765000,21,0.298746,0.764889,3442,1500
threshold,0.200000,,0.765000,22,0.300707,0.764889,3442,1500
threshold,0.200000,,0.765000,23,0.301267,0.764889,3442,1500
threshold,0.200000,,0.765000,24,0.301582,0.764889,3442,1500
threshold,0.200000,,0.765000,25,0.299890,0.764889,3442,1500
threshold,0.200000,,0.765000,26,0.300647,0.764889,3442,1500
threshold,0.200000,,0.765000,27,0.298251,0.764889,3442,1500
threshold,0.200000,,0.765000,28,0.299292,0.764889,3442,1500
threshold,0.200000,,0.765000,29,0.299589,0.764889,3442,1500
threshold,0.200000,,0.765000,30,0.299851,0.764889,3442,1500
threshold,0.200000,,0.765000,31,0.296831,0.764889,3442,1500
threshold,0.200000,,0.765000,32,0.296064,0.764889,3442,1500
threshold,0.200000,,0.765000,33,0.300437,0.764889,3442,1500
threshold,0.200000,,0.765000,34,0.301362,0.764889,3442,1500
threshold,0.200000,,0.765000,35,0.298855,0.764889,3442,1500
threshold,0.200000,,0.765000,36,0.301076,0.764889,3442,1500
threshold,0.200000,,0.765000,37,0.299678,0.764889,3442,1500
threshold,0.200000,,0.765000,38,0.299949,0.764889,3442,1500
threshold,0.200000,,0.765000,39,0.299769,0.764889,3442,1500
threshold,0.200000,,0.765000,40,0.301582,0.764889,3442,1500
threshold,0.200000,,0.765000,41,0.298306,0.764889,3442,1500
threshold,0.200000,,0.765000,42,0.300233,0.764889,3442,1500
threshold,0.200000,,0.765000,43,0.296609,0.764889,3442,1500
threshold,0.200000,,0.765000,44,0.298186,0.764889,3442,1500
threshold,0.200000,,0.765000,45,0.302549,0.764889,3442,1500
threshold,0.200000,,0.765000,46,0.299208,0.764889,3442,1500
threshold,0.200000,,0.765000,47,0.302258,0.764889,3442,1500
threshold,0.200000,,0.765000,48,0.301673,0.764889,3442,1500
threshold,0.200000,,0.765000,49,0.302724,0.764889,3442,1500
threshold,0.200000,,0.770000,0,0.290070,0.770000,3465,1500
threshold,0.200000,,0.770000,1,0.290935,0.770000,3465,1500
threshold,0.200000,,0.770000,2,0.294623,0.770000,3465,1500
threshold,0.200000,,0.770000,3,0.293352,0.770000,3465,1500
threshold,0.200000,,0.770000,4,0.290047,0.770000,3465,1500
threshold,0.200000,,0.770000,5,0.293504,0.770000,3465,1500
threshold,0.200000,,0.770000,6,0.294185,0.770000,3465,1500
threshold,0.200000,,0.770000,7,0.292136,0.770000,3465,1500
threshold,0.200000,,0.770000,8,0.294375,0.770000,3465,1500
threshold,0.200000,,0.770000,9,0.295139,0.770000,3465,1500
threshold,0.200000,,0.770000,10,0.290814,0.770000,3465,1500
threshold,0.200000,,0.770000,11,0.293203,0.770000,3465,1500
threshold,0.200000,,0.770000,12,0.293433,0.770000,3465,1500
threshold,0.200000,,0.770000,13,0.290464,0.770000,3465,1500
threshold,0.200000,,0.770000,14,0.291313,0.770000,3465,1500
threshold,0.200000,,0.770000,15,0.290139,0.770000,3465,1500
threshold,0.200000,,0.770000,16,0.290660,0.770000,3465,1500
threshold,0.200000,,0.770000,17,0.290452,0.770000,3465,1500
threshold,0.200000,,0.770000,18,0.292875,0.770000,3465,1500
threshold,0.200000,,0.770000,19,0.293772,0.770000,3465,1500
threshold,0.200000,,0.770000,20,0.292915,0.770000,3465,1500
threshold,0.200000,,0.770000,21,0.292432,0.770000,3465,1500
threshold,0.200000,,0.770000,22,0.293504,0.770000,3465,1500
threshold,0.200000,,0.770000,23,0.294664,0.770000,3465,1500
threshold,0.200000,,0.770000,24,0.294471,0.770000,3465,1500
threshold,0.200000,,0.770000,25,0.293268,0.770000,3465,1500
threshold,0.200000,,0.770000,26,0.294042,0.770000,3465,1500
threshold,0.200000,,0.770000,27,0.291534,0.770000,3465,1500
threshold,0.200000,,0.770000,28,0.292707,0.770000,3465,1500
threshold,0.200000,,0.770000,29,0.291857,0.770000,3465,1500
threshold,0.200000,,0.770000,30,0.291971,0.770000,3465,1500
threshold,0.200000,,0.770000,31,0.289793,0.770000,3465,1500
threshold,0.200000,,0.770000,32,0.289962,0.770000,3465,1500
threshold,0.200000,,0.770000,33,0.293056,0.770000,3465,1500
threshold,0.200000,,0.770000,34,0.293909,0.770000,3465,1500
threshold,0.200000,,0.770000,35,0.291753,0.770000,3465,1500
threshold,0.200000,,0.770000,36,0.294683,0.770000,3465,1500
threshold,0.200000,,0.770000,37,0.293705,0.770000,3465,1500
threshold,0.200000,,0.770000,38,0.293838,0.770000,3465,1500
threshold,0.200000,,0.770000,39,0.293306,0.770000,3465,1500
threshold,0.200000,,0.770000,40,0.295326,0.770000,3465,1500
threshold,0.200000,,0.770000,41,0.291918,0.770000,3465,1500
threshold,0.200000,,0.770000,42,0.292929,0.770000,3465,1500
threshold,0.200000,,0.770000,43,0.288024,0.770000,3465,1500
threshold,0.200000,,0.770000,44,0.291919,0.770000,3465,1500
threshold,0.200000,,0.770000,45,0.295283,0.770000,3465,1500
threshold,0.200000,,0.770000,46,0.290784,0.770000,3465,1500
threshold,0.200000,,0.770000,47,0.294661,0.770000,3465,1500
threshold,0.200000,,0.770000,48,0.294264,0.770000,3465,1500
threshold,0.200000,,0.770000,49,0.295953,0.770000,3465,1500
threshold,0.200000,,0.775000,0,0.282357,0.774889,3487,1500
threshold,0.200000,,0.775000,1,0.284225,0.774889,3487,1500
threshold,0.200000,,0.775000,2,0.287783,0.774889,3487,1500
threshold,0.200000,,0.775000,3,0.285863,0.774889,3487,1500
threshold,0.200000,,0.775000,4,0.282887,0.774889,3487,1500
threshold,0.200000,,0.775000,5,0.285756,0.774889,3487,1500
threshold,0.200000,,0.775000,6,0.286465,0.774889,3487,1500
threshold,0.200000,,0.775000,7,0.285843,0.774889,3487,1500
threshold,0.200000,,0.775000,8,0.287853,0.774889,3487,1500
threshold,0.200000,,0.775000,9,0.288241,0.774889,3487,1500
threshold,0.200000,,0.775000,10,0.283385,0.774889,3487,1500
threshold,0.200000,,0.775000,11,0.286375,0.774889,3487,1500
threshold,0.200000,,0.775000,12,0.285849,0.774889,3487,1500
threshold,0.200000,,0.775000,13,0.283444,0.774889,3487,1500
threshold,0.200000,,0.775000,14,0.285291,0.774889,3487,1500
threshold,0.200000,,0.775000,15,0.283211,0.774889,3487,1500
threshold,0.200000,,0.775000,16,0.284652,0.774889,3487,1500
threshold,0.200000,,0.775000,17,0.283422,0.774889,3487,1500
threshold,0.200000,,0.775000,18,0.285326,0.774889,3487,1500
threshold,0.200000,,0.775000,19,0.287821,0.774889,3487,1500
threshold,0.200000,,0.775000,20,0.285418,0.774889,3487,1500
threshold,0.200000,,0.775000,21,0.284971,0.774889,3487,1500
threshold,0.200000,,0.775000,22,0.287131,0.774889,3487,1500
threshold,0.200000,,0.775000,23,0.288068,0.774889,3487,1500
threshold,0.200000,,0.775000,24,0.287185,0.774889,3487,1500
threshold,0.200000,,0.775000,25,0.286305,0.774889,3487,1500
threshold,0.200000,,0.775000,26,0.287915,0.774889,3487,1500
threshold,0.200000,,0.775000,27,0.284544,0.774889,3487,1500
threshold,0.200000,,0.775000,28,0.285323,0.774889,3487,1500
threshold,0.200000,,0.775000,29,0.284445,0.774889,3487,1500
threshold,0.200000,,0.775000,30,0.283998,0.774889,3487,1500
threshold,0.200000,,0.775000,31,0.282705,0.774889,3487,1500
threshold,0.200000,,0.775000,32,0.283036,0.774889,3487,1500
threshold,0.200000,,0.775000,33,0.286133,0.774889,3487,1500
threshold,0.200000,,0.775000,34,0.286508,0.774889,3487,1500
threshold,0.200000,,0.775000,35,0.284569,0.774889,3487,1500
threshold,0.200000,,0.775000,36,0.288753,0.774889,3487,1500
threshold,0.200000,,0.775000,37,0.285902,0.774889,3487,1500
threshold,0.200000,,0.775000,38,0.286678,0.774889,3487,1500
threshold,0.200000,,0.775000,39,0.285938,0.774889,3487,1500
threshold,0.200000,,0.775000,40,0.287224,0.774889,3487,1500
threshold,0.200000,,0.775000,41,0.285011,0.774889,3487,1500
threshold,0.200000,,0.775000,42,0.286119,0.774889,3487,1500
threshold,0.200000,,0.775000,43,0.281286,0.774889,3487,1500
threshold,0.200000,,0.775000,44,0.284905,0.774889,3487,1500
threshold,0.200000,,0.775000,45,0.288480,0.774889,3487,1500
threshold,0.200000,,0.775000,46,0.284696,0.774889,3487,1500
threshold,0.200000,,0.775000,47,0.287845,0.774889,3487,1500
threshold,0.200000,,0.775000,48,0.287947,0.774889,3487,1500
threshold,0.200000,,0.775000,49,0.289404,0.774889,3487,1500
threshold,0.200000,,0.780000,0,0.275070,0.780000,3510,1500
threshold,0.200000,,0.780000,1,0.276618,0.780000,3510,1500
threshold,0.200000,,0.780000,2,0.279402,0.780000,3510,1500
threshold,0.200000,,0.780000,3,0.278713,0.780000,3510,1500
threshold,0.200000,,0.780000,4,0.275823,0.780000,3510,1500
threshold,0.200000,,0.780000,5,0.277445,0.780000,3510,1500
threshold,0.200000,,0.780000,6,0.278315,0.780000,3510,1500
threshold,0.200000,,0.780000,7,0.278360,0.780000,3510,1500
threshold,0.200000,,0.780000,8,0.280120,0.780000,3510,1500
threshold,0.200000,,0.780000,9,0.281192,0.780000,3510,1500
threshold,0.200000,,0.780000,10,0.275849,0.780000,3510,1500
threshold,0.200000,,0.780000,11,0.278931,0.780000,3510,1500
threshold,0.200000,,0.780000,12,0.277986,0.780000,3510,1500
threshold,0.200000,,0.780000,13,0.275955,0.780000,3510,1500
threshold,0.200000,,0.780000,14,0.278092,0.780000,3510,1500
threshold,0.200000,,0.780000,15,0.273195,0.780000,3510,1500
threshold,0.200000,,0.780000,16,0.274687,0.780000,3510,1500
threshold,0.200000,,0.780000,17,0.272932,0.780000,3510,1500
threshold,0.200000,,0.780000,18,0.277209,0.780000,3510,1500
threshold,0.200000,,0.780000,19,0.279971,0.780000,3510,1500
threshold,0.200000,,0.780000,20,0.278847,0.780000,3510,1500
threshold,0.200000,,0.780000,21,0.277633,0.780000,3510,1500
threshold,0.200000,,0.780000,22,0.279555,0.780000,3510,1500
threshold,0.200000,,0.780000,23,0.280958,0.780000,3510,1500
threshold,0.200000,,0.780000,24,0.278883,0.780000,3510,1500
threshold,0.200000,,0.780000,25,0.279995,0.780000,3510,1500
threshold,0.200000,,0.780000,26,0.280218,0.780000,3510,1500
threshold,0.200000,,0.780000,27,0.277671,0.780000,3510,1500
threshold,0.200000,,0.780000,28,0.278696,0.780000,3510,1500
threshold,0.200000,,0.780000,29,0.277472,0.780000,3510,1500
threshold,0.200000,,0.780000,30,0.276552,0.780000,3510,1500
threshold,0.200000,,0.780000,31,0.275459,0.780000,3510,1500
threshold,0.200000,,0.780000,32,0.275969,0.780000,3510,1500
threshold,0.200000,,0.780000,33,0.278844,0.780000,3510,1500
threshold,0.200000,,0.780000,34,0.278692,0.780000,3510,1500
threshold,0.200000,,0.780000,35,0.276541,0.780000,3510,1500
threshold,0.200000,,0.780000,36,0.281998,0.780000,3510,1500
threshold,0.200000,,0.780000,37,0.278143,0.780000,3510,1500
threshold,0.200000,,0.780000,38,0.279464,0.780000,3510,1500
threshold,0.200000,,0.780000,39,0.279636,0.780000,3510,1500
threshold,0.200000,,0.780000,40,0.278450,0.780000,3510,1500
threshold,0.200000,,0.780000,41,0.276809,0.780000,3510,1500
threshold,0.200000,,0.780000,42,0.279382,0.780000,3510,1500
threshold,0.200000,,0.780000,43,0.273208,0.780000,3510,1500
threshold,0.200000,,0.780000,44,0.277646,0.780000,3510,1500
threshold,0.200000,,0.780000,45,0.281165,0.780000,3510,1500
threshold,0.200000,,0.780000,46,0.278144,0.780000,3510,1500
threshold,0.200000,,0.780000,47,0.280369,0.780000,3510,1500
threshold,0.200000,,0.780000,48,0.280568,0.780000,3510,1500
threshold,0.200000,,0.780000,49,0.281231,0.780000,3510,1500
threshold,0.200000,,0.785000,0,0.267044,0.784889,3532,1500
threshold,0.200000,,0.785000,1,0.268722,0.784889,3532,1500
threshold,0.200000,,0.785000,2,0.272821,0.784889,3532,1500
threshold,0.200000,,0.785000,3,0.271366,0.784889,3532,1500
threshold,0.200000,,0.785000,4,0.268611,0.784889,3532,1500
threshold,0.200000,,0.785000,5,0.270050,0.784889,3532,1500
threshold,0.200000,,0.785000,6,0.272030,0.784889,3532,1500
threshold,0.200000,,0.785000,7,0.270269,0.784889,3532,1500
threshold,0.200000,,0.785000,8,0.272873,0.784889,3532,1500
threshold,0.200000,,0.785000,9,0.273800,0.784889,3532,1500
threshold,0.200000,,0.785000,10,0.267333,0.784889,3532,1500
threshold,0.200000,,0.785000,11,0.272551,0.784889,3532,1500
threshold,0.200000,,0.785000,12,0.270656,0.784889,3532,1500
threshold,0.200000,,0.785000,13,0.268299,0.784889,3532,1500
threshold,0.200000,,0.785000,14,0.270949,0.784889,3532,1488
threshold,0.200000,,0.785000,15,0.266680,0.784889,3532,1500
threshold,0.200000,,0.785000,16,0.267583,0.784889,3532,1500
threshold,0.200000,,0.785000,17,0.264346,0.784889,3532,1500
threshold,0.200000,,0.785000,18,0.268823,0.784889,3532,1500
threshold,0.200000,,0.785000,19,0.273550,0.784889,3532,1452
threshold,0.200000,,0.785000,20,0.271950,0.784889,3532,1500
threshold,0.200000,,0.785000,21,0.269857,0.784889,3532,1500
threshold,0.200000,,0.785000,22,0.273232,0.784889,3532,1500
threshold,0.200000,,0.785000,23,0.274170,0.784889,3532,1500
threshold,0.200000,,0.785000,24,0.271443,0.784889,3532,1500
threshold,0.200000,,0.785000,25,0.273479,0.784889,3532,1500
threshold,0.200000,,0.785000,26,0.271565,0.784889,3532,1500
threshold,0.200000,,0.785000,27,0.272040,0.784889,3532,1500
threshold,0.200000,,0.785000,28,0.271241,0.784889,3532,1500
threshold,0.200000,,0.785000,29,0.268669,0.784889,3532,1500
threshold,0.200000,,0.785000,30,0.268272,0.784889,3532,1500
threshold,0.200000,,0.785000,31,0.267976,0.784889,3532,1500
threshold,0.200000,,0.785000,32,0.269038,0.784889,3532,1500
threshold,0.200000,,0.785000,33,0.272192,0.784889,3532,1500
threshold,0.200000,,0.785000,34,0.270196,0.784889,3532,1500
threshold,0.200000,,0.785000,35,0.269416,0.784889,3532,1500
threshold,0.200000,,0.785000,36,0.275109,0.784889,3532,1500
threshold,0.200000,,0.785000,37,0.270057,0.784889,3532,1500
threshold,0.200000,,0.785000,38,0.271487,0.784889,3532,1500
threshold,0.200000,,0.785000,39,0.272439,0.784889,3532,1500
threshold,0.200000,,0.785000,40,0.270700,0.784889,3532,1500
threshold,0.200000,,0.785000,41,0.269431,0.784889,3532,1500
threshold,0.200000,,0.785000,42,0.272504,0.784889,3532,1500
threshold,0.200000,,0.785000,43,0.265353,0.784889,3532,1500
threshold,0.200000,,0.785000,44,0.270075,0.784889,3532,1500
threshold,0.200000,,0.785000,45,0.273687,0.784889,3532,1500
threshold,0.200000,,0.785000,46,0.270603,0.784889,3532,1500
threshold,0.200000,,0.785000,47,0.272682,0.784889,3532,1500
threshold,0.200000,,0.785000,48,0.272836,0.784889,3532,1500
threshold,0.200000,,0.785000,49,0.272875,0.784889,3532,1500
threshold,0.200000,,0.790000,0,0.258498,0.790000,3555,1500
threshold,0.200000,,0.790000,1,0.260073,0.790000,3555,1500
threshold,0.200000,,0.790000,2,0.264274,0.790000,3555,1500
threshold,0.200000,,0.790000,3,0.263285,0.790000,3555,1500
threshold,0.200000,,0.790000,4,0.259275,0.790000,3555,1500
threshold,0.200000,,0.790000,5,0.261358,0.790000,3555,1500
threshold,0.200000,,0.790000,6,0.262767,0.790000,3555,1500
threshold,0.200000,,0.790000,7,0.263123,0.790000,3555,1500
threshold,0.200000,,0.790000,8,0.266681,0.790000,3555,1500
threshold,0.200000,,0.790000,9,0.266622,0.790000,3555,1500
threshold,0.200000,,0.790000,10,0.259094,0.790000,3555,1500
threshold,0.200000,,0.790000,11,0.264412,0.790000,3555,1500
threshold,0.200000,,0.790000,12,0.263200,0.790000,3555,1500
threshold,0.200000,,0.790000,13,0.258870,0.790000,3555,1500
threshold,0.200000,,0.790000,14,0.263865,0.790000,3555,1500
threshold,0.200000,,0.790000,15,0.257521,0.790000,3555,1500
threshold,0.200000,,0.790000,16,0.258880,0.790000,3555,1500
threshold,0.200000,,0.790000,17,0.256008,0.790000,3555,1500
threshold,0.200000,,0.790000,18,0.261052,0.790000,3555,1500
threshold,0.200000,,0.790000,19,0.265870,0.790000,3555,1500
threshold,0.200000,,0.790000,20,0.264227,0.790000,3555,1500
threshold,0.200000,,0.790000,21,0.261668,0.790000,3555,1500
threshold,0.200000,,0.790000,22,0.266323,0.790000,3555,1500
threshold,0.200000,,0.790000,23,0.267251,0.790000,3555,1500
threshold,0.200000,,0.790000,24,0.263523,0.790000,3555,1500
threshold,0.200000,,0.790000,25,0.266578,0.790000,3555,1500
threshold,0.200000,,0.790000,26,0.263538,0.790000,3555,1500
threshold,0.200000,,0.790000,27,0.263869,0.790000,3555,1500
threshold,0.200000,,0.790000,28,0.262982,0.790000,3555,1500
threshold,0.200000,,0.790000,29,0.259717,0.790000,3555,1500
threshold,0.200000,,0.790000,30,0.259926,0.790000,3555,1500
threshold,0.200000,,0.790000,31,0.259405,0.790000,3555,1500
threshold,0.200000,,0.790000,32,0.260768,0.790000,3555,1500
threshold,0.200000,,0.790000,33,0.265255,0.790000,3555,1500
threshold,0.200000,,0.790000,34,0.262278,0.790000,3555,1500
threshold,0.200000,,0.790000,35,0.261845,0.790000,3555,1500
threshold,0.200000,,0.790000,36,0.268016,0.790000,3555,1500
threshold,0.200000,,0.790000,37,0.261955,0.790000,3555,1500
threshold,0.200000,,0.790000,38,0.263521,0.790000,3555,1500
threshold,0.200000,,0.790000,39,0.264385,0.790000,3555,1500
threshold,0.200000,,0.790000,40,0.262813,0.790000,3555,1500
threshold,0.200000,,0.790000,41,0.261806,0.790000,3555,1500
threshold,0.200000,,0.790000,42,0.263603,0.790000,3555,1500
threshold,0.200000,,0.790000,43,0.258519,0.790000,3555,1500
threshold,0.200000,,0.790000,44,0.260112,0.790000,3555,1500
threshold,0.200000,,0.790000,45,0.263699,0.790000,3555,1500
threshold,0.200000,,0.790000,46,0.262956,0.790000,3555,1500
threshold,0.200000,,0.790000,47,0.263838,0.790000,3555,1500
threshold,0.200000,,0.790000,48,0.264317,0.790000,3555,1500
threshold,0.200000,,0.790000,49,0.247328,0.790000,3555,1500
threshold,0.200000,,0.795000,0,0.249036,0.794889,3577,1500
threshold,0.200000,,0.795000,1,0.249830,0.794889,3577,1500
threshold,0.200000,,0.795000,2,0.255957,0.794889,3577,1500
threshold,0.200000,,0.795000,3,0.253040,0.794889,3577,1500
threshold,0.200000,,0.795000,4,0.251181,0.794889,3577,1500
threshold,0.200000,,0.795000,5,0.250804,0.794889,3577,1500
threshold,0.200000,,0.795000,6,0.255164,0.794889,3577,1500
threshold,0.200000,,0.795000,7,0.256369,0.794889,3577,1500
threshold,0.200000,,0.795000,8,0.258897,0.794889,3577,1500
threshold,0.200000,,0.795000,9,0.255451,0.794889,3577,1500
threshold,0.200000,,0.795000,10,0.236394,0.794889,3577,1500
threshold,0.200000,,0.795000,11,0.255300,0.794889,3577,1500
threshold,0.200000,,0.795000,12,0.254794,0.794889,3577,1500
threshold,0.200000,,0.795000,13,0.250884,0.794889,3577,1500
threshold,0.200000,,0.795000,14,0.255045,0.794889,3577,1500
threshold,0.200000,,0.795000,15,0.246805,0.794889,3577,1500
threshold,0.200000,,0.795000,16,0.250740,0.794889,3577,1500
threshold,0.200000,,0.795000,17,0.246578,0.794889,3577,1500
threshold,0.200000,,0.795000,18,0.252384,0.794889,3577,1500
threshold,0.200000,,0.795000,19,0.257477,0.794889,3577,1500
threshold,0.200000,,0.795000,20,0.254627,0.794889,3577,1500
threshold,0.200000,,0.795000,21,0.252878,0.794889,3577,1500
threshold,0.200000,,0.795000,22,0.258038,0.794889,3577,1500
threshold,0.200000,,0.795000,23,0.258094,0.794889,3577,1500
threshold,0.200000,,0.795000,24,0.255090,0.794889,3577,1500
threshold,0.200000,,0.795000,25,0.257874,0.794889,3577,1500
threshold,0.200000,,0.795000,26,0.255745,0.794889,3577,1500
threshold,0.200000,,0.795000,27,0.255662,0.794889,3577,1500
threshold,0.200000,,0.795000,28,0.254629,0.794889,3577,1500
threshold,0.200000,,0.795000,29,0.251575,0.794889,3577,1500
threshold,0.200000,,0.795000,30,0.249782,0.794889,3577,1500
threshold,0.200000,,0.795000,31,0.251009,0.794889,3577,1500
threshold,0.200000,,0.795000,32,0.252608,0.794889,3577,1500
threshold,0.200000,,0.795000,33,0.255958,0.794889,3577,1500
threshold,0.200000,,0.795000,34,0.254359,0.794889,3577,1500
threshold,0.200000,,0.795000,35,0.251695,0.794889,3577,1500
threshold,0.200000,,0.795000,36,0.260191,0.794889,3577,1500
threshold,0.200000,,0.795000,37,0.250251,0.794889,3577,1500
threshold,0.200000,,0.795000,38,0.256480,0.794889,3577,1500
threshold,0.200000,,0.795000,39,0.256178,0.794889,3577,1500
threshold,0.200000,,0.795000,40,0.254651,0.794889,3577,1500
threshold,0.200000,,0.795000,41,0.250697,0.794889,3577,1500
threshold,0.200000,,0.795000,42,0.255864,0.794889,3577,1500
threshold,0.200000,,0.795000,43,0.250229,0.794889,3577,1500
threshold,0.200000,,0.795000,44,0.252888,0.794889,3577,1500
threshold,0.200000,,0.795000,45,0.255743,0.794889,3577,1500
threshold,0.200000,,0.795000,46,0.255830,0.794889,3577,1500
threshold,0.200000,,0.795000,47,0.254021,0.794889,3577,1500
threshold,0.200000,,0.795000,48,0.254884,0.794889,3577,1500
threshold,0.200000,,0.795000,49,0.000000,0.794889,3577,558
threshold,0.200000,,0.800000,0,0.019773,0.800000,3600,1500
threshold,0.200000,,0.800000,1,0.242152,0.800000,3600,1500
threshold,0.200000,,0.800000,2,0.244710,0.800000,3600,1500
threshold,0.200000,,0.800000,3,0.000000,0.800000,3600,712
threshold,0.200000,,0.800000,4,0.243512,0.800000,3600,1500
threshold,0.200000,,0.800000,5,0.234455,0.800000,3600,1500
threshold,0.200000,,0.800000,6,0.245812,0.800000,3600,1500
threshold,0.200000,,0.800000,7,0.247459,0.800000,3600,1500
threshold,0.200000,,0.800000,8,0.250831,0.800000,3600,1500
threshold,0.200000,,0.800000,9,0.000000,0.800000,3600,617
threshold,0.200000,,0.800000,10,0.000000,0.800000,3600,655
threshold,0.200000,,0.800000,11,0.245129,0.800000,3600,1500
threshold,0.200000,,0.800000,12,0.244438,0.800000,3600,1500
threshold,0.200000,,0.800000,13,0.237221,0.800000,3600,1500
threshold,0.200000,,0.800000,14,0.246384,0.800000,3600,1500
threshold,0.200000,,0.800000,15,0.000000,0.800000,3600,614
threshold,0.200000,,0.800000,16,0.242731,0.800000,3600,1500
threshold,0.200000,,0.800000,17,0.237186,0.800000,3600,1500
threshold,0.200000,,0.800000,18,0.244464,0.800000,3600,1500
threshold,0.200000,,0.800000,19,0.196308,0.800000,3600,1500
threshold,0.200000,,0.800000,20,0.000000,0.800000,3600,584
threshold,0.200000,,0.800000,21,0.000000,0.800000,3600,578
threshold,0.200000,,0.800000,22,0.247611,0.800000,3600,1500
threshold,0.200000,,0.800000,23,0.105021,0.800000,3600,1500
threshold,0.200000,,0.800000,24,0.241973,0.800000,3600,1500
threshold,0.200000,,0.800000,25,0.248779,0.800000,3600,1500
threshold,0.200000,,0.800000,26,0.245900,0.800000,3600,1500
threshold,0.200000,,0.800000,27,0.242740,0.800000,3600,1500
threshold,0.200000,,0.800000,28,0.241991,0.800000,3600,1500
threshold,0.200000,,0.800000,29,0.242809,0.800000,3600,1500
threshold,0.200000,,0.800000,30,0.000000,0.800000,3600,671
threshold,0.200000,,0.800000,31,0.209353,0.800000,3600,1500
threshold,0.200000,,0.800000,32,0.242140,0.800000,3600,1500
threshold,0.200000,,0.800000,33,0.242075,0.800000,3600,1500
threshold,0.200000,,0.800000,34,0.226213,0.800000,3600,1500
threshold,0.200000,,0.800000,35,0.000000,0.800000,3600,1156
threshold,0.200000,,0.800000,36,0.251268,0.800000,3600,1500
threshold,0.200000,,0.800000,37,0.237000,0.800000,3600,1500
threshold,0.200000,,0.800000,38,0.244953,0.800000,3600,1500
threshold,0.200000,,0.800000,39,0.247895,0.800000,3600,1500
threshold,0.200000,,0.800000,40,0.245509,0.800000,3600,1500
threshold,0.200000,,0.800000,41,0.000000,0.800000,3600,540
threshold,0.200000,,0.800000,42,0.037481,0.800000,3600,1500
threshold,0.200000,,0.800000,43,0.241493,0.800000,3600,1500
threshold,0.200000,,0.800000,44,0.244413,0.800000,3600,1500
threshold,0.200000,,0.800000,45,0.243868,0.800000,3600,1500
threshold,0.200000,,0.800000,46,0.226881,0.800000,3600,1500
threshold,0.200000,,0.800000,47,0.166360,0.800000,3600,1500
threshold,0.200000,,0.800000,48,0.113946,0.800000,3600,1500
threshold,0.200000,,0.800000,49,0.000000,0.800000,3600,524
threshold,0.200000,,0.805000,0,0.000000,0.804889,3622,551
threshold,0.200000,,0.805000,1,0.233965,0.804889,3622,1500
threshold,0.200000,,0.805000,2,0.231192,0.804889,3622,1500
threshold,0.200000,,0.805000,3,0.000000,0.804889,3622,618
threshold,0.200000,,0.805000,4,0.190230,0.804889,3622,1500
threshold,0.200000,,0.805000,5,0.000000,0.804889,3622,577
threshold,0.200000,,0.805000,6,0.235796,0.804889,3622,1500
threshold,0.200000,,0.805000,7,0.237420,0.804889,3622,1500
threshold,0.200000,,0.805000,8,0.197260,0.804889,3622,1500
threshold,0.200000,,0.805000,9,0.000000,0.804889,3622,556
threshold,0.200000,,0.805000,10,0.000000,0.804889,3622,528
threshold,0.200000,,0.805000,11,0.232243,0.804889,3622,1500
threshold,0.200000,,0.805000,12,0.231324,0.804889,3622,1500
threshold,0.200000,,0.805000,13,0.000000,0.804889,3622,579
threshold,0.200000,,0.805000,14,0.236331,0.804889,3622,1500
threshold,0.200000,,0.805000,15,0.000000,0.804889,3622,536
threshold,0.200000,,0.805000,16,0.231706,0.804889,3622,1500
threshold,0.200000,,0.805000,17,0.216191,0.804889,3622,1500
threshold,0.200000,,0.805000,18,0.000000,0.804889,3622,662
threshold,0.200000,,0.805000,19,0.000000,0.804889,3622,567
threshold,0.200000,,0.805000,20,0.000000,0.804889,3622,539
threshold,0.200000,,0.805000,21,0.000000,0.804889,3622,544
threshold,0.200000,,0.805000,22,0.232684,0.804889,3622,1500
threshold,0.200000,,0.805000,23,0.000000,0.804889,3622,677
threshold,0.200000,,0.805000,24,0.210130,0.804889,3622,1500
threshold,0.200000,,0.805000,25,0.238864,0.804889,3622,1500
threshold,0.200000,,0.805000,26,0.230279,0.804889,3622,1500
threshold,0.200000,,0.805000,27,0.000000,0.804889,3622,842
threshold,0.200000,,0.805000,28,0.056419,0.804889,3622,1500
threshold,0.200000,,0.805000,29,0.093173,0.804889,3622,1500
threshold,0.200000,,0.805000,30,0.000000,0.804889,3622,551
threshold,0.200000,,0.805000,31,0.010445,0.804889,3622,1500
threshold,0.200000,,0.805000,32,0.234406,0.804889,3622,1500
threshold,0.200000,,0.805000,33,0.000000,0.804889,3622,567
threshold,0.200000,,0.805000,34,0.000000,0.804889,3622,575
threshold,0.200000,,0.805000,35,0.000000,0.804889,3622,589
threshold,0.200000,,0.805000,36,0.239765,0.804889,3622,1500
threshold,0.200000,,0.805000,37,0.000000,0.804889,3622,604
threshold,0.200000,,0.805000,38,0.231516,0.804889,3622,1500
threshold,0.200000,,0.805000,39,0.074646,0.804889,3622,1500
threshold,0.200000,,0.805000,40,0.234129,0.804889,3622,1500
threshold,0.200000,,0.805000,41,0.000000,0.804889,3622,526
threshold,0.200000,,0.805000,42,0.000000,0.804889,3622,616
threshold,0.200000,,0.805000,43,0.231523,0.804889,3622,1500
threshold,0.200000,,0.805000,44,0.235131,0.804889,3622,1500
threshold,0.200000,,0.805000,45,0.000000,0.804889,3622,812
threshold,0.200000,,0.805000,46,0.000000,0.804889,3622,550
threshold,0.200000,,0.805000,47,0.000000,0.804889,3622,545
threshold,0.200000,,0.805000,48,0.000000,0.804889,3622,571
threshold,0.200000,,0.805000,49,0.000000,0.804889,3622,522
threshold,0.200000,,0.810000,0,0.000000,0.810000,3645,535
threshold,0.200000,,0.810000,1,0.217784,0.810000,3645,1500
threshold,0.200000,,0.810000,2,0.000000,0.810000,3645,862
threshold,0.200000,,0.810000,3,0.000000,0.810000,3645,537
threshold,0.200000,,0.810000,4,0.000000,0.810000,3645,553
threshold,0.200000,,0.810000,5,0.000000,0.810000,3645,538
threshold,0.200000,,0.810000,6,0.159631,0.810000,3645,1500
threshold,0.200000,,0.810000,7,0.000000,0.810000,3645,544
threshold,0.200000,,0.810000,8,0.000000,0.810000,3645,570
threshold,0.200000,,0.810000,9,0.000000,0.810000,3645,533
threshold,0.200000,,0.810000,10,0.000000,0.810000,3645,524
threshold,0.200000,,0.810000,11,0.089570,0.810000,3645,1500
threshold,0.200000,,0.810000,12,0.000000,0.810000,3645,588
threshold,0.200000,,0.810000,13,0.000000,0.810000,3645,553
threshold,0.200000,,0.810000,14,0.050316,0.810000,3645,1500
threshold,0.200000,,0.810000,15,0.000000,0.810000,3645,528
threshold,0.200000,,0.810000,16,0.000000,0.810000,3645,650
threshold,0.200000,,0.810000,17,0.000000,0.810000,3645,542
threshold,0.200000,,0.810000,18,0.000000,0.810000,3645,556
threshold,0.200000,,0.810000,19,0.000000,0.810000,3645,544
threshold,0.200000,,0.810000,20,0.000000,0.810000,3645,529
threshold,0.200000,,0.810000,21,0.000000,0.810000,3645,534
threshold,0.200000,,0.810000,22,0.000000,0.810000,3645,552
threshold,0.200000,,0.810000,23,0.000000,0.810000,3645,565
threshold,0.200000,,0.810000,24,0.000000,0.810000,3645,669
threshold,0.200000,,0.810000,25,0.000000,0.810000,3645,546
threshold,0.200000,,0.810000,26,0.055832,0.810000,3645,1500
threshold,0.200000,,0.810000,27,0.000000,0.810000,3645,573
threshold,0.200000,,0.810000,28,0.000000,0.810000,3645,572
threshold,0.200000,,0.810000,29,0.000000,0.810000,3645,599
threshold,0.200000,,0.810000,30,0.000000,0.810000,3645,531
threshold,0.200000,,0.810000,31,0.000000,0.810000,3645,532
threshold,0.200000,,0.810000,32,0.216921,0.810000,3645,1500
threshold,0.200000,,0.810000,33,0.000000,0.810000,3645,550
threshold,0.200000,,0.810000,34,0.000000,0.810000,3645,553
threshold,0.200000,,0.810000,35,0.000000,0.810000,3645,565
threshold,0.200000,,0.810000,36,0.138089,0.810000,3645,1500
threshold,0.200000,,0.810000,37,0.000000,0.810000,3645,540
threshold,0.200000,,0.810000,38,0.204685,0.810000,3645,1500
threshold,0.200000,,0.810000,39,0.000000,0.810000,3645,553
threshold,0.200000,,0.810000,40,0.153182,0.810000,3645,1500
threshold,0.200000,,0.810000,41,0.000000,0.810000,3645,522
threshold,0.200000,,0.810000,42,0.000000,0.810000,3645,558
threshold,0.200000,,0.810000,43,0.000000,0.810000,3645,594
threshold,0.200000,,0.810000,44,0.219278,0.810000,3645,1500
threshold,0.200000,,0.810000,45,0.000000,0.810000,3645,588
threshold,0.200000,,0.810000,46,0.000000,0.810000,3645,534
threshold,0.200000,,0.810000,47,0.000000,0.810000,3645,533
threshold,0.200000,,0.810000,48,0.000000,0.810000,3645,548
threshold,0.200000,,0.810000,49,0.000000,0.810000,3645,518
threshold,0.200000,,0.815000,0,0.000000,0.814889,3667,528
threshold,0.200000,,0.815000,1,0.000000,0.814889,3667,581
threshold,0.200000,,0.815000,2,0.000000,0.814889,3667,546
threshold,0.200000,,0.815000,3,0.000000,0.814889,3667,531
threshold,0.200000,,0.815000,4,0.000000,0.814889,3667,537
threshold,0.200000,,0.815000,5,0.000000,0.814889,3667,531
threshold,0.200000,,0.815000,6,0.000000,0.814889,3667,620
threshold,0.200000,,0.815000,7,0.000000,0.814889,3667,530
threshold,0.200000,,0.815000,8,0.000000,0.814889,3667,533
threshold,0.200000,,0.815000,9,0.000000,0.814889,3667,526
threshold,0.200000,,0.815000,10,0.000000,0.814889,3667,523
threshold,0.200000,,0.815000,11,0.000000,0.814889,3667,550
threshold,0.200000,,0.815000,12,0.000000,0.814889,3667,545
threshold,0.200000,,0.815000,13,0.000000,0.814889,3667,526
threshold,0.200000,,0.815000,14,0.000000,0.814889,3667,764
threshold,0.200000,,0.815000,15,0.000000,0.814889,3667,521
threshold,0.200000,,0.815000,16,0.000000,0.814889,3667,606
threshold,0.200000,,0.815000,17,0.000000,0.814889,3667,528
threshold,0.200000,,0.815000,18,0.000000,0.814889,3667,539
threshold,0.200000,,0.815000,19,0.000000,0.814889,3667,534
threshold,0.200000,,0.815000,20,0.000000,0.814889,3667,526
threshold,0.200000,,0.815000,21,0.000000,0.814889,3667,529
threshold,0.200000,,0.815000,22,0.000000,0.814889,3667,539
threshold,0.200000,,0.815000,23,0.000000,0.814889,3667,542
threshold,0.200000,,0.815000,24,0.000000,0.814889,3667,543
threshold,0.200000,,0.815000,25,0.000000,0.814889,3667,537
threshold,0.200000,,0.815000,26,0.000000,0.814889,3667,557
threshold,0.200000,,0.815000,27,0.000000,0.814889,3667,536
threshold,0.200000,,0.815000,28,0.000000,0.814889,3667,553
threshold,0.200000,,0.815000,29,0.000000,0.814889,3667,569
threshold,0.200000,,0.815000,30,0.000000,0.814889,3667,521
threshold,0.200000,,0.815000,31,0.000000,0.814889,3667,525
threshold,0.200000,,0.815000,32,0.155370,0.814889,3667,1500
threshold,0.200000,,0.815000,33,0.000000,0.814889,3667,528
threshold,0.200000,,0.815000,34,0.000000,0.814889,3667,525
threshold,0.200000,,0.815000,35,0.000000,0.814889,3667,535
threshold,0.200000,,0.815000,36,0.000000,0.814889,3667,559
threshold,0.200000,,0.815000,37,0.000000,0.814889,3667,530
threshold,0.200000,,0.815000,38,0.000000,0.814889,3667,675
threshold,0.200000,,0.815000,39,0.000000,0.814889,3667,534
threshold,0.200000,,0.815000,40,0.000000,0.814889,3667,568
threshold,0.200000,,0.815000,41,0.000000,0.814889,3667,519
threshold,0.200000,,0.815000,42,0.000000,0.814889,3667,542
threshold,0.200000,,0.815000,43,0.000000,0.814889,3667,551
threshold,0.200000,,0.815000,44,0.185868,0.814889,3667,1500
threshold,0.200000,,0.815000,45,0.000000,0.814889,3667,527
threshold,0.200000,,0.815000,46,0.000000,0.814889,3667,530
threshold,0.200000,,0.815000,47,0.000000,0.814889,3667,528
threshold,0.200000,,0.815000,48,0.000000,0.814889,3667,538
threshold,0.200000,,0.815000,49,0.000000,0.814889,3667,516
threshold,0.200000,,0.820000,0,0.000000,0.820000,3690,521
threshold,0.200000,,0.820000,1,0.000000,0.820000,3690,546
threshold,0.200000,,0.820000,2,0.000000,0.820000,3690,531
threshold,0.200000,,0.820000,3,0.000000,0.820000,3690,522
threshold,0.200000,,0.820000,4,0.000000,0.820000,3690,531
threshold,0.200000,,0.820000,5,0.000000,0.820000,3690,524
threshold,0.200000,,0.820000,6,0.000000,0.820000,3690,564
threshold,0.200000,,0.820000,7,0.000000,0.820000,3690,524
threshold,0.200000,,0.820000,8,0.000000,0.820000,3690,523
threshold,0.200000,,0.820000,9,0.000000,0.820000,3690,520
threshold,0.200000,,0.820000,10,0.000000,0.820000,3690,519
threshold,0.200000,,0.820000,11,0.000000,0.820000,3690,534
threshold,0.200000,,0.820000,12,0.000000,0.820000,3690,538
threshold,0.200000,,0.820000,13,0.000000,0.820000,3690,523
threshold,0.200000,,0.820000,14,0.000000,0.820000,3690,525
threshold,0.200000,,0.820000,15,0.000000,0.820000,3690,518
threshold,0.200000,,0.820000,16,0.000000,0.820000,3690,559
threshold,0.200000,,0.820000,17,0.000000,0.820000,3690,521
threshold,0.200000,,0.820000,18,0.000000,0.820000,3690,525
threshold,0.200000,,0.820000,19,0.000000,0.820000,3690,522
threshold,0.200000,,0.820000,20,0.000000,0.820000,3690,523
threshold,0.200000,,0.820000,21,0.000000,0.820000,3690,525
threshold,0.200000,,0.820000,22,0.000000,0.820000,3690,524
threshold,0.200000,,0.820000,23,0.000000,0.820000,3690,533
threshold,0.200000,,0.820000,24,0.000000,0.820000,3690,532
threshold,0.200000,,0.820000,25,0.000000,0.820000,3690,528
threshold,0.200000,,0.820000,26,0.000000,0.820000,3690,535
threshold,0.200000,,0.820000,27,0.000000,0.820000,3690,528
threshold,0.200000,,0.820000,28,0.000000,0.820000,3690,546
threshold,0.200000,,0.820000,29,0.000000,0.820000,3690,555
threshold,0.200000,,0.820000,30,0.000000,0.820000,3690,520
threshold,0.200000,,0.820000,31,0.000000,0.820000,3690,518
threshold,0.200000,,0.820000,32,0.000000,0.820000,3690,599
threshold,0.200000,,0.820000,33,0.000000,0.820000,3690,521
threshold,0.200000,,0.820000,34,0.000000,0.820000,3690,523
threshold,0.200000,,0.820000,35,0.000000,0.820000,3690,528
threshold,0.200000,,0.820000,36,0.000000,0.820000,3690,532
threshold,0.200000,,0.820000,37,0.000000,0.820000,3690,520
threshold,0.200000,,0.820000,38,0.000000,0.820000,3690,662
threshold,0.200000,,0.820000,39,0.000000,0.820000,3690,524
threshold,0.200000,,0.820000,40,0.000000,0.820000,3690,532
threshold,0.200000,,0.820000,41,0.000000,0.820000,3690,515
threshold,0.200000,,0.820000,42,0.000000,0.820000,3690,536
threshold,0.200000,,0.820000,43,0.000000,0.820000,3690,534
threshold,0.200000,,0.820000,44,0.000000,0.820000,3690,678
threshold,0.200000,,0.820000,45,0.000000,0.820000,3690,524
threshold,0.200000,,0.820000,46,0.000000,0.820000,3690,528
threshold,0.200000,,0.820000,47,0.000000,0.820000,3690,523
threshold,0.200000,,0.820000,48,0.000000,0.820000,3690,531
threshold,0.200000,,0.820000,49,0.000000,0.820000,3690,515
threshold,0.200000,,0.825000,0,0.000000,0.824889,3712,516
threshold,0.200000,,0.825000,1,0.000000,0.824889,3712,522
threshold,0.200000,,0.825000,2,0.000000,0.824889,3712,526
threshold,0.200000,,0.825000,3,0.000000,0.824889,3712,519
threshold,0.200000,,0.825000,4,0.000000,0.824889,3712,523
threshold,0.200000,,0.825000,5,0.000000,0.824889,3712,521
threshold,0.200000,,0.825000,6,0.000000,0.824889,3712,522
threshold,0.200000,,0.825000,7,0.000000,0.824889,3712,520
threshold,0.200000,,0.825000,8,0.000000,0.824889,3712,521
threshold,0.200000,,0.825000,9,0.000000,0.824889,3712,519
threshold,0.200000,,0.825000,10,0.000000,0.824889,3712,517
threshold,0.200000,,0.825000,11,0.000000,0.824889,3712,522
threshold,0.200000,,0.825000,12,0.000000,0.824889,3712,534
threshold,0.200000,,0.825000,13,0.000000,0.824889,3712,522
threshold,0.200000,,0.825000,14,0.000000,0.824889,3712,520
threshold,0.200000,,0.825000,15,0.000000,0.824889,3712,517
threshold,0.200000,,0.825000,16,0.000000,0.824889,3712,547
threshold,0.200000,,0.825000,17,0.000000,0.824889,3712,518
threshold,0.200000,,0.825000,18,0.000000,0.824889,3712,522
threshold,0.200000,,0.825000,19,0.000000,0.824889,3712,519
threshold,0.200000,,0.825000,20,0.000000,0.824889,3712,517
threshold,0.200000,,0.825000,21,0.000000,0.824889,3712,523
threshold,0.200000,,0.825000,22,0.000000,0.824889,3712,520
threshold,0.200000,,0.825000,23,0.000000,0.824889,3712,529
threshold,0.200000,,0.825000,24,0.000000,0.824889,3712,524
threshold,0.200000,,0.825000,25,0.000000,0.824889,3712,522
threshold,0.200000,,0.825000,26,0.000000,0.824889,3712,524
threshold,0.200000,,0.825000,27,0.000000,0.824889,3712,518
threshold,0.200000,,0.825000,28,0.000000,0.824889,3712,540
threshold,0.200000,,0.825000,29,0.000000,0.824889,3712,529
threshold,0.200000,,0.825000,30,0.000000,0.824889,3712,517
threshold,0.200000,,0.825000,31,0.000000,0.824889,3712,517
threshold,0.200000,,0.825000,32,0.000000,0.824889,3712,559
threshold,0.200000,,0.825000,33,0.000000,0.824889,3712,518
threshold,0.200000,,0.825000,34,0.000000,0.824889,3712,519
threshold,0.200000,,0.825000,35,0.000000,0.824889,3712,521
threshold,0.200000,,0.825000,36,0.000000,0.824889,3712,520
threshold,0.200000,,0.825000,37,0.000000,0.824889,3712,518
threshold,0.200000,,0.825000,38,0.000000,0.824889,3712,610
threshold,0.200000,,0.825000,39,0.000000,0.824889,3712,520
threshold,0.200000,,0.825000,40,0.000000,0.824889,3712,529
threshold,0.200000,,0.825000,41,0.000000,0.824889,3712,515
threshold,0.200000,,0.825000,42,0.000000,0.824889,3712,522
threshold,0.200000,,0.825000,43,0.000000,0.824889,3712,530
threshold,0.200000,,0.825000,44,0.000000,0.824889,3712,616
threshold,0.200000,,0.825000,45,0.000000,0.824889,3712,522
threshold,0.200000,,0.825000,46,0.000000,0.824889,3712,525
threshold,0.200000,,0.825000,47,0.000000,0.824889,3712,520
threshold,0.200000,,0.825000,48,0.000000,0.824889,3712,523
threshold,0.200000,,0.825000,49,0.000000,0.824889,3712,515
threshold,0.200000,,0.830000,0,0.000000,0.830000,3735,516
threshold,0.200000,,0.830000,1,0.000000,0.830000,3735,517
threshold,0.200000,,0.830000,2,0.000000,0.830000,3735,519
threshold,0.200000,,0.830000,3,0.000000,0.830000,3735,517
threshold,0.200000,,0.830000,4,0.000000,0.830000,3735,517
threshold,0.200000,,0.830000,5,0.000000,0.830000,3735,520
threshold,0.200000,,0.830000,6,0.000000,0.830000,3735,515
threshold,0.200000,,0.830000,7,0.000000,0.830000,3735,518
threshold,0.200000,,0.830000,8,0.000000,0.830000,3735,520
threshold,0.200000,,0.830000,9,0.000000,0.830000,3735,515
threshold,0.200000,,0.830000,10,0.000000,0.830000,3735,516
threshold,0.200000,,0.830000,11,0.000000,0.830000,3735,520
threshold,0.200000,,0.830000,12,0.000000,0.830000,3735,529
threshold,0.200000,,0.830000,13,0.000000,0.830000,3735,520
threshold,0.200000,,0.830000,14,0.000000,0.830000,3735,518
threshold,0.200000,,0.830000,15,0.000000,0.830000,3735,514
threshold,0.200000,,0.830000,16,0.000000,0.830000,3735,536
threshold,0.200000,,0.830000,17,0.000000,0.830000,3735,515
threshold,0.200000,,0.830000,18,0.000000,0.830000,3735,518
threshold,0.200000,,0.830000,19,0.000000,0.830000,3735,517
threshold,0.200000,,0.830000,20,0.000000,0.830000,3735,516
threshold,0.200000,,0.830000,21,0.000000,0.830000,3735,521
threshold,0.200000,,0.830000,22,0.000000,0.830000,3735,517
threshold,0.200000,,0.830000,23,0.000000,0.830000,3735,523
threshold,0.200000,,0.830000,24,0.000000,0.830000,3735,521
threshold,0.200000,,0.830000,25,0.000000,0.830000,3735,521
threshold,0.200000,,0.830000,26,0.000000,0.830000,3735,523
threshold,0.200000,,0.830000,27,0.000000,0.830000,3735,517
threshold,0.200000,,0.830000,28,0.000000,0.830000,3735,524
threshold,0.200000,,0.830000,29,0.000000,0.830000,3735,524
threshold,0.200000,,0.830000,30,0.000000,0.830000,3735,515
threshold,0.200000,,0.830000,31,0.000000,0.830000,3735,515
threshold,0.200000,,0.830000,32,0.000000,0.830000,3735,523
threshold,0.200000,,0.830000,33,0.000000,0.830000,3735,517
threshold,0.200000,,0.830000,34,0.000000,0.830000,3735,518
threshold,0.200000,,0.830000,35,0.000000,0.830000,3735,519
threshold,0.200000,,0.830000,36,0.000000,0.830000,3735,517
threshold,0.200000,,0.830000,37,0.000000,0.830000,3735,517
threshold,0.200000,,0.830000,38,0.000000,0.830000,3735,542
threshold,0.200000,,0.830000,39,0.000000,0.830000,3735,519
threshold,0.200000,,0.830000,40,0.000000,0.830000,3735,527
threshold,0.200000,,0.830000,41,0.000000,0.830000,3735,512
threshold,0.200000,,0.830000,42,0.000000,0.830000,3735,520
threshold,0.200000,,0.830000,43,0.000000,0.830000,3735,524
threshold,0.200000,,0.830000,44,0.000000,0.830000,3735,560
threshold,0.200000,,0.830000,45,0.000000,0.830000,3735,520
threshold,0.200000,,0.830000,46,0.000000,0.830000,3735,522
threshold,0.200000,,0.830000,47,0.000000,0.830000,3735,519
threshold,0.200000,,0.830000,48,0.000000,0.830000,3735,522
threshold,0.200000,,0.830000,49,0.000000,0.830000,3735,514
threshold,0.200000,,0.835000,0,0.000000,0.834889,3757,512
threshold,0.200000,,0.835000,1,0.000000,0.834889,3757,516
threshold,0.200000,,0.835000,2,0.000000,0.834889,3757,516
threshold,0.200000,,0.835000,3,0.000000,0.834889,3757,516
threshold,0.200000,,0.835000,4,0.000000,0.834889,3757,516
threshold,0.200000,,0.835000,5,0.000000,0.834889,3757,519
threshold,0.200000,,0.835000,6,0.000000,0.834889,3757,514
threshold,0.200000,,0.835000,7,0.000000,0.834889,3757,517
threshold,0.200000,,0.835000,8,0.000000,0.834889,3757,517
threshold,0.200000,,0.835000,9,0.000000,0.834889,3757,514
threshold,0.200000,,0.835000,10,0.000000,0.834889,3757,515
threshold,0.200000,,0.835000,11,0.000000,0.834889,3757,518
threshold,0.200000,,0.835000,12,0.000000,0.834889,3757,523
threshold,0.200000,,0.835000,13,0.000000,0.834889,3757,516
threshold,0.200000,,0.835000,14,0.000000,0.834889,3757,516
threshold,0.200000,,0.835000,15,0.000000,0.834889,3757,514
threshold,0.200000,,0.835000,16,0.000000,0.834889,3757,532
threshold,0.200000,,0.835000,17,0.000000,0.834889,3757,515
threshold,0.200000,,0.835000,18,0.000000,0.834889,3757,516
threshold,0.200000,,0.835000,19,0.000000,0.834889,3757,514
threshold,0.200000,,0.835000,20,0.000000,0.834889,3757,515
threshold,0.200000,,0.835000,21,0.000000,0.834889,3757,519
threshold,0.200000,,0.835000,22,0.000000,0.834889,3757,514
threshold,0.200000,,0.835000,23,0.000000,0.834889,3757,521
threshold,0.200000,,0.835000,24,0.000000,0.834889,3757,520
threshold,0.200000,,0.835000,25,0.000000,0.834889,3757,517
threshold,0.200000,,0.835000,26,0.000000,0.834889,3757,521
threshold,0.200000,,0.835000,27,0.000000,0.834889,3757,516
threshold,0.200000,,0.835000,28,0.000000,0.834889,3757,522
threshold,0.200000,,0.835000,29,0.000000,0.834889,3757,521
threshold,0.200000,,0.835000,30,0.000000,0.834889,3757,515
threshold,0.200000,,0.835000,31,0.000000,0.834889,3757,513
threshold,0.200000,,0.835000,32,0.000000,0.834889,3757,521
threshold,0.200000,,0.835000,33,0.000000,0.834889,3757,514
threshold,0.200000,,0.835000,34,0.000000,0.834889,3757,517
threshold,0.200000,,0.835000,35,0.000000,0.834889,3757,518
threshold,0.200000,,0.835000,36,0.000000,0.834889,3757,515
threshold,0.200000,,0.835000,37,0.000000,0.834889,3757,515
threshold,0.200000,,0.835000,38,0.000000,0.834889,3757,530
threshold,0.200000,,0.835000,39,0.000000,0.834889,3757,517
threshold,0.200000,,0.835000,40,0.000000,0.834889,3757,517
threshold,0.200000,,0.835000,41,0.000000,0.834889,3757,511
threshold,0.200000,,0.835000,42,0.000000,0.834889,3757,517
threshold,0.200000,,0.835000,43,0.000000,0.834889,3757,522
threshold,0.200000,,0.835000,44,0.000000,0.834889,3757,545
threshold,0.200000,,0.835000,45,0.000000,0.834889,3757,518
threshold,0.200000,,0.835000,46,0.000000,0.834889,3757,518
threshold,0.200000,,0.835000,47,0.000000,0.834889,3757,516
threshold,0.200000,,0.835000,48,0.000000,0.834889,3757,519
threshold,0.200000,,0.835000,49,0.000000,0.834889,3757,513
threshold,0.200000,,0.840000,0,0.000000,0.840000,3780,512
threshold,0.200000,,0.840000,1,0.000000,0.840000,3780,516
threshold,0.200000,,0.840000,2,0.000000,0.840000,3780,514
threshold,0.200000,,0.840000,3,0.000000,0.840000,3780,514
threshold,0.200000,,0.840000,4,0.000000,0.840000,3780,516
threshold,0.200000,,0.840000,5,0.000000,0.840000,3780,518
threshold,0.200000,,0.840000,6,0.000000,0.840000,3780,513
threshold,0.200000,,0.840000,7,0.000000,0.840000,3780,514
threshold,0.200000,,0.840000,8,0.000000,0.840000,3780,515
threshold,0.200000,,0.840000,9,0.000000,0.840000,3780,513
threshold,0.200000,,0.840000,10,0.000000,0.840000,3780,515
threshold,0.200000,,0.840000,11,0.000000,0.840000,3780,516
threshold,0.200000,,0.840000,12,0.000000,0.840000,3780,518
threshold,0.200000,,0.840000,13,0.000000,0.840000,3780,515
threshold,0.200000,,0.840000,14,0.000000,0.840000,3780,516
threshold,0.200000,,0.840000,15,0.000000,0.840000,3780,512
threshold,0.200000,,0.840000,16,0.000000,0.840000,3780,528
threshold,0.200000,,0.840000,17,0.000000,0.840000,3780,514
threshold,0.200000,,0.840000,18,0.000000,0.840000,3780,513
threshold,0.200000,,0.840000,19,0.000000,0.840000,3780,513
threshold,0.200000,,0.840000,20,0.000000,0.840000,3780,512
threshold,0.200000,,0.840000,21,0.000000,0.840000,3780,518
threshold,0.200000,,0.840000,22,0.000000,0.840000,3780,514
threshold,0.200000,,0.840000,23,0.000000,0.840000,3780,520
threshold,0.200000,,0.840000,24,0.000000,0.840000,3780,518
threshold,0.200000,,0.840000,25,0.000000,0.840000,3780,516
threshold,0.200000,,0.840000,26,0.000000,0.840000,3780,520
threshold,0.200000,,0.840000,27,0.000000,0.840000,3780,515
threshold,0.200000,,0.840000,28,0.000000,0.840000,3780,520
threshold,0.200000,,0.840000,29,0.000000,0.840000,3780,520
threshold,0.200000,,0.840000,30,0.000000,0.840000,3780,515
threshold,0.200000,,0.840000,31,0.000000,0.840000,3780,512
threshold,0.200000,,0.840000,32,0.000000,0.840000,3780,516
threshold,0.200000,,0.840000,33,0.000000,0.840000,3780,513
threshold,0.200000,,0.840000,34,0.000000,0.840000,3780,515
threshold,0.200000,,0.840000,35,0.000000,0.840000,3780,517
threshold,0.200000,,0.840000,36,0.000000,0.840000,3780,513
threshold,0.200000,,0.840000,37,0.000000,0.840000,3780,514
threshold,0.200000,,0.840000,38,0.000000,0.840000,3780,528
threshold,0.200000,,0.840000,39,0.000000,0.840000,3780,515
threshold,0.200000,,0.840000,40,0.000000,0.840000,3780,516
threshold,0.200000,,0.840000,41,0.000000,0.840000,3780,510
threshold,0.200000,,0.840000,42,0.000000,0.840000,3780,515
threshold,0.200000,,0.840000,43,0.000000,0.840000,3780,520
threshold,0.200000,,0.840000,44,0.000000,0.840000,3780,534
threshold,0.200000,,0.840000,45,0.000000,0.840000,3780,517
threshold,0.200000,,0.840000,46,0.000000,0.840000,3780,517
threshold,0.200000,,0.840000,47,0.000000,0.840000,3780,515
threshold,0.200000,,0.840000,48,0.000000,0.840000,3780,515
threshold,0.200000,,0.840000,49,0.000000,0.840000,3780,510
threshold,0.200000,,0.845000,0,0.000000,0.844889,3802,511
threshold,0.200000,,0.845000,1,0.000000,0.844889,3802,512
threshold,0.200000,,0.845000,2,0.000000,0.844889,3802,514
threshold,0.200000,,0.845000,3,0.000000,0.844889,3802,514
threshold,0.200000,,0.845000,4,0.000000,0.844889,3802,514
threshold,0.200000,,0.845000,5,0.000000,0.844889,3802,512
threshold,0.200000,,0.845000,6,0.000000,0.844889,3802,513
threshold,0.200000,,0.845000,7,0.000000,0.844889,3802,513
threshold,0.200000,,0.845000,8,0.000000,0.844889,3802,513
threshold,0.200000,,0.845000,9,0.000000,0.844889,3802,513
threshold,0.200000,,0.845000,10,0.000000,0.844889,3802,514
threshold,0.200000,,0.845000,11,0.000000,0.844889,3802,514
threshold,0.200000,,0.845000,12,0.000000,0.844889,3802,517
threshold,0.200000,,0.845000,13,0.000000,0.844889,3802,514
threshold,0.200000,,0.845000,14,0.000000,0.844889,3802,515
threshold,0.200000,,0.845000,15,0.000000,0.844889,3802,512
threshold,0.200000,,0.845000,16,0.000000,0.844889,3802,526
threshold,0.200000,,0.845000,17,0.000000,0.844889,3802,514
threshold,0.200000,,0.845000,18,0.000000,0.844889,3802,513
threshold,0.200000,,0.845000,19,0.000000,0.844889,3802,512
threshold,0.200000,,0.845000,20,0.000000,0.844889,3802,512
threshold,0.200000,,0.845000,21,0.000000,0.844889,3802,517
threshold,0.200000,,0.845000,22,0.000000,0.844889,3802,513
threshold,0.200000,,0.845000,23,0.000000,0.844889,3802,518
threshold,0.200000,,0.845000,24,0.000000,0.844889,3802,516
threshold,0.200000,,0.845000,25,0.000000,0.844889,3802,515
threshold,0.200000,,0.845000,26,0.000000,0.844889,3802,517
threshold,0.200000,,0.845000,27,0.000000,0.844889,3802,514
threshold,0.200000,,0.845000,28,0.000000,0.844889,3802,516
threshold,0.200000,,0.845000,29,0.000000,0.844889,3802,518
threshold,0.200000,,0.845000,30,0.000000,0.844889,3802,514
threshold,0.200000,,0.845000,31,0.000000,0.844889,3802,512
threshold,0.200000,,0.845000,32,0.000000,0.844889,3802,515
threshold,0.200000,,0.845000,33,0.000000,0.844889,3802,512
threshold,0.200000,,0.845000,34,0.000000,0.844889,3802,514
threshold,0.200000,,0.845000,35,0.000000,0.844889,3802,514
threshold,0.200000,,0.845000,36,0.000000,0.844889,3802,513
threshold,0.200000,,0.845000,37,0.000000,0.844889,3802,513
threshold,0.200000,,0.845000,38,0.000000,0.844889,3802,525
threshold,0.200000,,0.845000,39,0.000000,0.844889,3802,514
threshold,0.200000,,0.845000,40,0.000000,0.844889,3802,514
threshold,0.200000,,0.845000,41,0.000000,0.844889,3802,510
threshold,0.200000,,0.845000,42,0.000000,0.844889,3802,514
threshold,0.200000,,0.845000,43,0.000000,0.844889,3802,519
threshold,0.200000,,0.845000,44,0.000000,0.844889,3802,528
threshold,0.200000,,0.845000,45,0.000000,0.844889,3802,513
threshold,0.200000,,0.845000,46,0.000000,0.844889,3802,515
threshold,0.200000,,0.845000,47,0.000000,0.844889,3802,515
threshold,0.200000,,0.845000,48,0.000000,0.844889,3802,514
threshold,0.200000,,0.845000,49,0.000000,0.844889,3802,510
threshold,0.200000,,0.850000,0,0.000000,0.850000,3825,510
threshold,0.200000,,0.850000,1,0.000000,0.850000,3825,511
threshold,0.200000,,0.850000,2,0.000000,0.850000,3825,513
threshold,0.200000,,0.850000,3,0.000000,0.850000,3825,513
threshold,0.200000,,0.850000,4,0.000000,0.850000,3825,512
threshold,0.200000,,0.850000,5,0.000000,0.850000,3825,512
threshold,0.200000,,0.850000,6,0.000000,0.850000,3825,513
threshold,0.200000,,0.850000,7,0.000000,0.850000,3825,512
threshold,0.200000,,0.850000,8,0.000000,0.850000,3825,513
threshold,0.200000,,0.850000,9,0.000000,0.850000,3825,511
threshold,0.200000,,0.850000,10,0.000000,0.850000,3825,513
threshold,0.200000,,0.850000,11,0.000000,0.850000,3825,514
threshold,0.200000,,0.850000,12,0.000000,0.850000,3825,513
threshold,0.200000,,0.850000,13,0.000000,0.850000,3825,513
threshold,0.200000,,0.850000,14,0.000000,0.850000,3825,513
threshold,0.200000,,0.850000,15,0.000000,0.850000,3825,510
threshold,0.200000,,0.850000,16,0.000000,0.850000,3825,524
threshold,0.200000,,0.850000,17,0.000000,0.850000,3825,512
threshold,0.200000,,0.850000,18,0.000000,0.850000,3825,512
threshold,0.200000,,0.850000,19,0.000000,0.850000,3825,511
threshold,0.200000,,0.850000,20,0.000000,0.850000,3825,509
threshold,0.200000,,0.850000,21,0.000000,0.850000,3825,516
threshold,0.200000,,0.850000,22,0.000000,0.850000,3825,512
threshold,0.200000,,0.850000,23,0.000000,0.850000,3825,515
threshold,0.200000,,0.850000,24,0.000000,0.850000,3825,515
threshold,0.200000,,0.850000,25,0.000000,0.850000,3825,515
threshold,0.200000,,0.850000,26,0.000000,0.850000,3825,516
threshold,0.200000,,0.850000,27,0.000000,0.850000,3825,514
threshold,0.200000,,0.850000,28,0.000000,0.850000,3825,516
threshold,0.200000,,0.850000,29,0.000000,0.850000,3825,517
threshold,0.200000,,0.850000,30,0.000000,0.850000,3825,512
threshold,0.200000,,0.850000,31,0.000000,0.850000,3825,512
threshold,0.200000,,0.850000,32,0.000000,0.850000,3825,513
threshold,0.200000,,0.850000,33,0.000000,0.850000,3825,511
threshold,0.200000,,0.850000,34,0.000000,0.850000,3825,513
threshold,0.200000,,0.850000,35,0.000000,0.850000,3825,513
threshold,0.200000,,0.850000,36,0.000000,0.850000,3825,511
threshold,0.200000,,0.850000,37,0.000000,0.850000,3825,512
threshold,0.200000,,0.850000,38,0.000000,0.850000,3825,519
threshold,0.200000,,0.850000,39,0.000000,0.850000,3825,514
threshold,0.200000,,0.850000,40,0.000000,0.850000,3825,514
threshold,0.200000,,0.850000,41,0.000000,0.850000,3825,509
threshold,0.200000,,0.850000,42,0.000000,0.850000,3825,511
threshold,0.200000,,0.850000,43,0.000000,0.850000,3825,518
threshold,0.200000,,0.850000,44,0.000000,0.850000,3825,524
threshold,0.200000,,0.850000,45,0.000000,0.850000,3825,510
threshold,0.200000,,0.850000,46,0.000000,0.850000,3825,511
threshold,0.200000,,0.850000,47,0.000000,0.850000,3825,513
threshold,0.200000,,0.850000,48,0.000000,0.850000,3825,513
threshold,0.200000,,0.850000,49,0.000000,0.850000,3825,510
threshold,0.200000,,0.855000,0,0.000000,0.854889,3847,510
threshold,0.200000,,0.855000,1,0.000000,0.854889,3847,510
threshold,0.200000,,0.855000,2,0.000000,0.854889,3847,511
threshold,0.200000,,0.855000,3,0.000000,0.854889,3847,512
threshold,0.200000,,0.855000,4,0.000000,0.854889,3847,511
threshold,0.200000,,0.855000,5,0.000000,0.854889,3847,511
threshold,0.200000,,0.855000,6,0.000000,0.854889,3847,512
threshold,0.200000,,0.855000,7,0.000000,0.854889,3847,512
threshold,0.200000,,0.855000,8,0.000000,0.854889,3847,512
threshold,0.200000,,0.855000,9,0.000000,0.854889,3847,510
threshold,0.200000,,0.855000,10,0.000000,0.854889,3847,511
threshold,0.200000,,0.855000,11,0.000000,0.854889,3847,512
threshold,0.200000,,0.855000,12,0.000000,0.854889,3847,512
threshold,0.200000,,0.855000,13,0.000000,0.854889,3847,512
threshold,0.200000,,0.855000,14,0.000000,0.854889,3847,513
threshold,0.200000,,0.855000,15,0.000000,0.854889,3847,509
threshold,0.200000,,0.855000,16,0.000000,0.854889,3847,523
threshold,0.200000,,0.855000,17,0.000000,0.854889,3847,512
threshold,0.200000,,0.855000,18,0.000000,0.854889,3847,512
threshold,0.200000,,0.855000,19,0.000000,0.854889,3847,510
threshold,0.200000,,0.855000,20,0.000000,0.854889,3847,509
threshold,0.200000,,0.855000,21,0.000000,0.854889,3847,516
threshold,0.200000,,0.855000,22,0.000000,0.854889,3847,511
threshold,0.200000,,0.855000,23,0.000000,0.854889,3847,511
threshold,0.200000,,0.855000,24,0.000000,0.854889,3847,515
threshold,0.200000,,0.855000,25,0.000000,0.854889,3847,512
threshold,0.200000,,0.855000,26,0.000000,0.854889,3847,515
threshold,0.200000,,0.855000,27,0.000000,0.854889,3847,513
threshold,0.200000,,0.855000,28,0.000000,0.854889,3847,515
threshold,0.200000,,0.855000,29,0.000000,0.854889,3847,514
threshold,0.200000,,0.855000,30,0.000000,0.854889,3847,512
threshold,0.200000,,0.855000,31,0.000000,0.854889,3847,512
threshold,0.200000,,0.855000,32,0.000000,0.854889,3847,512
threshold,0.200000,,0.855000,33,0.000000,0.854889,3847,511
threshold,0.200000,,0.855000,34,0.000000,0.854889,3847,513
threshold,0.200000,,0.855000,35,0.000000,0.854889,3847,513
threshold,0.200000,,0.855000,36,0.000000,0.854889,3847,510
threshold,0.200000,,0.855000,37,0.000000,0.854889,3847,512
threshold,0.200000,,0.855000,38,0.000000,0.854889,3847,516
threshold,0.200000,,0.855000,39,0.000000,0.854889,3847,513
threshold,0.200000,,0.855000,40,0.000000,0.854889,3847,513
threshold,0.200000,,0.855000,41,0.000000,0.854889,3847,509
threshold,0.200000,,0.855000,42,0.000000,0.854889,3847,511
threshold,0.200000,,0.855000,43,0.000000,0.854889,3847,517
threshold,0.200000,,0.855000,44,0.000000,0.854889,3847,522
threshold,0.200000,,0.855000,45,0.000000,0.854889,3847,510
threshold,0.200000,,0.855000,46,0.000000,0.854889,3847,510
threshold,0.200000,,0.855000,47,0.000000,0.854889,3847,510
threshold,0.200000,,0.855000,48,0.000000,0.854889,3847,513
threshold,0.200000,,0.855000,49,0.000000,0.854889,3847,508
threshold,0.200000,,0.860000,0,0.000000,0.860000,3870,509
threshold,0.200000,,0.860000,1,0.000000,0.860000,3870,510
threshold,0.200000,,0.860000,2,0.000000,0.860000,3870,511
threshold,0.200000,,0.860000,3,0.000000,0.860000,3870,512
threshold,0.200000,,0.860000,4,0.000000,0.860000,3870,511
threshold,0.200000,,0.860000,5,0.000000,0.860000,3870,510
threshold,0.200000,,0.860000,6,0.000000,0.860000,3870,512
threshold,0.200000,,0.860000,7,0.000000,0.860000,3870,511
threshold,0.200000,,0.860000,8,0.000000,0.860000,3870,511
threshold,0.200000,,0.860000,9,0.000000,0.860000,3870,510
threshold,0.200000,,0.860000,10,0.000000,0.860000,3870,511
threshold,0.200000,,0.860000,11,0.000000,0.860000,3870,511
threshold,0.200000,,0.860000,12,0.000000,0.860000,3870,511
threshold,0.200000,,0.860000,13,0.000000,0.860000,3870,511
threshold,0.200000,,0.860000,14,0.000000,0.860000,3870,510
threshold,0.200000,,0.860000,15,0.000000,0.860000,3870,508
threshold,0.200000,,0.860000,16,0.000000,0.860000,3870,519
threshold,0.200000,,0.860000,17,0.000000,0.860000,3870,511
threshold,0.200000,,0.860000,18,0.000000,0.860000,3870,510
threshold,0.200000,,0.860000,19,0.000000,0.860000,3870,509
threshold,0.200000,,0.860000,20,0.000000,0.860000,3870,509
threshold,0.200000,,0.860000,21,0.000000,0.860000,3870,514
threshold,0.200000,,0.860000,22,0.000000,0.860000,3870,511
threshold,0.200000,,0.860000,23,0.000000,0.860000,3870,510
threshold,0.200000,,0.860000,24,0.000000,0.860000,3870,509
threshold,0.200000,,0.860000,25,0.000000,0.860000,3870,511
threshold,0.200000,,0.860000,26,0.000000,0.860000,3870,510
threshold,0.200000,,0.860000,27,0.000000,0.860000,3870,512
threshold,0.200000,,0.860000,28,0.000000,0.860000,3870,512
threshold,0.200000,,0.860000,29,0.000000,0.860000,3870,513
threshold,0.200000,,0.860000,30,0.000000,0.860000,3870,510
threshold,0.200000,,0.860000,31,0.000000,0.860000,3870,510
threshold,0.200000,,0.860000,32,0.000000,0.860000,3870,511
threshold,0.200000,,0.860000,33,0.000000,0.860000,3870,510
threshold,0.200000,,0.860000,34,0.000000,0.860000,3870,513
threshold,0.200000,,0.860000,35,0.000000,0.860000,3870,512
threshold,0.200000,,0.860000,36,0.000000,0.860000,3870,510
threshold,0.200000,,0.860000,37,0.000000,0.860000,3870,512
threshold,0.200000,,0.860000,38,0.000000,0.860000,3870,514
threshold,0.200000,,0.860000,39,0.000000,0.860000,3870,512
threshold,0.200000,,0.860000,40,0.000000,0.860000,3870,513
threshold,0.200000,,0.860000,41,0.000000,0.860000,3870,507
threshold,0.200000,,0.860000,42,0.000000,0.860000,3870,511
threshold,0.200000,,0.860000,43,0.000000,0.860000,3870,516
threshold,0.200000,,0.860000,44,0.000000,0.860000,3870,516
threshold,0.200000,,0.860000,45,0.000000,0.860000,3870,510
threshold,0.200000,,0.860000,46,0.000000,0.860000,3870,509
threshold,0.200000,,0.860000,47,0.000000,0.860000,3870,509
threshold,0.200000,,0.860000,48,0.000000,0.860000,3870,511
threshold,0.200000,,0.860000,49,0.000000,0.860000,3870,508
threshold,0.200000,,0.865000,0,0.000000,0.864889,3892,509
threshold,0.200000,,0.865000,1,0.000000,0.864889,3892,509
threshold,0.200000,,0.865000,2,0.000000,0.864889,3892,510
threshold,0.200000,,0.865000,3,0.000000,0.864889,3892,511
threshold,0.200000,,0.865000,4,0.000000,0.864889,3892,511
threshold,0.200000,,0.865000,5,0.000000,0.864889,3892,510
threshold,0.200000,,0.865000,6,0.000000,0.864889,3892,511
threshold,0.200000,,0.865000,7,0.000000,0.864889,3892,510
threshold,0.200000,,0.865000,8,0.000000,0.864889,3892,510
threshold,0.200000,,0.865000,9,0.000000,0.864889,3892,509
threshold,0.200000,,0.865000,10,0.000000,0.864889,3892,510
threshold,0.200000,,0.865000,11,0.000000,0.864889,3892,511
threshold,0.200000,,0.865000,12,0.000000,0.864889,3892,511
threshold,0.200000,,0.865000,13,0.000000,0.864889,3892,511
threshold,0.200000,,0.865000,14,0.000000,0.864889,3892,510
threshold,0.200000,,0.865000,15,0.000000,0.864889,3892,507
threshold,0.200000,,0.865000,16,0.000000,0.864889,3892,517
threshold,0.200000,,0.865000,17,0.000000,0.864889,3892,510
threshold,0.200000,,0.865000,18,0.000000,0.864889,3892,510
threshold,0.200000,,0.865000,19,0.000000,0.864889,3892,509
threshold,0.200000,,0.865000,20,0.000000,0.864889,3892,509
threshold,0.200000,,0.865000,21,0.000000,0.864889,3892,514
threshold,0.200000,,0.865000,22,0.000000,0.864889,3892,510
threshold,0.200000,,0.865000,23,0.000000,0.864889,3892,509
threshold,0.200000,,0.865000,24,0.000000,0.864889,3892,509
threshold,0.200000,,0.865000,25,0.000000,0.864889,3892,510
threshold,0.200000,,0.865000,26,0.000000,0.864889,3892,509
threshold,0.200000,,0.865000,27,0.000000,0.864889,3892,512
threshold,0.200000,,0.865000,28,0.000000,0.864889,3892,512
threshold,0.200000,,0.865000,29,0.000000,0.864889,3892,512
threshold,0.200000,,0.865000,30,0.000000,0.864889,3892,510
threshold,0.200000,,0.865000,31,0.000000,0.864889,3892,509
threshold,0.200000,,0.865000,32,0.000000,0.864889,3892,511
threshold,0.200000,,0.865000,33,0.000000,0.864889,3892,510
threshold,0.200000,,0.865000,34,0.000000,0.864889,3892,512
threshold,0.200000,,0.865000,35,0.000000,0.864889,3892,510
threshold,0.200000,,0.865000,36,0.000000,0.864889,3892,509
threshold,0.200000,,0.865000,37,0.000000,0.864889,3892,511
threshold,0.200000,,0.865000,38,0.000000,0.864889,3892,514
threshold,0.200000,,0.865000,39,0.000000,0.864889,3892,512
threshold,0.200000,,0.865000,40,0.000000,0.864889,3892,513
threshold,0.200000,,0.865000,41,0.000000,0.864889,3892,507
threshold,0.200000,,0.865000,42,0.000000,0.864889,3892,509
threshold,0.200000,,0.865000,43,0.000000,0.864889,3892,516
threshold,0.200000,,0.865000,44,0.000000,0.864889,3892,516
threshold,0.200000,,0.865000,45,0.000000,0.864889,3892,509
threshold,0.200000,,0.865000,46,0.000000,0.864889,3892,509
threshold,0.200000,,0.865000,47,0.000000,0.864889,3892,509
threshold,0.200000,,0.865000,48,0.000000,0.864889,3892,508
threshold,0.200000,,0.865000,49,0.000000,0.864889,3892,508
threshold,0.200000,,0.870000,0,0.000000,0.870000,3915,509
threshold,0.200000,,0.870000,1,0.000000,0.870000,3915,508
threshold,0.200000,,0.870000,2,0.000000,0.870000,3915,510
threshold,0.200000,,0.870000,3,0.000000,0.870000,3915,510
threshold,0.200000,,0.870000,4,0.000000,0.870000,3915,509
threshold,0.200000,,0.870000,5,0.000000,0.870000,3915,510
threshold,0.200000,,0.870000,6,0.000000,0.870000,3915,509
threshold,0.200000,,0.870000,7,0.000000,0.870000,3915,509
threshold,0.200000,,0.870000,8,0.000000,0.870000,3915,510
threshold,0.200000,,0.870000,9,0.000000,0.870000,3915,508
threshold,0.200000,,0.870000,10,0.000000,0.870000,3915,510
threshold,0.200000,,0.870000,11,0.000000,0.870000,3915,511
threshold,0.200000,,0.870000,12,0.000000,0.870000,3915,510
threshold,0.200000,,0.870000,13,0.000000,0.870000,3915,511
threshold,0.200000,,0.870000,14,0.000000,0.870000,3915,509
threshold,0.200000,,0.870000,15,0.000000,0.870000,3915,507
threshold,0.200000,,0.870000,16,0.000000,0.870000,3915,516
threshold,0.200000,,0.870000,17,0.000000,0.870000,3915,509
threshold,0.200000,,0.870000,18,0.000000,0.870000,3915,510
threshold,0.200000,,0.870000,19,0.000000,0.870000,3915,508
threshold,0.200000,,0.870000,20,0.000000,0.870000,3915,509
threshold,0.200000,,0.870000,21,0.000000,0.870000,3915,513
threshold,0.200000,,0.870000,22,0.000000,0.870000,3915,510
threshold,0.200000,,0.870000,23,0.000000,0.870000,3915,508
threshold,0.200000,,0.870000,24,0.000000,0.870000,3915,509
threshold,0.200000,,0.870000,25,0.000000,0.870000,3915,508
threshold,0.200000,,0.870000,26,0.000000,0.870000,3915,509
threshold,0.200000,,0.870000,27,0.000000,0.870000,3915,512
threshold,0.200000,,0.870000,28,0.000000,0.870000,3915,512
threshold,0.200000,,0.870000,29,0.000000,0.870000,3915,511
threshold,0.200000,,0.870000,30,0.000000,0.870000,3915,509
threshold,0.200000,,0.870000,31,0.000000,0.870000,3915,509
threshold,0.200000,,0.870000,32,0.000000,0.870000,3915,510
threshold,0.200000,,0.870000,33,0.000000,0.870000,3915,510
threshold,0.200000,,0.870000,34,0.000000,0.870000,3915,512
threshold,0.200000,,0.870000,35,0.000000,0.870000,3915,510
threshold,0.200000,,0.870000,36,0.000000,0.870000,3915,509
threshold,0.200000,,0.870000,37,0.000000,0.870000,3915,511
threshold,0.200000,,0.870000,38,0.000000,0.870000,3915,513
threshold,0.200000,,0.870000,39,0.000000,0.870000,3915,510
threshold,0.200000,,0.870000,40,0.000000,0.870000,3915,512
threshold,0.200000,,0.870000,41,0.000000,0.870000,3915,507
threshold,0.200000,,0.870000,42,0.000000,0.870000,3915,508
threshold,0.200000,,0.870000,43,0.000000,0.870000,3915,513
threshold,0.200000,,0.870000,44,0.000000,0.870000,3915,515
threshold,0.200000,,0.870000,45,0.000000,0.870000,3915,508
threshold,0.200000,,0.870000,46,0.000000,0.870000,3915,507
threshold,0.200000,,0.870000,47,0.000000,0.870000,3915,509
threshold,0.200000,,0.870000,48,0.000000,0.870000,3915,508
threshold,0.200000,,0.870000,49,0.000000,0.870000,3915,507
threshold,0.200000,,0.875000,0,0.000000,0.874889,3937,507
threshold,0.200000,,0.875000,1,0.000000,0.874889,3937,508
threshold,0.200000,,0.875000,2,0.000000,0.874889,3937,508
threshold,0.200000,,0.875000,3,0.000000,0.874889,3937,509
threshold,0.200000,,0.875000,4,0.000000,0.874889,3937,509
threshold,0.200000,,0.875000,5,0.000000,0.874889,3937,510
threshold,0.200000,,0.875000,6,0.000000,0.874889,3937,509
threshold,0.200000,,0.875000,7,0.000000,0.874889,3937,509
threshold,0.200000,,0.875000,8,0.000000,0.874889,3937,510
threshold,0.200000,,0.875000,9,0.000000,0.874889,3937,508
threshold,0.200000,,0.875000,10,0.000000,0.874889,3937,508
threshold,0.200000,,0.875000,11,0.000000,0.874889,3937,509
threshold,0.200000,,0.875000,12,0.000000,0.874889,3937,510
threshold,0.200000,,0.875000,13,0.000000,0.874889,3937,509
threshold,0.200000,,0.875000,14,0.000000,0.874889,3937,509
threshold,0.200000,,0.875000,15,0.000000,0.874889,3937,507
threshold,0.200000,,0.875000,16,0.000000,0.874889,3937,510
threshold,0.200000,,0.875000,17,0.000000,0.874889,3937,508
threshold,0.200000,,0.875000,18,0.000000,0.874889,3937,510
threshold,0.200000,,0.875000,19,0.000000,0.874889,3937,508
threshold,0.200000,,0.875000,20,0.000000,0.874889,3937,508
threshold,0.200000,,0.875000,21,0.000000,0.874889,3937,513
threshold,0.200000,,0.875000,22,0.000000,0.874889,3937,509
threshold,0.200000,,0.875000,23,0.000000,0.874889,3937,508
threshold,0.200000,,0.875000,24,0.000000,0.874889,3937,508
threshold,0.200000,,0.875000,25,0.000000,0.874889,3937,508
threshold,0.200000,,0.875000,26,0.000000,0.874889,3937,508
threshold,0.200000,,0.875000,27,0.000000,0.874889,3937,511
threshold,0.200000,,0.875000,28,0.000000,0.874889,3937,509
threshold,0.200000,,0.875000,29,0.000000,0.874889,3937,511
threshold,0.200000,,0.875000,30,0.000000,0.874889,3937,507
threshold,0.200000,,0.875000,31,0.000000,0.874889,3937,509
threshold,0.200000,,0.875000,32,0.000000,0.874889,3937,509
threshold,0.200000,,0.875000,33,0.000000,0.874889,3937,507
threshold,0.200000,,0.875000,34,0.000000,0.874889,3937,510
threshold,0.200000,,0.875000,35,0.000000,0.874889,3937,509
threshold,0.200000,,0.875000,36,0.000000,0.874889,3937,508
threshold,0.200000,,0.875000,37,0.000000,0.874889,3937,511
threshold,0.200000,,0.875000,38,0.000000,0.874889,3937,512
threshold,0.200000,,0.875000,39,0.000000,0.874889,3937,509
threshold,0.200000,,0.875000,40,0.000000,0.874889,3937,512
threshold,0.200000,,0.875000,41,0.000000,0.874889,3937,506
threshold,0.200000,,0.875000,42,0.000000,0.874889,3937,508
threshold,0.200000,,0.875000,43,0.000000,0.874889,3937,512
threshold,0.200000,,0.875000,44,0.000000,0.874889,3937,513
threshold,0.200000,,0.875000,45,0.000000,0.874889,3937,507
threshold,0.200000,,0.875000,46,0.000000,0.874889,3937,507
threshold,0.200000,,0.875000,47,0.000000,0.874889,3937,507
threshold,0.200000,,0.875000,48,0.000000,0.874889,3937,508
threshold,0.200000,,0.875000,49,0.000000,0.874889,3937,506
threshold,0.200000,,0.880000,0,0.000000,0.880000,3960,507
threshold,0.200000,,0.880000,1,0.000000,0.880000,3960,507
threshold,0.200000,,0.880000,2,0.000000,0.880000,3960,508
threshold,0.200000,,0.880000,3,0.000000,0.880000,3960,509
threshold,0.200000,,0.880000,4,0.000000,0.880000,3960,508
threshold,0.200000,,0.880000,5,0.000000,0.880000,3960,510
threshold,0.200000,,0.880000,6,0.000000,0.880000,3960,507
threshold,0.200000,,0.880000,7,0.000000,0.880000,3960,508
threshold,0.200000,,0.880000,8,0.000000,0.880000,3960,510
threshold,0.200000,,0.880000,9,0.000000,0.880000,3960,508
threshold,0.200000,,0.880000,10,0.000000,0.880000,3960,507
threshold,0.200000,,0.880000,11,0.000000,0.880000,3960,508
threshold,0.200000,,0.880000,12,0.000000,0.880000,3960,510
threshold,0.200000,,0.880000,13,0.000000,0.880000,3960,508
threshold,0.200000,,0.880000,14,0.000000,0.880000,3960,509
threshold,0.200000,,0.880000,15,0.000000,0.880000,3960,507
threshold,0.200000,,0.880000,16,0.000000,0.880000,3960,510
threshold,0.200000,,0.880000,17,0.000000,0.880000,3960,507
threshold,0.200000,,0.880000,18,0.000000,0.880000,3960,509
threshold,0.200000,,0.880000,19,0.000000,0.880000,3960,508
threshold,0.200000,,0.880000,20,0.000000,0.880000,3960,508
threshold,0.200000,,0.880000,21,0.000000,0.880000,3960,512
threshold,0.200000,,0.880000,22,0.000000,0.880000,3960,509
threshold,0.200000,,0.880000,23,0.000000,0.880000,3960,507
threshold,0.200000,,0.880000,24,0.000000,0.880000,3960,508
threshold,0.200000,,0.880000,25,0.000000,0.880000,3960,508
threshold,0.200000,,0.880000,26,0.000000,0.880000,3960,508
threshold,0.200000,,0.880000,27,0.000000,0.880000,3960,509
threshold,0.200000,,0.880000,28,0.000000,0.880000,3960,509
threshold,0.200000,,0.880000,29,0.000000,0.880000,3960,509
threshold,0.200000,,0.880000,30,0.000000,0.880000,3960,507
threshold,0.200000,,0.880000,31,0.000000,0.880000,3960,508
threshold,0.200000,,0.880000,32,0.000000,0.880000,3960,509
threshold,0.200000,,0.880000,33,0.000000,0.880000,3960,507
threshold,0.200000,,0.880000,34,0.000000,0.880000,3960,509
threshold,0.200000,,0.880000,35,0.000000,0.880000,3960,509
threshold,0.200000,,0.880000,36,0.000000,0.880000,3960,508
threshold,0.200000,,0.880000,37,0.000000,0.880000,3960,508
threshold,0.200000,,0.880000,38,0.000000,0.880000,3960,510
threshold,0.200000,,0.880000,39,0.000000,0.880000,3960,509
threshold,0.200000,,0.880000,40,0.000000,0.880000,3960,510
threshold,0.200000,,0.880000,41,0.000000,0.880000,3960,505
threshold,0.200000,,0.880000,42,0.000000,0.880000,3960,508
threshold,0.200000,,0.880000,43,0.000000,0.880000,3960,510
threshold,0.200000,,0.880000,44,0.000000,0.880000,3960,512
threshold,0.200000,,0.880000,45,0.000000,0.880000,3960,507
threshold,0.200000,,0.880000,46,0.000000,0.880000,3960,507
threshold,0.200000,,0.880000,47,0.000000,0.880000,3960,507
threshold,0.200000,,0.880000,48,0.000000,0.880000,3960,508
threshold,0.200000,,0.880000,49,0.000000,0.880000,3960,506
threshold,0.200000,,0.885000,0,0.000000,0.884889,3982,507
threshold,0.200000,,0.885000,1,0.000000,0.884889,3982,507
threshold,0.200000,,0.885000,2,0.000000,0.884889,3982,508
threshold,0.200000,,0.885000,3,0.000000,0.884889,3982,509
threshold,0.200000,,0.885000,4,0.000000,0.884889,3982,508
threshold,0.200000,,0.885000,5,0.000000,0.884889,3982,508
threshold,0.200000,,0.885000,6,0.000000,0.884889,3982,507
threshold,0.200000,,0.885000,7,0.000000,0.884889,3982,507
threshold,0.200000,,0.885000,8,0.000000,0.884889,3982,510
threshold,0.200000,,0.885000,9,0.000000,0.884889,3982,507
threshold,0.200000,,0.885000,10,0.000000,0.884889,3982,507
threshold,0.200000,,0.885000,11,0.000000,0.884889,3982,507
threshold,0.200000,,0.885000,12,0.000000,0.884889,3982,509
threshold,0.200000,,0.885000,13,0.000000,0.884889,3982,508
threshold,0.200000,,0.885000,14,0.000000,0.884889,3982,507
threshold,0.200000,,0.885000,15,0.000000,0.884889,3982,507
threshold,0.200000,,0.885000,16,0.000000,0.884889,3982,509
threshold,0.200000,,0.885000,17,0.000000,0.884889,3982,507
threshold,0.200000,,0.885000,18,0.000000,0.884889,3982,509
threshold,0.200000,,0.885000,19,0.000000,0.884889,3982,507
threshold,0.200000,,0.885000,20,0.000000,0.884889,3982,508
threshold,0.200000,,0.885000,21,0.000000,0.884889,3982,512
threshold,0.200000,,0.885000,22,0.000000,0.884889,3982,508
threshold,0.200000,,0.885000,23,0.000000,0.884889,3982,507
threshold,0.200000,,0.885000,24,0.000000,0.884889,3982,508
threshold,0.200000,,0.885000,25,0.000000,0.884889,3982,508
threshold,0.200000,,0.885000,26,0.000000,0.884889,3982,507
threshold,0.200000,,0.885000,27,0.000000,0.884889,3982,508
threshold,0.200000,,0.885000,28,0.000000,0.884889,3982,509
threshold,0.200000,,0.885000,29,0.000000,0.884889,3982,509
threshold,0.200000,,0.885000,30,0.000000,0.884889,3982,507
threshold,0.200000,,0.885000,31,0.000000,0.884889,3982,507
threshold,0.200000,,0.885000,32,0.000000,0.884889,3982,509
threshold,0.200000,,0.885000,33,0.000000,0.884889,3982,507
threshold,0.200000,,0.885000,34,0.000000,0.884889,3982,509
threshold,0.200000,,0.885000,35,0.000000,0.884889,3982,509
threshold,0.200000,,0.885000,36,0.000000,0.884889,3982,507
threshold,0.200000,,0.885000,37,0.000000,0.884889,3982,508
threshold,0.200000,,0.885000,38,0.000000,0.884889,3982,510
threshold,0.200000,,0.885000,39,0.000000,0.884889,3982,509
threshold,0.200000,,0.885000,40,0.000000,0.884889,3982,509
threshold,0.200000,,0.885000,41,0.000000,0.884889,3982,505
threshold,0.200000,,0.885000,42,0.000000,0.884889,3982,508
threshold,0.200000,,0.885000,43,0.000000,0.884889,3982,510
threshold,0.200000,,0.885000,44,0.000000,0.884889,3982,510
threshold,0.200000,,0.885000,45,0.000000,0.884889,3982,506
threshold,0.200000,,0.885000,46,0.000000,0.884889,3982,507
threshold,0.200000,,0.885000,47,0.000000,0.884889,3982,507
threshold,0.200000,,0.885000,48,0.000000,0.884889,3982,508
threshold,0.200000,,0.885000,49,0.000000,0.884889,3982,506
threshold,0.200000,,0.890000,0,0.000000,0.890000,4005,507
threshold,0.200000,,0.890000,1,0.000000,0.890000,4005,507
threshold,0.200000,,0.890000,2,0.000000,0.890000,4005,507
threshold,0.200000,,0.890000,3,0.000000,0.890000,4005,509
threshold,0.200000,,0.890000,4,0.000000,0.890000,4005,508
threshold,0.200000,,0.890000,5,0.000000,0.890000,4005,508
threshold,0.200000,,0.890000,6,0.000000,0.890000,4005,507
threshold,0.200000,,0.890000,7,0.000000,0.890000,4005,506
threshold,0.200000,,0.890000,8,0.000000,0.890000,4005,510
threshold,0.200000,,0.890000,9,0.000000,0.890000,4005,507
threshold,0.200000,,0.890000,10,0.000000,0.890000,4005,506
threshold,0.200000,,0.890000,11,0.000000,0.890000,4005,507
threshold,0.200000,,0.890000,12,0.000000,0.890000,4005,509
threshold,0.200000,,0.890000,13,0.000000,0.890000,4005,508
threshold,0.200000,,0.890000,14,0.000000,0.890000,4005,507
threshold,0.200000,,0.890000,15,0.000000,0.890000,4005,506
threshold,0.200000,,0.890000,16,0.000000,0.890000,4005,508
threshold,0.200000,,0.890000,17,0.000000,0.890000,4005,507
threshold,0.200000,,0.890000,18,0.000000,0.890000,4005,508
threshold,0.200000,,0.890000,19,0.000000,0.890000,4005,507
threshold,0.200000,,0.890000,20,0.000000,0.890000,4005,508
threshold,0.200000,,0.890000,21,0.000000,0.890000,4005,511
threshold,0.200000,,0.890000,22,0.000000,0.890000,4005,507
threshold,0.200000,,0.890000,23,0.000000,0.890000,4005,506
threshold,0.200000,,0.890000,24,0.000000,0.890000,4005,507
threshold,0.200000,,0.890000,25,0.000000,0.890000,4005,506
threshold,0.200000,,0.890000,26,0.000000,0.890000,4005,507
threshold,0.200000,,0.890000,27,0.000000,0.890000,4005,507
threshold,0.200000,,0.890000,28,0.000000,0.890000,4005,509
threshold,0.200000,,0.890000,29,0.000000,0.890000,4005,509
threshold,0.200000,,0.890000,30,0.000000,0.890000,4005,507
threshold,0.200000,,0.890000,31,0.000000,0.890000,4005,507
threshold,0.200000,,0.890000,32,0.000000,0.890000,4005,508
threshold,0.200000,,0.890000,33,0.000000,0.890000,4005,507
threshold,0.200000,,0.890000,34,0.000000,0.890000,4005,509
threshold,0.200000,,0.890000,35,0.000000,0.890000,4005,509
threshold,0.200000,,0.890000,36,0.000000,0.890000,4005,507
threshold,0.200000,,0.890000,37,0.000000,0.890000,4005,508
threshold,0.200000,,0.890000,38,0.000000,0.890000,4005,510
threshold,0.200000,,0.890000,39,0.000000,0.890000,4005,508
threshold,0.200000,,0.890000,40,0.000000,0.890000,4005,509
threshold,0.200000,,0.890000,41,0.000000,0.890000,4005,505
threshold,0.200000,,0.890000,42,0.000000,0.890000,4005,508
threshold,0.200000,,0.890000,43,0.000000,0.890000,4005,509
threshold,0.200000,,0.890000,44,0.000000,0.890000,4005,510
threshold,0.200000,,0.890000,45,0.000000,0.890000,4005,506
threshold,0.200000,,0.890000,46,0.000000,0.890000,4005,506
threshold,0.200000,,0.890000,47,0.000000,0.890000,4005,507
threshold,0.200000,,0.890000,48,0.000000,0.890000,4005,508
threshold,0.200000,,0.890000,49,0.000000,0.890000,4005,506
threshold,0.200000,,0.895000,0,0.000000,0.894889,4027,506
threshold,0.200000,,0.895000,1,0.000000,0.894889,4027,507
threshold,0.200000,,0.895000,2,0.000000,0.894889,4027,507
threshold,0.200000,,0.895000,3,0.000000,0.894889,4027,509
threshold,0.200000,,0.895000,4,0.000000,0.894889,4027,507
threshold,0.200000,,0.895000,5,0.000000,0.894889,4027,508
threshold,0.200000,,0.895000,6,0.000000,0.894889,4027,507
threshold,0.200000,,0.895000,7,0.000000,0.894889,4027,506
threshold,0.200000,,0.895000,8,0.000000,0.894889,4027,509
threshold,0.200000,,0.895000,9,0.000000,0.894889,4027,507
threshold,0.200000,,0.895000,10,0.000000,0.894889,4027,506
threshold,0.200000,,0.895000,11,0.000000,0.894889,4027,507
threshold,0.200000,,0.895000,12,0.000000,0.894889,4027,508
threshold,0.200000,,0.895000,13,0.000000,0.894889,4027,508
threshold,0.200000,,0.895000,14,0.000000,0.894889,4027,507
threshold,0.200000,,0.895000,15,0.000000,0.894889,4027,506
threshold,0.200000,,0.895000,16,0.000000,0.894889,4027,508
threshold,0.200000,,0.895000,17,0.000000,0.894889,4027,507
threshold,0.200000,,0.895000,18,0.000000,0.894889,4027,508
threshold,0.200000,,0.895000,19,0.000000,0.894889,4027,507
threshold,0.200000,,0.895000,20,0.000000,0.894889,4027,508
threshold,0.200000,,0.895000,21,0.000000,0.894889,4027,511
threshold,0.200000,,0.895000,22,0.000000,0.894889,4027,507
threshold,0.200000,,0.895000,23,0.000000,0.894889,4027,506
threshold,0.200000,,0.895000,24,0.000000,0.894889,4027,507
threshold,0.200000,,0.895000,25,0.000000,0.894889,4027,506
threshold,0.200000,,0.895000,26,0.000000,0.894889,4027,507
threshold,0.200000,,0.895000,27,0.000000,0.894889,4027,506
threshold,0.200000,,0.895000,28,0.000000,0.894889,4027,508
threshold,0.200000,,0.895000,29,0.000000,0.894889,4027,508
threshold,0.200000,,0.895000,30,0.000000,0.894889,4027,506
threshold,0.200000,,0.895000,31,0.000000,0.894889,4027,507
threshold,0.200000,,0.895000,32,0.000000,0.894889,4027,507
threshold,0.200000,,0.895000,33,0.000000,0.894889,4027,506
threshold,0.200000,,0.895000,34,0.000000,0.894889,4027,508
threshold,0.200000,,0.895000,35,0.000000,0.894889,4027,509
threshold,0.200000,,0.895000,36,0.000000,0.894889,4027,507
threshold,0.200000,,0.895000,37,0.000000,0.894889,4027,507
threshold,0.200000,,0.895000,38,0.000000,0.894889,4027,510
threshold,0.200000,,0.895000,39,0.000000,0.894889,4027,508
threshold,0.200000,,0.895000,40,0.000000,0.894889,4027,509
threshold,0.200000,,0.895000,41,0.000000,0.894889,4027,505
threshold,0.200000,,0.895000,42,0.000000,0.894889,4027,508
threshold,0.200000,,0.895000,43,0.000000,0.894889,4027,508
threshold,0.200000,,0.895000,44,0.000000,0.894889,4027,509
threshold,0.200000,,0.895000,45,0.000000,0.894889,4027,505
threshold,0.200000,,0.895000,46,0.000000,0.894889,4027,506
threshold,0.200000,,0.895000,47,0.000000,0.894889,4027,506
threshold,0.200000,,0.895000,48,0.000000,0.894889,4027,508
threshold,0.200000,,0.895000,49,0.000000,0.894889,4027,506
threshold,0.200000,,0.900000,0,0.000000,0.900000,4050,506
threshold,0.200000,,0.900000,1,0.000000,0.900000,4050,507
threshold,0.200000,,0.900000,2,0.000000,0.900000,4050,506
threshold,0.200000,,0.900000,3,0.000000,0.900000,4050,507
threshold,0.200000,,0.900000,4,0.000000,0.900000,4050,507
threshold,0.200000,,0.900000,5,0.000000,0.900000,4050,508
threshold,0.200000,,0.900000,6,0.000000,0.900000,4050,507
threshold,0.200000,,0.900000,7,0.000000,0.900000,4050,506
threshold,0.200000,,0.900000,8,0.000000,0.900000,4050,509
threshold,0.200000,,0.900000,9,0.000000,0.900000,4050,506
threshold,0.200000,,0.900000,10,0.000000,0.900000,4050,506
threshold,0.200000,,0.900000,11,0.000000,0.900000,4050,506
threshold,0.200000,,0.900000,12,0.000000,0.900000,4050,508
threshold,0.200000,,0.900000,13,0.000000,0.900000,4050,508
threshold,0.200000,,0.900000,14,0.000000,0.900000,4050,507
threshold,0.200000,,0.900000,15,0.000000,0.900000,4050,506
threshold,0.200000,,0.900000,16,0.000000,0.900000,4050,508
threshold,0.200000,,0.900000,17,0.000000,0.900000,4050,507
threshold,0.200000,,0.900000,18,0.000000,0.900000,4050,508
threshold,0.200000,,0.900000,19,0.000000,0.900000,4050,507
threshold,0.200000,,0.900000,20,0.000000,0.900000,4050,507
threshold,0.200000,,0.900000,21,0.000000,0.900000,4050,510
threshold,0.200000,,0.900000,22,0.000000,0.900000,4050,507
threshold,0.200000,,0.900000,23,0.000000,0.900000,4050,506
threshold,0.200000,,0.900000,24,0.000000,0.900000,4050,507
threshold,0.200000,,0.900000,25,0.000000,0.900000,4050,506
threshold,0.200000,,0.900000,26,0.000000,0.900000,4050,507
threshold,0.200000,,0.900000,27,0.000000,0.900000,4050,506
threshold,0.200000,,0.900000,28,0.000000,0.900000,4050,507
threshold,0.200000,,0.900000,29,0.000000,0.900000,4050,506
threshold,0.200000,,0.900000,30,0.000000,0.900000,4050,505
threshold,0.200000,,0.900000,31,0.000000,0.900000,4050,506
threshold,0.200000,,0.900000,32,0.000000,0.900000,4050,507
threshold,0.200000,,0.900000,33,0.000000,0.900000,4050,506
threshold,0.200000,,0.900000,34,0.000000,0.900000,4050,507
threshold,0.200000,,0.900000,35,0.000000,0.900000,4050,509
threshold,0.200000,,0.900000,36,0.000000,0.900000,4050,507
threshold,0.200000,,0.900000,37,0.000000,0.900000,4050,507
threshold,0.200000,,0.900000,38,0.000000,0.900000,4050,509
threshold,0.200000,,0.900000,39,0.000000,0.900000,4050,507
threshold,0.200000,,0.900000,40,0.000000,0.900000,4050,507
threshold,0.200000,,0.900000,41,0.000000,0.900000,4050,505
threshold,0.200000,,0.900000,42,0.000000,0.900000,4050,507
threshold,0.200000,,0.900000,43,0.000000,0.900000,4050,507
threshold,0.200000,,0.900000,44,0.000000,0.900000,4050,509
threshold,0.200000,,0.900000,45,0.000000,0.900000,4050,505
threshold,0.200000,,0.900000,46,0.000000,0.900000,4050,506
threshold,0.200000,,0.900000,47,0.000000,0.900000,4050,506
threshold,0.200000,,0.900000,48,0.000000,0.900000,4050,506
threshold,0.200000,,0.900000,49,0.000000,0.900000,4050,506
threshold,0.200000,,0.905000,0,0.000000,0.904889,4072,506
threshold,0.200000,,0.905000,1,0.000000,0.904889,4072,506
threshold,0.200000,,0.905000,2,0.000000,0.904889,4072,506
threshold,0.200000,,0.905000,3,0.000000,0.904889,4072,507
threshold,0.200000,,0.905000,4,0.000000,0.904889,4072,507
threshold,0.200000,,0.905000,5,0.000000,0.904889,4072,507
threshold,0.200000,,0.905000,6,0.000000,0.904889,4072,506
threshold,0.200000,,0.905000,7,0.000000,0.904889,4072,506
threshold,0.200000,,0.905000,8,0.000000,0.904889,4072,508
threshold,0.200000,,0.905000,9,0.000000,0.904889,4072,506
threshold,0.200000,,0.905000,10,0.000000,0.904889,4072,506
threshold,0.200000,,0.905000,11,0.000000,0.904889,4072,506
threshold,0.200000,,0.905000,12,0.000000,0.904889,4072,508
threshold,0.200000,,0.905000,13,0.000000,0.904889,4072,508
threshold,0.200000,,0.905000,14,0.000000,0.904889,4072,506
threshold,0.200000,,0.905000,15,0.000000,0.904889,4072,506
threshold,0.200000,,0.905000,16,0.000000,0.904889,4072,508
threshold,0.200000,,0.905000,17,0.000000,0.904889,4072,507
threshold,0.200000,,0.905000,18,0.000000,0.904889,4072,508
threshold,0.200000,,0.905000,19,0.000000,0.904889,4072,506
threshold,0.200000,,0.905000,20,0.000000,0.904889,4072,506
threshold,0.200000,,0.905000,21,0.000000,0.904889,4072,509
threshold,0.200000,,0.905000,22,0.000000,0.904889,4072,506
threshold,0.200000,,0.905000,23,0.000000,0.904889,4072,506
threshold,0.200000,,0.905000,24,0.000000,0.904889,4072,507
threshold,0.200000,,0.905000,25,0.000000,0.904889,4072,506
threshold,0.200000,,0.905000,26,0.000000,0.904889,4072,506
threshold,0.200000,,0.905000,27,0.000000,0.904889,4072,506
threshold,0.200000,,0.905000,28,0.000000,0.904889,4072,507
threshold,0.200000,,0.905000,29,0.000000,0.904889,4072,506
threshold,0.200000,,0.905000,30,0.000000,0.904889,4072,505
threshold,0.200000,,0.905000,31,0.000000,0.904889,4072,506
threshold,0.200000,,0.905000,32,0.000000,0.904889,4072,507
threshold,0.200000,,0.905000,33,0.000000,0.904889,4072,506
threshold,0.200000,,0.905000,34,0.000000,0.904889,4072,506
threshold,0.200000,,0.905000,35,0.000000,0.904889,4072,509
threshold,0.200000,,0.905000,36,0.000000,0.904889,4072,507
threshold,0.200000,,0.905000,37,0.000000,0.904889,4072,507
threshold,0.200000,,0.905000,38,0.000000,0.904889,4072,509
threshold,0.200000,,0.905000,39,0.000000,0.904889,4072,507
threshold,0.200000,,0.905000,40,0.000000,0.904889,4072,506
threshold,0.200000,,0.905000,41,0.000000,0.904889,4072,505
threshold,0.200000,,0.905000,42,0.000000,0.904889,4072,507
threshold,0.200000,,0.905000,43,0.000000,0.904889,4072,507
threshold,0.200000,,0.905000,44,0.000000,0.904889,4072,509
threshold,0.200000,,0.905000,45,0.000000,0.904889,4072,505
threshold,0.200000,,0.905000,46,0.000000,0.904889,4072,506
threshold,0.200000,,0.905000,47,0.000000,0.904889,4072,506
threshold,0.200000,,0.905000,48,0.000000,0.904889,4072,506
threshold,0.200000,,0.905000,49,0.000000,0.904889,4072,506
threshold,0.200000,,0.910000,0,0.000000,0.910000,4095,505
threshold,0.200000,,0.910000,1,0.000000,0.910000,4095,505
threshold,0.200000,,0.910000,2,0.000000,0.910000,4095,506
threshold,0.200000,,0.910000,3,0.000000,0.910000,4095,507
threshold,0.200000,,0.910000,4,0.000000,0.910000,4095,506
threshold,0.200000,,0.910000,5,0.000000,0.910000,4095,506
threshold,0.200000,,0.910000,6,0.000000,0.910000,4095,506
threshold,0.200000,,0.910000,7,0.000000,0.910000,4095,505
threshold,0.200000,,0.910000,8,0.000000,0.910000,4095,508
threshold,0.200000,,0.910000,9,0.000000,0.910000,4095,506
threshold,0.200000,,0.910000,10,0.000000,0.910000,4095,506
threshold,0.200000,,0.910000,11,0.000000,0.910000,4095,506
threshold,0.200000,,0.910000,12,0.000000,0.910000,4095,507
threshold,0.200000,,0.910000,13,0.000000,0.910000,4095,508
threshold,0.200000,,0.910000,14,0.000000,0.910000,4095,506
threshold,0.200000,,0.910000,15,0.000000,0.910000,4095,505
threshold,0.200000,,0.910000,16,0.000000,0.910000,4095,508
threshold,0.200000,,0.910000,17,0.000000,0.910000,4095,507
threshold,0.200000,,0.910000,18,0.000000,0.910000,4095,508
threshold,0.200000,,0.910000,19,0.000000,0.910000,4095,506
threshold,0.200000,,0.910000,20,0.000000,0.910000,4095,506
threshold,0.200000,,0.910000,21,0.000000,0.910000,4095,509
threshold,0.200000,,0.910000,22,0.000000,0.910000,4095,505
threshold,0.200000,,0.910000,23,0.000000,0.910000,4095,506
threshold,0.200000,,0.910000,24,0.000000,0.910000,4095,506
threshold,0.200000,,0.910000,25,0.000000,0.910000,4095,505
threshold,0.200000,,0.910000,26,0.000000,0.910000,4095,506
threshold,0.200000,,0.910000,27,0.000000,0.910000,4095,506
threshold,0.200000,,0.910000,28,0.000000,0.910000,4095,507
threshold,0.200000,,0.910000,29,0.000000,0.910000,4095,506
threshold,0.200000,,0.910000,30,0.000000,0.910000,4095,505
threshold,0.200000,,0.910000,31,0.000000,0.910000,4095,505
threshold,0.200000,,0.910000,32,0.000000,0.910000,4095,506
threshold,0.200000,,0.910000,33,0.000000,0.910000,4095,505
threshold,0.200000,,0.910000,34,0.000000,0.910000,4095,505
threshold,0.200000,,0.910000,35,0.000000,0.910000,4095,508
threshold,0.200000,,0.910000,36,0.000000,0.910000,4095,507
threshold,0.200000,,0.910000,37,0.000000,0.910000,4095,506
threshold,0.200000,,0.910000,38,0.000000,0.910000,4095,509
threshold,0.200000,,0.910000,39,0.000000,0.910000,4095,507
threshold,0.200000,,0.910000,40,0.000000,0.910000,4095,506
threshold,0.200000,,0.910000,41,0.000000,0.910000,4095,505
threshold,0.200000,,0.910000,42,0.000000,0.910000,4095,506
threshold,0.200000,,0.910000,43,0.000000,0.910000,4095,506
threshold,0.200000,,0.910000,44,0.000000,0.910000,4095,508
threshold,0.200000,,0.910000,45,0.000000,0.910000,4095,505
threshold,0.200000,,0.910000,46,0.000000,0.910000,4095,506
threshold,0.200000,,0.910000,47,0.000000,0.910000,4095,506
threshold,0.200000,,0.910000,48,0.000000,0.910000,4095,506
threshold,0.200000,,0.910000,49,0.000000,0.910000,4095,505
threshold,0.200000,,0.915000,0,0.000000,0.914889,4117,505
threshold,0.200000,,0.915000,1,0.000000,0.914889,4117,505
threshold,0.200000,,0.915000,2,0.000000,0.914889,4117,506
threshold,0.200000,,0.915000,3,0.000000,0.914889,4117,506
threshold,0.200000,,0.915000,4,0.000000,0.914889,4117,506
threshold,0.200000,,0.915000,5,0.000000,0.914889,4117,505
threshold,0.200000,,0.915000,6,0.000000,0.914889,4117,505
threshold,0.200000,,0.915000,7,0.000000,0.914889,4117,505
threshold,0.200000,,0.915000,8,0.000000,0.914889,4117,507
threshold,0.200000,,0.915000,9,0.000000,0.914889,4117,505
threshold,0.200000,,0.915000,10,0.000000,0.914889,4117,505
threshold,0.200000,,0.915000,11,0.000000,0.914889,4117,505
threshold,0.200000,,0.915000,12,0.000000,0.914889,4117,506
threshold,0.200000,,0.915000,13,0.000000,0.914889,4117,507
threshold,0.200000,,0.915000,14,0.000000,0.914889,4117,506
threshold,0.200000,,0.915000,15,0.000000,0.914889,4117,505
threshold,0.200000,,0.915000,16,0.000000,0.914889,4117,507
threshold,0.200000,,0.915000,17,0.000000,0.914889,4117,507
threshold,0.200000,,0.915000,18,0.000000,0.914889,4117,508
threshold,0.200000,,0.915000,19,0.000000,0.914889,4117,506
threshold,0.200000,,0.915000,20,0.000000,0.914889,4117,506
threshold,0.200000,,0.915000,21,0.000000,0.914889,4117,509
threshold,0.200000,,0.915000,22,0.000000,0.914889,4117,505
threshold,0.200000,,0.915000,23,0.000000,0.914889,4117,505
threshold,0.200000,,0.915000,24,0.000000,0.914889,4117,505
threshold,0.200000,,0.915000,25,0.000000,0.914889,4117,505
threshold,0.200000,,0.915000,26,0.000000,0.914889,4117,506
threshold,0.200000,,0.915000,27,0.000000,0.914889,4117,505
threshold,0.200000,,0.915000,28,0.000000,0.914889,4117,506
threshold,0.200000,,0.915000,29,0.000000,0.914889,4117,506
threshold,0.200000,,0.915000,30,0.000000,0.914889,4117,505
threshold,0.200000,,0.915000,31,0.000000,0.914889,4117,505
threshold,0.200000,,0.915000,32,0.000000,0.914889,4117,505
threshold,0.200000,,0.915000,33,0.000000,0.914889,4117,505
threshold,0.200000,,0.915000,34,0.000000,0.914889,4117,505
threshold,0.200000,,0.915000,35,0.000000,0.914889,4117,508
threshold,0.200000,,0.915000,36,0.000000,0.914889,4117,507
threshold,0.200000,,0.915000,37,0.000000,0.914889,4117,505
threshold,0.200000,,0.915000,38,0.000000,0.914889,4117,507
threshold,0.200000,,0.915000,39,0.000000,0.914889,4117,506
threshold,0.200000,,0.915000,40,0.000000,0.914889,4117,506
threshold,0.200000,,0.915000,41,0.000000,0.914889,4117,505
threshold,0.200000,,0.915000,42,0.000000,0.914889,4117,506
threshold,0.200000,,0.915000,43,0.000000,0.914889,4117,506
threshold,0.200000,,0.915000,44,0.000000,0.914889,4117,508
threshold,0.200000,,0.915000,45,0.000000,0.914889,4117,505
threshold,0.200000,,0.915000,46,0.000000,0.914889,4117,506
threshold,0.200000,,0.915000,47,0.000000,0.914889,4117,506
threshold,0.200000,,0.915000,48,0.000000,0.914889,4117,506
threshold,0.200000,,0.915000,49,0.000000,0.914889,4117,505
threshold,0.200000,,0.920000,0,0.000000,0.920000,4140,505
threshold,0.200000,,0.920000,1,0.000000,0.920000,4140,504
threshold,0.200000,,0.920000,2,0.000000,0.920000,4140,506
threshold,0.200000,,0.920000,3,0.000000,0.920000,4140,506
threshold,0.200000,,0.920000,4,0.000000,0.920000,4140,506
threshold,0.200000,,0.920000,5,0.000000,0.920000,4140,505
threshold,0.200000,,0.920000,6,0.000000,0.920000,4140,505
threshold,0.200000,,0.920000,7,0.000000,0.920000,4140,505
threshold,0.200000,,0.920000,8,0.000000,0.920000,4140,506
threshold,0.200000,,0.920000,9,0.000000,0.920000,4140,505
threshold,0.200000,,0.920000,10,0.000000,0.920000,4140,505
threshold,0.200000,,0.920000,11,0.000000,0.920000,4140,505
threshold,0.200000,,0.920000,12,0.000000,0.920000,4140,505
threshold,0.200000,,0.920000,13,0.000000,0.920000,4140,506
threshold,0.200000,,0.920000,14,0.000000,0.920000,4140,505
threshold,0.200000,,0.920000,15,0.000000,0.920000,4140,505
threshold,0.200000,,0.920000,16,0.000000,0.920000,4140,506
threshold,0.200000,,0.920000,17,0.000000,0.920000,4140,506
threshold,0.200000,,0.920000,18,0.000000,0.920000,4140,507
threshold,0.200000,,0.920000,19,0.000000,0.920000,4140,506
threshold,0.200000,,0.920000,20,0.000000,0.920000,4140,506
threshold,0.200000,,0.920000,21,0.000000,0.920000,4140,509
threshold,0.200000,,0.920000,22,0.000000,0.920000,4140,505
threshold,0.200000,,0.920000,23,0.000000,0.920000,4140,505
threshold,0.200000,,0.920000,24,0.000000,0.920000,4140,505
threshold,0.200000,,0.920000,25,0.000000,0.920000,4140,504
threshold,0.200000,,0.920000,26,0.000000,0.920000,4140,505
threshold,0.200000,,0.920000,27,0.000000,0.920000,4140,505
threshold,0.200000,,0.920000,28,0.000000,0.920000,4140,505
threshold,0.200000,,0.920000,29,0.000000,0.920000,4140,506
threshold,0.200000,,0.920000,30,0.000000,0.920000,4140,504
threshold,0.200000,,0.920000,31,0.000000,0.920000,4140,505
threshold,0.200000,,0.920000,32,0.000000,0.920000,4140,505
threshold,0.200000,,0.920000,33,0.000000,0.920000,4140,505
threshold,0.200000,,0.920000,34,0.000000,0.920000,4140,505
threshold,0.200000,,0.920000,35,0.000000,0.920000,4140,507
threshold,0.200000,,0.920000,36,0.000000,0.920000,4140,507
threshold,0.200000,,0.920000,37,0.000000,0.920000,4140,505
threshold,0.200000,,0.920000,38,0.000000,0.920000,4140,506
threshold,0.200000,,0.920000,39,0.000000,0.920000,4140,506
threshold,0.200000,,0.920000,40,0.000000,0.920000,4140,505
threshold,0.200000,,0.920000,41,0.000000,0.920000,4140,504
threshold,0.200000,,0.920000,42,0.000000,0.920000,4140,505
threshold,0.200000,,0.920000,43,0.000000,0.920000,4140,506
threshold,0.200000,,0.920000,44,0.000000,0.920000,4140,508
threshold,0.200000,,0.920000,45,0.000000,0.920000,4140,505
threshold,0.200000,,0.920000,46,0.000000,0.920000,4140,506
threshold,0.200000,,0.920000,47,0.000000,0.920000,4140,505
threshold,0.200000,,0.920000,48,0.000000,0.920000,4140,505
threshold,0.200000,,0.920000,49,0.000000,0.920000,4140,504
threshold,0.200000,,0.925000,0,0.000000,0.924889,4162,504
threshold,0.200000,,0.925000,1,0.000000,0.924889,4162,504
threshold,0.200000,,0.925000,2,0.000000,0.924889,4162,506
threshold,0.200000,,0.925000,3,0.000000,0.924889,4162,506
threshold,0.200000,,0.925000,4,0.000000,0.924889,4162,506
threshold,0.200000,,0.925000,5,0.000000,0.924889,4162,505
threshold,0.200000,,0.925000,6,0.000000,0.924889,4162,504
threshold,0.200000,,0.925000,7,0.000000,0.924889,4162,505
threshold,0.200000,,0.925000,8,0.000000,0.924889,4162,506
threshold,0.200000,,0.925000,9,0.000000,0.924889,4162,505
threshold,0.200000,,0.925000,10,0.000000,0.924889,4162,505
threshold,0.200000,,0.925000,11,0.000000,0.924889,4162,505
threshold,0.200000,,0.925000,12,0.000000,0.924889,4162,505
threshold,0.200000,,0.925000,13,0.000000,0.924889,4162,506
threshold,0.200000,,0.925000,14,0.000000,0.924889,4162,505
threshold,0.200000,,0.925000,15,0.000000,0.924889,4162,505
threshold,0.200000,,0.925000,16,0.000000,0.924889,4162,505
threshold,0.200000,,0.925000,17,0.000000,0.924889,4162,506
threshold,0.200000,,0.925000,18,0.000000,0.924889,4162,506
threshold,0.200000,,0.925000,19,0.000000,0.924889,4162,505
threshold,0.200000,,0.925000,20,0.000000,0.924889,4162,505
threshold,0.200000,,0.925000,21,0.000000,0.924889,4162,507
threshold,0.200000,,0.925000,22,0.000000,0.924889,4162,505
threshold,0.200000,,0.925000,23,0.000000,0.924889,4162,505
threshold,0.200000,,0.925000,24,0.000000,0.924889,4162,505
threshold,0.200000,,0.925000,25,0.000000,0.924889,4162,504
threshold,0.200000,,0.925000,26,0.000000,0.924889,4162,505
threshold,0.200000,,0.925000,27,0.000000,0.924889,4162,505
threshold,0.200000,,0.925000,28,0.000000,0.924889,4162,505
threshold,0.200000,,0.925000,29,0.000000,0.924889,4162,506
threshold,0.200000,,0.925000,30,0.000000,0.924889,4162,504
threshold,0.200000,,0.925000,31,0.000000,0.924889,4162,504
threshold,0.200000,,0.925000,32,0.000000,0.924889,4162,505
threshold,0.200000,,0.925000,33,0.000000,0.924889,4162,505
threshold,0.200000,,0.925000,34,0.000000,0.924889,4162,505
threshold,0.200000,,0.925000,35,0.000000,0.924889,4162,507
threshold,0.200000,,0.925000,36,0.000000,0.924889,4162,506
threshold,0.200000,,0.925000,37,0.000000,0.924889,4162,505
threshold,0.200000,,0.925000,38,0.000000,0.924889,4162,506
threshold,0.200000,,0.925000,39,0.000000,0.924889,4162,505
threshold,0.200000,,0.925000,40,0.000000,0.924889,4162,505
threshold,0.200000,,0.925000,41,0.000000,0.924889,4162,504
threshold,0.200000,,0.925000,42,0.000000,0.924889,4162,504
threshold,0.200000,,0.925000,43,0.000000,0.924889,4162,506
threshold,0.200000,,0.925000,44,0.000000,0.924889,4162,507
threshold,0.200000,,0.925000,45,0.000000,0.924889,4162,505
threshold,0.200000,,0.925000,46,0.000000,0.924889,4162,506
threshold,0.200000,,0.925000,47,0.000000,0.924889,4162,505
threshold,0.200000,,0.925000,48,0.000000,0.924889,4162,505
threshold,0.200000,,0.925000,49,0.000000,0.924889,4162,504
threshold,0.200000,,0.930000,0,0.000000,0.930000,4185,504
threshold,0.200000,,0.930000,1,0.000000,0.930000,4185,504
threshold,0.200000,,0.930000,2,0.000000,0.930000,4185,506
threshold,0.200000,,0.930000,3,0.000000,0.930000,4185,506
threshold,0.200000,,0.930000,4,0.000000,0.930000,4185,506
threshold,0.200000,,0.930000,5,0.000000,0.930000,4185,505
threshold,0.200000,,0.930000,6,0.000000,0.930000,4185,504
threshold,0.200000,,0.930000,7,0.000000,0.930000,4185,505
threshold,0.200000,,0.930000,8,0.000000,0.930000,4185,505
threshold,0.200000,,0.930000,9,0.000000,0.930000,4185,504
threshold,0.200000,,0.930000,10,0.000000,0.930000,4185,505
threshold,0.200000,,0.930000,11,0.000000,0.930000,4185,504
threshold,0.200000,,0.930000,12,0.000000,0.930000,4185,505
threshold,0.200000,,0.930000,13,0.000000,0.930000,4185,505
threshold,0.200000,,0.930000,14,0.000000,0.930000,4185,504
threshold,0.200000,,0.930000,15,0.000000,0.930000,4185,505
threshold,0.200000,,0.930000,16,0.000000,0.930000,4185,504
threshold,0.200000,,0.930000,17,0.000000,0.930000,4185,506
threshold,0.200000,,0.930000,18,0.000000,0.930000,4185,506
threshold,0.200000,,0.930000,19,0.000000,0.930000,4185,504
threshold,0.200000,,0.930000,20,0.000000,0.930000,4185,505
threshold,0.200000,,0.930000,21,0.000000,0.930000,4185,506
threshold,0.200000,,0.930000,22,0.000000,0.930000,4185,504
threshold,0.200000,,0.930000,23,0.000000,0.930000,4185,505
threshold,0.200000,,0.930000,24,0.000000,0.930000,4185,505
threshold,0.200000,,0.930000,25,0.000000,0.930000,4185,504
threshold,0.200000,,0.930000,26,0.000000,0.930000,4185,505
threshold,0.200000,,0.930000,27,0.000000,0.930000,4185,504
threshold,0.200000,,0.930000,28,0.000000,0.930000,4185,505
threshold,0.200000,,0.930000,29,0.000000,0.930000,4185,505
threshold,0.200000,,0.930000,30,0.000000,0.930000,4185,504
threshold,0.200000,,0.930000,31,0.000000,0.930000,4185,504
threshold,0.200000,,0.930000,32,0.000000,0.930000,4185,505
threshold,0.200000,,0.930000,33,0.000000,0.930000,4185,505
threshold,0.200000,,0.930000,34,0.000000,0.930000,4185,505
threshold,0.200000,,0.930000,35,0.000000,0.930000,4185,507
threshold,0.200000,,0.930000,36,0.000000,0.930000,4185,506
threshold,0.200000,,0.930000,37,0.000000,0.930000,4185,505
threshold,0.200000,,0.930000,38,0.000000,0.930000,4185,505
threshold,0.200000,,0.930000,39,0.000000,0.930000,4185,505
threshold,0.200000,,0.930000,40,0.000000,0.930000,4185,504
threshold,0.200000,,0.930000,41,0.000000,0.930000,4185,504
threshold,0.200000,,0.930000,42,0.000000,0.930000,4185,504
threshold,0.200000,,0.930000,43,0.000000,0.930000,4185,506
threshold,0.200000,,0.930000,44,0.000000,0.930000,4185,507
threshold,0.200000,,0.930000,45,0.000000,0.930000,4185,505
threshold,0.200000,,0.930000,46,0.000000,0.930000,4185,506
threshold,0.200000,,0.930000,47,0.000000,0.930000,4185,504
threshold,0.200000,,0.930000,48,0.000000,0.930000,4185,505
threshold,0.200000,,0.930000,49,0.000000,0.930000,4185,504
threshold,0.200000,,0.935000,0,0.000000,0.934889,4207,504
threshold,0.200000,,0.935000,1,0.000000,0.934889,4207,504
threshold,0.200000,,0.935000,2,0.000000,0.934889,4207,506
threshold,0.200000,,0.935000,3,0.000000,0.934889,4207,506
threshold,0.200000,,0.935000,4,0.000000,0.934889,4207,506
threshold,0.200000,,0.935000,5,0.000000,0.934889,4207,504
threshold,0.200000,,0.935000,6,0.000000,0.934889,4207,504
threshold,0.200000,,0.935000,7,0.000000,0.934889,4207,505
threshold,0.200000,,0.935000,8,0.000000,0.934889,4207,504
threshold,0.200000,,0.935000,9,0.000000,0.934889,4207,503
threshold,0.200000,,0.935000,10,0.000000,0.934889,4207,505
threshold,0.200000,,0.935000,11,0.000000,0.934889,4207,504
threshold,0.200000,,0.935000,12,0.000000,0.934889,4207,505
threshold,0.200000,,0.935000,13,0.000000,0.934889,4207,505
threshold,0.200000,,0.935000,14,0.000000,0.934889,4207,504
threshold,0.200000,,0.935000,15,0.000000,0.934889,4207,505
threshold,0.200000,,0.935000,16,0.000000,0.934889,4207,504
threshold,0.200000,,0.935000,17,0.000000,0.934889,4207,506
threshold,0.200000,,0.935000,18,0.000000,0.934889,4207,506
threshold,0.200000,,0.935000,19,0.000000,0.934889,4207,504
threshold,0.200000,,0.935000,20,0.000000,0.934889,4207,505
threshold,0.200000,,0.935000,21,0.000000,0.934889,4207,505
threshold,0.200000,,0.935000,22,0.000000,0.934889,4207,504
threshold,0.200000,,0.935000,23,0.000000,0.934889,4207,505
threshold,0.200000,,0.935000,24,0.000000,0.934889,4207,505
threshold,0.200000,,0.935000,25,0.000000,0.934889,4207,504
threshold,0.200000,,0.935000,26,0.000000,0.934889,4207,505
threshold,0.200000,,0.935000,27,0.000000,0.934889,4207,504
threshold,0.200000,,0.935000,28,0.000000,0.934889,4207,505
threshold,0.200000,,0.935000,29,0.000000,0.934889,4207,505
threshold,0.200000,,0.935000,30,0.000000,0.934889,4207,504
threshold,0.200000,,0.935000,31,0.000000,0.934889,4207,504
threshold,0.200000,,0.935000,32,0.000000,0.934889,4207,505
threshold,0.200000,,0.935000,33,0.000000,0.934889,4207,504
threshold,0.200000,,0.935000,34,0.000000,0.934889,4207,504
threshold,0.200000,,0.935000,35,0.000000,0.934889,4207,507
threshold,0.200000,,0.935000,36,0.000000,0.934889,4207,506
threshold,0.200000,,0.935000,37,0.000000,0.934889,4207,505
threshold,0.200000,,0.935000,38,0.000000,0.934889,4207,505
threshold,0.200000,,0.935000,39,0.000000,0.934889,4207,504
threshold,0.200000,,0.935000,40,0.000000,0.934889,4207,504
threshold,0.200000,,0.935000,41,0.000000,0.934889,4207,504
threshold,0.200000,,0.935000,42,0.000000,0.934889,4207,504
threshold,0.200000,,0.935000,43,0.000000,0.934889,4207,504
threshold,0.200000,,0.935000,44,0.000000,0.934889,4207,507
threshold,0.200000,,0.935000,45,0.000000,0.934889,4207,504
threshold,0.200000,,0.935000,46,0.000000,0.934889,4207,505
threshold,0.200000,,0.935000,47,0.000000,0.934889,4207,503
threshold,0.200000,,0.935000,48,0.000000,0.934889,4207,504
threshold,0.200000,,0.935000,49,0.000000,0.934889,4207,504
threshold,0.200000,,0.940000,0,0.000000,0.940000,4230,504
threshold,0.200000,,0.940000,1,0.000000,0.940000,4230,504
threshold,0.200000,,0.940000,2,0.000000,0.940000,4230,506
threshold,0.200000,,0.940000,3,0.000000,0.940000,4230,505
threshold,0.200000,,0.940000,4,0.000000,0.940000,4230,506
threshold,0.200000,,0.940000,5,0.000000,0.940000,4230,504
threshold,0.200000,,0.940000,6,0.000000,0.940000,4230,504
threshold,0.200000,,0.940000,7,0.000000,0.940000,4230,505
threshold,0.200000,,0.940000,8,0.000000,0.940000,4230,504
threshold,0.200000,,0.940000,9,0.000000,0.940000,4230,503
threshold,0.200000,,0.940000,10,0.000000,0.940000,4230,505
threshold,0.200000,,0.940000,11,0.000000,0.940000,4230,503
threshold,0.200000,,0.940000,12,0.000000,0.940000,4230,504
threshold,0.200000,,0.940000,13,0.000000,0.940000,4230,504
threshold,0.200000,,0.940000,14,0.000000,0.940000,4230,504
threshold,0.200000,,0.940000,15,0.000000,0.940000,4230,504
threshold,0.200000,,0.940000,16,0.000000,0.940000,4230,503
threshold,0.200000,,0.940000,17,0.000000,0.940000,4230,506
threshold,0.200000,,0.940000,18,0.000000,0.940000,4230,506
threshold,0.200000,,0.940000,19,0.000000,0.940000,4230,504
threshold,0.200000,,0.940000,20,0.000000,0.940000,4230,505
threshold,0.200000,,0.940000,21,0.000000,0.940000,4230,504
threshold,0.200000,,0.940000,22,0.000000,0.940000,4230,504
threshold,0.200000,,0.940000,23,0.000000,0.940000,4230,505
threshold,0.200000,,0.940000,24,0.000000,0.940000,4230,504
threshold,0.200000,,0.940000,25,0.000000,0.940000,4230,504
threshold,0.200000,,0.940000,26,0.000000,0.940000,4230,505
threshold,0.200000,,0.940000,27,0.000000,0.940000,4230,504
threshold,0.200000,,0.940000,28,0.000000,0.940000,4230,505
threshold,0.200000,,0.940000,29,0.000000,0.940000,4230,504
threshold,0.200000,,0.940000,30,0.000000,0.940000,4230,504
threshold,0.200000,,0.940000,31,0.000000,0.940000,4230,504
threshold,0.200000,,0.940000,32,0.000000,0.940000,4230,505
threshold,0.200000,,0.940000,33,0.000000,0.940000,4230,504
threshold,0.200000,,0.940000,34,0.000000,0.940000,4230,504
threshold,0.200000,,0.940000,35,0.000000,0.940000,4230,507
threshold,0.200000,,0.940000,36,0.000000,0.940000,4230,506
threshold,0.200000,,0.940000,37,0.000000,0.940000,4230,504
threshold,0.200000,,0.940000,38,0.000000,0.940000,4230,505
threshold,0.200000,,0.940000,39,0.000000,0.940000,4230,504
threshold,0.200000,,0.940000,40,0.000000,0.940000,4230,504
threshold,0.200000,,0.940000,41,0.000000,0.940000,4230,504
threshold,0.200000,,0.940000,42,0.000000,0.940000,4230,504
threshold,0.200000,,0.940000,43,0.000000,0.940000,4230,504
threshold,0.200000,,0.940000,44,0.000000,0.940000,4230,507
threshold,0.200000,,0.940000,45,0.000000,0.940000,4230,504
threshold,0.200000,,0.940000,46,0.000000,0.940000,4230,505
threshold,0.200000,,0.940000,47,0.000000,0.940000,4230,503
threshold,0.200000,,0.940000,48,0.000000,0.940000,4230,504
threshold,0.200000,,0.940000,49,0.000000,0.940000,4230,503
threshold,0.200000,,0.945000,0,0.000000,0.944889,4252,504
threshold,0.200000,,0.945000,1,0.000000,0.944889,4252,503
threshold,0.200000,,0.945000,2,0.000000,0.944889,4252,505
threshold,0.200000,,0.945000,3,0.000000,0.944889,4252,505
threshold,0.200000,,0.945000,4,0.000000,0.944889,4252,504
threshold,0.200000,,0.945000,5,0.000000,0.944889,4252,504
threshold,0.200000,,0.945000,6,0.000000,0.944889,4252,504
threshold,0.200000,,0.945000,7,0.000000,0.944889,4252,505
threshold,0.200000,,0.945000,8,0.000000,0.944889,4252,504
threshold,0.200000,,0.945000,9,0.000000,0.944889,4252,503
threshold,0.200000,,0.945000,10,0.000000,0.944889,4252,504
threshold,0.200000,,0.945000,11,0.000000,0.944889,4252,503
threshold,0.200000,,0.945000,12,0.000000,0.944889,4252,504
threshold,0.200000,,0.945000,13,0.000000,0.944889,4252,504
threshold,0.200000,,0.945000,14,0.000000,0.944889,4252,504
threshold,0.200000,,0.945000,15,0.000000,0.944889,4252,504
threshold,0.200000,,0.945000,16,0.000000,0.944889,4252,503
threshold,0.200000,,0.945000,17,0.000000,0.944889,4252,506
threshold,0.200000,,0.945000,18,0.000000,0.944889,4252,505
threshold,0.200000,,0.945000,19,0.000000,0.944889,4252,503
threshold,0.200000,,0.945000,20,0.000000,0.944889,4252,505
threshold,0.200000,,0.945000,21,0.000000,0.944889,4252,504
threshold,0.200000,,0.945000,22,0.000000,0.944889,4252,504
threshold,0.200000,,0.945000,23,0.000000,0.944889,4252,505
threshold,0.200000,,0.945000,24,0.000000,0.944889,4252,504
threshold,0.200000,,0.945000,25,0.000000,0.944889,4252,504
threshold,0.200000,,0.945000,26,0.000000,0.944889,4252,505
threshold,0.200000,,0.945000,27,0.000000,0.944889,4252,504
threshold,0.200000,,0.945000,28,0.000000,0.944889,4252,505
threshold,0.200000,,0.945000,29,0.000000,0.944889,4252,504
threshold,0.200000,,0.945000,30,0.000000,0.944889,4252,504
threshold,0.200000,,0.945000,31,0.000000,0.944889,4252,504
threshold,0.200000,,0.945000,32,0.000000,0.944889,4252,503
threshold,0.200000,,0.945000,33,0.000000,0.944889,4252,504
threshold,0.200000,,0.945000,34,0.000000,0.944889,4252,504
threshold,0.200000,,0.945000,35,0.000000,0.944889,4252,506
threshold,0.200000,,0.945000,36,0.000000,0.944889,4252,505
threshold,0.200000,,0.945000,37,0.000000,0.944889,4252,504
threshold,0.200000,,0.945000,38,0.000000,0.944889,4252,504
threshold,0.200000,,0.945000,39,0.000000,0.944889,4252,504
threshold,0.200000,,0.945000,40,0.000000,0.944889,4252,504
threshold,0.200000,,0.945000,41,0.000000,0.944889,4252,504
threshold,0.200000,,0.945000,42,0.000000,0.944889,4252,504
threshold,0.200000,,0.945000,43,0.000000,0.944889,4252,504
threshold,0.200000,,0.945000,44,0.000000,0.944889,4252,506
threshold,0.200000,,0.945000,45,0.000000,0.944889,4252,504
threshold,0.200000,,0.945000,46,0.000000,0.944889,4252,505
threshold,0.200000,,0.945000,47,0.000000,0.944889,4252,503
threshold,0.200000,,0.945000,48,0.000000,0.944889,4252,504
threshold,0.200000,,0.945000,49,0.000000,0.944889,4252,503
threshold,0.200000,,0.950000,0,0.000000,0.950000,4275,504
threshold,0.200000,,0.950000,1,0.000000,0.950000,4275,503
threshold,0.200000,,0.950000,2,0.000000,0.950000,4275,505
threshold,0.200000,,0.950000,3,0.000000,0.950000,4275,504
threshold,0.200000,,0.950000,4,0.000000,0.950000,4275,504
threshold,0.200000,,0.950000,5,0.000000,0.950000,4275,504
threshold,0.200000,,0.950000,6,0.000000,0.950000,4275,504
threshold,0.200000,,0.950000,7,0.000000,0.950000,4275,504
threshold,0.200000,,0.950000,8,0.000000,0.950000,4275,504
threshold,0.200000,,0.950000,9,0.000000,0.950000,4275,503
threshold,0.200000,,0.950000,10,0.000000,0.950000,4275,504
threshold,0.200000,,0.950000,11,0.000000,0.950000,4275,503
threshold,0.200000,,0.950000,12,0.000000,0.950000,4275,503
threshold,0.200000,,0.950000,13,0.000000,0.950000,4275,504
threshold,0.200000,,0.950000,14,0.000000,0.950000,4275,504
threshold,0.200000,,0.950000,15,0.000000,0.950000,4275,504
threshold,0.200000,,0.950000,16,0.000000,0.950000,4275,503
threshold,0.200000,,0.950000,17,0.000000,0.950000,4275,505
threshold,0.200000,,0.950000,18,0.000000,0.950000,4275,505
threshold,0.200000,,0.950000,19,0.000000,0.950000,4275,503
threshold,0.200000,,0.950000,20,0.000000,0.950000,4275,504
threshold,0.200000,,0.950000,21,0.000000,0.950000,4275,504
threshold,0.200000,,0.950000,22,0.000000,0.950000,4275,504
threshold,0.200000,,0.950000,23,0.000000,0.950000,4275,505
threshold,0.200000,,0.950000,24,0.000000,0.950000,4275,504
threshold,0.200000,,0.950000,25,0.000000,0.950000,4275,504
threshold,0.200000,,0.950000,26,0.000000,0.950000,4275,504
threshold,0.200000,,0.950000,27,0.000000,0.950000,4275,503
threshold,0.200000,,0.950000,28,0.000000,0.950000,4275,505
threshold,0.200000,,0.950000,29,0.000000,0.950000,4275,504
threshold,0.200000,,0.950000,30,0.000000,0.950000,4275,504
threshold,0.200000,,0.950000,31,0.000000,0.950000,4275,504
threshold,0.200000,,0.950000,32,0.000000,0.950000,4275,503
threshold,0.200000,,0.950000,33,0.000000,0.950000,4275,504
threshold,0.200000,,0.950000,34,0.000000,0.950000,4275,504
threshold,0.200000,,0.950000,35,0.000000,0.950000,4275,506
threshold,0.200000,,0.950000,36,0.000000,0.950000,4275,505
threshold,0.200000,,0.950000,37,0.000000,0.950000,4275,504
threshold,0.200000,,0.950000,38,0.000000,0.950000,4275,504
threshold,0.200000,,0.950000,39,0.000000,0.950000,4275,504
threshold,0.200000,,0.950000,40,0.000000,0.950000,4275,504
threshold,0.200000,,0.950000,41,0.000000,0.950000,4275,504
threshold,0.200000,,0.950000,42,0.000000,0.950000,4275,504
threshold,0.200000,,0.950000,43,0.000000,0.950000,4275,503
threshold,0.200000,,0.950000,44,0.000000,0.950000,4275,505
threshold,0.200000,,0.950000,45,0.000000,0.950000,4275,504
threshold,0.200000,,0.950000,46,0.000000,0.950000,4275,505
threshold,0.200000,,0.950000,47,0.000000,0.950000,4275,503
threshold,0.200000,,0.950000,48,0.000000,0.950000,4275,504
threshold,0.200000,,0.950000,49,0.000000,0.950000,4275,503
threshold,0.200000,,1.000000,0,0.000000,0.998889,4495,500
threshold,0.200000,,1.000000,1,0.000000,0.999333,4497,498
threshold,0.200000,,1.000000,2,0.000000,0.999111,4496,499
threshold,0.200000,,1.000000,3,0.000000,0.998889,4495,500
threshold,0.200000,,1.000000,4,0.000000,0.999778,4499,498
threshold,0.200000,,1.000000,5,0.000000,0.999111,4496,500
threshold,0.200000,,1.000000,6,0.000000,0.999333,4497,498
threshold,0.200000,,1.000000,7,0.000000,0.999778,4499,498
threshold,0.200000,,1.000000,8,0.000000,0.999333,4497,499
threshold,0.200000,,1.000000,9,0.000000,0.999778,4499,498
threshold,0.200000,,1.000000,10,0.000000,0.999333,4497,499
threshold,0.200000,,1.000000,11,0.000000,0.999333,4497,499
threshold,0.200000,,1.000000,12,0.000000,0.999778,4499,500
threshold,0.200000,,1.000000,13,0.000000,0.999333,4497,499
threshold,0.200000,,1.000000,14,0.000000,0.999778,4499,498
threshold,0.200000,,1.000000,15,0.000000,0.999778,4499,498
threshold,0.200000,,1.000000,16,0.000000,0.999778,4499,499
threshold,0.200000,,1.000000,17,0.000000,0.999556,4498,499
threshold,0.200000,,1.000000,18,0.000000,0.999111,4496,500
threshold,0.200000,,1.000000,19,0.000000,0.999778,4499,500
threshold,0.200000,,1.000000,20,0.000000,0.999111,4496,500
threshold,0.200000,,1.000000,21,0.000000,0.998889,4495,500
threshold,0.200000,,1.000000,22,0.000000,0.999111,4496,498
threshold,0.200000,,1.000000,23,0.000000,0.999778,4499,500
threshold,0.200000,,1.000000,24,0.000000,0.999556,4498,498
threshold,0.200000,,1.000000,25,0.000000,0.999333,4497,499
threshold,0.200000,,1.000000,26,0.000000,0.999556,4498,498
threshold,0.200000,,1.000000,27,0.000000,0.998444,4493,500
threshold,0.200000,,1.000000,28,0.000000,0.999778,4499,498
threshold,0.200000,,1.000000,29,0.000000,0.999778,4499,500
threshold,0.200000,,1.000000,30,0.000000,0.999778,4499,499
threshold,0.200000,,1.000000,31,0.000000,0.999778,4499,498
threshold,0.200000,,1.000000,32,0.000000,0.998667,4494,499
threshold,0.200000,,1.000000,33,0.000000,0.999778,4499,500
threshold,0.200000,,1.000000,34,0.000000,0.999778,4499,498
threshold,0.200000,,1.000000,35,0.000000,0.999333,4497,498
threshold,0.200000,,1.000000,36,0.000000,0.999778,4499,498
threshold,0.200000,,1.000000,37,0.000000,0.999333,4497,500
threshold,0.200000,,1.000000,38,0.000000,0.998889,4495,500
threshold,0.200000,,1.000000,39,0.000000,0.999778,4499,498
threshold,0.200000,,1.000000,40,0.000000,0.999111,4496,499
threshold,0.200000,,1.000000,41,0.000000,0.999778,4499,500
threshold,0.200000,,1.000000,42,0.000000,0.999778,4499,500
threshold,0.200000,,1.000000,43,0.000000,0.999333,4497,499
threshold,0.200000,,1.000000,44,0.000000,0.999111,4496,499
threshold,0.200000,,1.000000,45,0.000000,0.999556,4498,499
threshold,0.200000,,1.000000,46,0.000000,0.999778,4499,500
threshold,0.200000,,1.000000,47,0.000000,0.998667,4494,500
threshold,0.200000,,1.000000,48,0.000000,0.999333,4497,500
threshold,0.200000,,1.000000,49,0.000000,0.999556,4498,500
threshold,0.400000,,0.000000,0,0.639710,0.000000,0,133
threshold,0.400000,,0.000000,1,0.640153,0.000000,0,143
threshold,0.400000,,0.000000,2,0.640041,0.000000,0,132
threshold,0.400000,,0.000000,3,0.639538,0.000000,0,134
threshold,0.400000,,0.000000,4,0.640140,0.000000,0,118
threshold,0.400000,,0.000000,5,0.639501,0.000000,0,143
threshold,0.400000,,0.000000,6,0.639705,0.000000,0,143
threshold,0.400000,,0.000000,7,0.640962,0.000000,0,143
threshold,0.400000,,0.000000,8,0.640518,0.000000,0,131
threshold,0.400000,,0.000000,9,0.640416,0.000000,0,121
threshold,0.400000,,0.000000,10,0.639817,0.000000,0,136
threshold,0.400000,,0.000000,11,0.640380,0.000000,0,131
threshold,0.400000,,0.000000,12,0.639747,0.000000,0,143
threshold,0.400000,,0.000000,13,0.640033,0.000000,0,128
threshold,0.400000,,0.000000,14,0.641419,0.000000,0,125
threshold,0.400000,,0.000000,15,0.640689,0.000000,0,127
threshold,0.400000,,0.000000,16,0.640720,0.000000,0,116
threshold,0.400000,,0.000000,17,0.639555,0.000000,0,143
threshold,0.400000,,0.000000,18,0.639292,0.000000,0,143
threshold,0.400000,,0.000000,19,0.640933,0.000000,0,120
threshold,0.400000,,0.000000,20,0.640622,0.000000,0,125
threshold,0.400000,,0.000000,21,0.640112,0.000000,0,137
threshold,0.400000,,0.000000,22,0.641089,0.000000,0,132
threshold,0.400000,,0.000000,23,0.640874,0.000000,0,113
threshold,0.400000,,0.000000,24,0.640720,0.000000,0,127
threshold,0.400000,,0.000000,25,0.640772,0.000000,0,134
threshold,0.400000,,0.000000,26,0.640364,0.000000,0,140
threshold,0.400000,,0.000000,27,0.639616,0.000000,0,130
threshold,0.400000,,0.000000,28,0.640887,0.000000,0,129
threshold,0.400000,,0.000000,29,0.639634,0.000000,0,143
threshold,0.400000,,0.000000,30,0.640162,0.000000,0,143
threshold,0.400000,,0.000000,31,0.640713,0.000000,0,134
threshold,0.400000,,0.000000,32,0.639322,0.000000,0,147
threshold,0.400000,,0.000000,33,0.640722,0.000000,0,115
threshold,0.400000,,0.000000,34,0.640085,0.000000,0,143
threshold,0.400000,,0.000000,35,0.640349,0.000000,0,132
threshold,0.400000,,0.000000,36,0.639508,0.000000,0,143
threshold,0.400000,,0.000000,37,0.640502,0.000000,0,119
threshold,0.400000,,0.000000,38,0.640303,0.000000,0,134
threshold,0.400000,,0.000000,39,0.640231,0.000000,0,143
threshold,0.400000,,0.000000,40,0.640241,0.000000,0,126
threshold,0.400000,,0.000000,41,0.640655,0.000000,0,114
threshold,0.400000,,0.000000,42,0.640673,0.000000,0,115
threshold,0.400000,,0.000000,43,0.640730,0.000000,0,124
threshold,0.400000,,0.000000,44,0.640222,0.000000,0,138
threshold,0.400000,,0.000000,45,0.639814,0.000000,0,143
threshold,0.400000,,0.000000,46,0.639596,0.000000,0,143
threshold,0.400000,,0.000000,47,0.639777,0.000000,0,133
threshold,0.400000,,0.000000,48,0.639506,0.000000,0,143
threshold,0.400000,,0.000000,49,0.640338,0.000000,0,125
threshold,0.400000,,0.050000,0,0.632981,0.050000,225,133
threshold,0.400000,,0.050000,1,0.633368,0.050000,225,143
threshold,0.400000,,0.050000,2,0.633308,0.050000,225,132
threshold,0.400000,,0.050000,3,0.632764,0.050000,225,135
threshold,0.400000,,0.050000,4,0.633449,0.050000,225,121
threshold,0.400000,,0.050000,5,0.632756,0.050000,225,143
threshold,0.400000,,0.050000,6,0.632984,0.050000,225,143
threshold,0.400000,,0.050000,7,0.634220,0.050000,225,143
threshold,0.400000,,0.050000,8,0.633791,0.050000,225,133
threshold,0.400000,,0.050000,9,0.633694,0.050000,225,121
threshold,0.400000,,0.050000,10,0.633117,0.050000,225,135
threshold,0.400000,,0.050000,11,0.633619,0.050000,225,132
threshold,0.400000,,0.050000,12,0.633013,0.050000,225,143
threshold,0.400000,,0.050000,13,0.633356,0.050000,225,129
threshold,0.400000,,0.050000,14,0.634744,0.050000,225,127
threshold,0.400000,,0.050000,15,0.633950,0.050000,225,128
threshold,0.400000,,0.050000,16,0.634020,0.050000,225,121
threshold,0.400000,,0.050000,17,0.632770,0.050000,225,143
threshold,0.400000,,0.050000,18,0.632519,0.050000,225,143
threshold,0.400000,,0.050000,19,0.634225,0.050000,225,121
threshold,0.400000,,0.050000,20,0.633903,0.050000,225,129
threshold,0.400000,,0.050000,21,0.633374,0.050000,225,137
threshold,0.400000,,0.050000,22,0.633801,0.050000,225,157
threshold,0.400000,,0.050000,23,0.634128,0.050000,225,120
threshold,0.400000,,0.050000,24,0.633968,0.050000,225,128
threshold,0.400000,,0.050000,25,0.634101,0.050000,225,134
threshold,0.400000,,0.050000,26,0.633579,0.050000,225,140
threshold,0.400000,,0.050000,27,0.632883,0.050000,225,131
threshold,0.400000,,0.050000,28,0.634219,0.050000,225,130
threshold,0.400000,,0.050000,29,0.632845,0.050000,225,143
threshold,0.400000,,0.050000,30,0.633359,0.050000,225,143
threshold,0.400000,,0.050000,31,0.633995,0.050000,225,134
threshold,0.400000,,0.050000,32,0.632571,0.050000,225,146
threshold,0.400000,,0.050000,33,0.634012,0.050000,225,120
threshold,0.400000,,0.050000,34,0.633328,0.050000,225,143
threshold,0.400000,,0.050000,35,0.633606,0.050000,225,133
threshold,0.400000,,0.050000,36,0.632741,0.050000,225,143
threshold,0.400000,,0.050000,37,0.633764,0.050000,225,120
threshold,0.400000,,0.050000,38,0.633544,0.050000,225,134
threshold,0.400000,,0.050000,39,0.633517,0.050000,225,143
threshold,0.400000,,0.050000,40,0.633522,0.050000,225,126
threshold,0.400000,,0.050000,41,0.633936,0.050000,225,121
threshold,0.400000,,0.050000,42,0.634011,0.050000,225,121
threshold,0.400000,,0.050000,43,0.634046,0.050000,225,130
threshold,0.400000,,0.050000,44,0.633467,0.050000,225,137
threshold,0.400000,,0.050000,45,0.633082,0.050000,225,143
threshold,0.400000,,0.050000,46,0.632806,0.050000,225,143
threshold,0.400000,,0.050000,47,0.633088,0.050000,225,133
threshold,0.400000,,0.050000,48,0.632751,0.050000,225,143
threshold,0.400000,,0.050000,49,0.633594,0.050000,225,130
threshold,0.400000,,0.100000,0,0.621587,0.100000,450,144
threshold,0.400000,,0.100000,1,0.620610,0.100000,450,171
threshold,0.400000,,0.100000,2,0.620929,0.100000,450,157
threshold,0.400000,,0.100000,3,0.621233,0.100000,450,157
threshold,0.400000,,0.100000,4,0.620701,0.100000,450,157
threshold,0.400000,,0.100000,5,0.621965,0.100000,450,150
threshold,0.400000,,0.100000,6,0.618895,0.100000,450,161
threshold,0.400000,,0.100000,7,0.617904,0.100000,450,402
threshold,0.400000,,0.100000,8,0.621170,0.100000,450,150
threshold,0.400000,,0.100000,9,0.620362,0.100000,450,193
threshold,0.400000,,0.100000,10,0.621612,0.100000,450,157
threshold,0.400000,,0.100000,11,0.620047,0.100000,450,198
threshold,0.400000,,0.100000,12,0.620988,0.100000,450,158
threshold,0.400000,,0.100000,13,0.619187,0.100000,450,196
threshold,0.400000,,0.100000,14,0.619065,0.100000,450,158
threshold,0.400000,,0.100000,15,0.621059,0.100000,450,157
threshold,0.400000,,0.100000,16,0.619370,0.100000,450,380
threshold,0.400000,,0.100000,17,0.621889,0.100000,450,176
threshold,0.400000,,0.100000,18,0.620441,0.100000,450,158
threshold,0.400000,,0.100000,19,0.621141,0.100000,450,160
threshold,0.400000,,0.100000,20,0.619796,0.100000,450,165
threshold,0.400000,,0.100000,21,0.621088,0.100000,450,163
threshold,0.400000,,0.100000,22,0.617515,0.100000,450,218
threshold,0.400000,,0.100000,23,0.620394,0.100000,450,187
threshold,0.400000,,0.100000,24,0.620065,0.100000,450,206
threshold,0.400000,,0.100000,25,0.618919,0.100000,450,161
threshold,0.400000,,0.100000,26,0.620305,0.100000,450,164
threshold,0.400000,,0.100000,27,0.620138,0.100000,450,158
threshold,0.400000,,0.100000,28,0.619081,0.100000,450,191
threshold,0.400000,,0.100000,29,0.621244,0.100000,450,161
threshold,0.400000,,0.100000,30,0.621882,0.100000,450,157
threshold,0.400000,,0.100000,31,0.619737,0.100000,450,158
threshold,0.400000,,0.100000,32,0.621358,0.100000,450,384
threshold,0.400000,,0.100000,33,0.618796,0.100000,450,167
threshold,0.400000,,0.100000,34,0.619558,0.100000,450,157
threshold,0.400000,,0.100000,35,0.619376,0.100000,450,171
threshold,0.400000,,0.100000,36,0.621038,0.100000,450,202
threshold,0.400000,,0.100000,37,0.620159,0.100000,450,158
threshold,0.400000,,0.100000,38,0.619497,0.100000,450,162
threshold,0.400000,,0.100000,39,0.619115,0.100000,450,158
threshold,0.400000,,0.100000,40,0.620751,0.100000,450,198
threshold,0.400000,,0.100000,41,0.619907,0.100000,450,161
threshold,0.400000,,0.100000,42,0.619390,0.100000,450,158
threshold,0.400000,,0.100000,43,0.620684,0.100000,450,158
threshold,0.400000,,0.100000,44,0.619838,0.100000,450,168
threshold,0.400000,,0.100000,45,0.619355,0.100000,450,160
threshold,0.400000,,0.100000,46,0.622489,0.100000,450,166
threshold,0.400000,,0.100000,47,0.622088,0.100000,450,160
threshold,0.400000,,0.100000,48,0.620677,0.100000,450,169
threshold,0.400000,,0.100000,49,0.620240,0.100000,450,158
threshold,0.400000,,0.150000,0,0.602917,0.150000,675,209
threshold,0.400000,,0.150000,1,0.602679,0.150000,675,376
threshold,0.400000,,0.150000,2,0.603616,0.150000,675,223
threshold,0.400000,,0.150000,3,0.604225,0.150000,675,292
threshold,0.400000,,0.150000,4,0.602925,0.150000,675,212
threshold,0.400000,,0.150000,5,0.604465,0.150000,675,411
threshold,0.400000,,0.150000,6,0.601204,0.150000,675,413
threshold,0.400000,,0.150000,7,0.600147,0.150000,675,397
threshold,0.400000,,0.150000,8,0.602580,0.150000,675,206
threshold,0.400000,,0.150000,9,0.603201,0.150000,675,413
threshold,0.400000,,0.150000,10,0.604564,0.150000,675,206
threshold,0.400000,,0.150000,11,0.602735,0.150000,675,403
threshold,0.400000,,0.150000,12,0.603233,0.150000,675,415
threshold,0.400000,,0.150000,13,0.601948,0.150000,675,414
threshold,0.400000,,0.150000,14,0.600758,0.150000,675,216
threshold,0.400000,,0.150000,15,0.603820,0.150000,675,196
threshold,0.400000,,0.150000,16,0.601234,0.150000,675,381
threshold,0.400000,,0.150000,17,0.604279,0.150000,675,222
threshold,0.400000,,0.150000,18,0.602358,0.150000,675,227
threshold,0.400000,,0.150000,19,0.603598,0.150000,675,402
threshold,0.400000,,0.150000,20,0.601322,0.150000,675,451
threshold,0.400000,,0.150000,21,0.603735,0.150000,675,414
threshold,0.400000,,0.150000,22,0.600294,0.150000,675,333
threshold,0.400000,,0.150000,23,0.602153,0.150000,675,386
threshold,0.400000,,0.150000,24,0.602079,0.150000,675,431
threshold,0.400000,,0.150000,25,0.601499,0.150000,675,395
threshold,0.400000,,0.150000,26,0.602571,0.150000,675,307
threshold,0.400000,,0.150000,27,0.602653,0.150000,675,176
threshold,0.400000,,0.150000,28,0.600935,0.150000,675,376
threshold,0.400000,,0.150000,29,0.603999,0.150000,675,413
threshold,0.400000,,0.150000,30,0.604836,0.150000,675,403
threshold,0.400000,,0.150000,31,0.602469,0.150000,675,179
threshold,0.400000,,0.150000,32,0.603679,0.150000,675,393
threshold,0.400000,,0.150000,33,0.600654,0.150000,675,485
threshold,0.400000,,0.150000,34,0.601903,0.150000,675,205
threshold,0.400000,,0.150000,35,0.601677,0.150000,675,213
threshold,0.400000,,0.150000,36,0.603520,0.150000,675,215
threshold,0.400000,,0.150000,37,0.602933,0.150000,675,210
threshold,0.400000,,0.150000,38,0.601867,0.150000,675,227
threshold,0.400000,,0.150000,39,0.601539,0.150000,675,193
threshold,0.400000,,0.150000,40,0.603259,0.150000,675,226
threshold,0.400000,,0.150000,41,0.602074,0.150000,675,386
threshold,0.400000,,0.150000,42,0.602250,0.150000,675,235
threshold,0.400000,,0.150000,43,0.603642,0.150000,675,395
threshold,0.400000,,0.150000,44,0.601681,0.150000,675,232
threshold,0.400000,,0.150000,45,0.601896,0.150000,675,404
threshold,0.400000,,0.150000,46,0.605734,0.150000,675,176
threshold,0.400000,,0.150000,47,0.605133,0.150000,675,181
threshold,0.400000,,0.150000,48,0.603333,0.150000,675,252
threshold,0.400000,,0.150000,49,0.602617,0.150000,675,181
threshold,0.400000,,0.200000,0,0.584099,0.200000,900,223
threshold,0.400000,,0.200000,1,0.584955,0.200000,900,414
threshold,0.400000,,0.200000,2,0.584637,0.200000,900,431
threshold,0.400000,,0.200000,3,0.585425,0.200000,900,410
threshold,0.400000,,0.200000,4,0.584373,0.200000,900,485
threshold,0.400000,,0.200000,5,0.585318,0.200000,900,534
threshold,0.400000,,0.200000,6,0.582989,0.200000,900,413
threshold,0.400000,,0.200000,7,0.581434,0.200000,900,1500
threshold,0.400000,,0.200000,8,0.583849,0.200000,900,428
threshold,0.400000,,0.200000,9,0.584937,0.200000,900,426
threshold,0.400000,,0.200000,10,0.586571,0.200000,900,488
threshold,0.400000,,0.200000,11,0.584222,0.200000,900,428
threshold,0.400000,,0.200000,12,0.584359,0.200000,900,429
threshold,0.400000,,0.200000,13,0.583930,0.200000,900,676
threshold,0.400000,,0.200000,14,0.582140,0.200000,900,443
threshold,0.400000,,0.200000,15,0.586140,0.200000,900,484
threshold,0.400000,,0.200000,16,0.582815,0.200000,900,503
threshold,0.400000,,0.200000,17,0.585756,0.200000,900,619
threshold,0.400000,,0.200000,18,0.583030,0.200000,900,1500
threshold,0.400000,,0.200000,19,0.584755,0.200000,900,537
threshold,0.400000,,0.200000,20,0.583264,0.200000,900,451
threshold,0.400000,,0.200000,21,0.585204,0.200000,900,428
threshold,0.400000,,0.200000,22,0.581647,0.200000,900,410
threshold,0.400000,,0.200000,23,0.583444,0.200000,900,429
threshold,0.400000,,0.200000,24,0.583432,0.200000,900,431
threshold,0.400000,,0.200000,25,0.582465,0.200000,900,396
threshold,0.400000,,0.200000,26,0.584384,0.200000,900,397
threshold,0.400000,,0.200000,27,0.584462,0.200000,900,232
threshold,0.400000,,0.200000,28,0.582023,0.200000,900,414
threshold,0.400000,,0.200000,29,0.584972,0.200000,900,1500
threshold,0.400000,,0.200000,30,0.585662,0.200000,900,413
threshold,0.400000,,0.200000,31,0.582429,0.200000,900,224
threshold,0.400000,,0.200000,32,0.584722,0.200000,900,406
threshold,0.400000,,0.200000,33,0.582355,0.200000,900,485
threshold,0.400000,,0.200000,34,0.583533,0.200000,900,483
threshold,0.400000,,0.200000,35,0.583275,0.200000,900,430
threshold,0.400000,,0.200000,36,0.585805,0.200000,900,215
threshold,0.400000,,0.200000,37,0.584453,0.200000,900,220
threshold,0.400000,,0.200000,38,0.583450,0.200000,900,428
threshold,0.400000,,0.200000,39,0.581887,0.200000,900,254
threshold,0.400000,,0.200000,40,0.584316,0.200000,900,429
threshold,0.400000,,0.200000,41,0.584355,0.200000,900,411
threshold,0.400000,,0.200000,42,0.583314,0.200000,900,487
threshold,0.400000,,0.200000,43,0.584854,0.200000,900,450
threshold,0.400000,,0.200000,44,0.583137,0.200000,900,247
threshold,0.400000,,0.200000,45,0.582915,0.200000,900,499
threshold,0.400000,,0.200000,46,0.586456,0.200000,900,208
threshold,0.400000,,0.200000,47,0.587614,0.200000,900,403
threshold,0.400000,,0.200000,48,0.585236,0.200000,900,252
threshold,0.400000,,0.200000,49,0.585156,0.200000,900,228
threshold,0.400000,,0.250000,0,0.565113,0.250000,1125,1500
threshold,0.400000,,0.250000,1,0.566178,0.250000,1125,496
threshold,0.400000,,0.250000,2,0.564848,0.250000,1125,453
threshold,0.400000,,0.250000,3,0.566336,0.250000,1125,445
threshold,0.400000,,0.250000,4,0.565645,0.250000,1125,488
threshold,0.400000,,0.250000,5,0.566546,0.250000,1125,1500
threshold,0.400000,,0.250000,6,0.563521,0.250000,1125,1500
threshold,0.400000,,0.250000,7,0.562806,0.250000,1125,1500
threshold,0.400000,,0.250000,8,0.564068,0.250000,1125,1500
threshold,0.400000,,0.250000,9,0.565916,0.250000,1125,548
threshold,0.400000,,0.250000,10,0.567225,0.250000,1125,546
threshold,0.400000,,0.250000,11,0.565159,0.250000,1125,701
threshold,0.400000,,0.250000,12,0.563389,0.250000,1125,1500
threshold,0.400000,,0.250000,13,0.563792,0.250000,1125,640
threshold,0.400000,,0.250000,14,0.561177,0.250000,1125,500
threshold,0.400000,,0.250000,15,0.566854,0.250000,1125,636
threshold,0.400000,,0.250000,16,0.562265,0.250000,1125,730
threshold,0.400000,,0.250000,17,0.566498,0.250000,1125,621
threshold,0.400000,,0.250000,18,0.562952,0.250000,1125,1264
threshold,0.400000,,0.250000,19,0.565303,0.250000,1125,1500
threshold,0.400000,,0.250000,20,0.564509,0.250000,1125,678
threshold,0.400000,,0.250000,21,0.565892,0.250000,1125,636
threshold,0.400000,,0.250000,22,0.562054,0.250000,1125,429
threshold,0.400000,,0.250000,23,0.563043,0.250000,1125,631
threshold,0.400000,,0.250000,24,0.562804,0.250000,1125,487
threshold,0.400000,,0.250000,25,0.563465,0.250000,1125,1500
threshold,0.400000,,0.250000,26,0.564438,0.250000,1125,634
threshold,0.400000,,0.250000,27,0.563592,0.250000,1125,1500
threshold,0.400000,,0.250000,28,0.563314,0.250000,1125,428
threshold,0.400000,,0.250000,29,0.565358,0.250000,1125,499
threshold,0.400000,,0.250000,30,0.565487,0.250000,1125,487
threshold,0.400000,,0.250000,31,0.563089,0.250000,1125,488
threshold,0.400000,,0.250000,32,0.565175,0.250000,1125,431
threshold,0.400000,,0.250000,33,0.562807,0.250000,1125,662
threshold,0.400000,,0.250000,34,0.565035,0.250000,1125,534
threshold,0.400000,,0.250000,35,0.563763,0.250000,1125,484
threshold,0.400000,,0.250000,36,0.566700,0.250000,1125,445
threshold,0.400000,,0.250000,37,0.564152,0.250000,1125,411
threshold,0.400000,,0.250000,38,0.563988,0.250000,1125,452
threshold,0.400000,,0.250000,39,0.562117,0.250000,1125,453
threshold,0.400000,,0.250000,40,0.564758,0.250000,1125,1500
threshold,0.400000,,0.250000,41,0.563674,0.250000,1125,484
threshold,0.400000,,0.250000,42,0.564301,0.250000,1125,488
threshold,0.400000,,0.250000,43,0.565053,0.250000,1125,451
threshold,0.400000,,0.250000,44,0.563813,0.250000,1125,535
threshold,0.400000,,0.250000,45,0.563584,0.250000,1125,1500
threshold,0.400000,,0.250000,46,0.566265,0.250000,1125,234
threshold,0.400000,,0.250000,47,0.568138,0.250000,1125,498
threshold,0.400000,,0.250000,48,0.566076,0.250000,1125,499
threshold,0.400000,,0.250000,49,0.566181,0.250000,1125,394
threshold,0.400000,,0.300000,0,0.545397,0.300000,1350,499
threshold,0.400000,,0.300000,1,0.544904,0.300000,1350,1500
threshold,0.400000,,0.300000,2,0.543351,0.300000,1350,1500
threshold,0.400000,,0.300000,3,0.544530,0.300000,1350,527
threshold,0.400000,,0.300000,4,0.545052,0.300000,1350,491
threshold,0.400000,,0.300000,5,0.546501,0.300000,1350,1500
threshold,0.400000,,0.300000,6,0.542600,0.300000,1350,1500
threshold,0.400000,,0.300000,7,0.541541,0.300000,1350,499
threshold,0.400000,,0.300000,8,0.542994,0.300000,1350,1500
threshold,0.400000,,0.300000,9,0.545024,0.300000,1350,1170
threshold,0.400000,,0.300000,10,0.545164,0.300000,1350,1500
threshold,0.400000,,0.300000,11,0.545217,0.300000,1350,1500
threshold,0.400000,,0.300000,12,0.542510,0.300000,1350,1500
threshold,0.400000,,0.300000,13,0.541944,0.300000,1350,635
threshold,0.400000,,0.300000,14,0.539915,0.300000,1350,537
threshold,0.400000,,0.300000,15,0.545967,0.300000,1350,627
threshold,0.400000,,0.300000,16,0.541101,0.300000,1350,1500
threshold,0.400000,,0.300000,17,0.545562,0.300000,1350,1500
threshold,0.400000,,0.300000,18,0.542667,0.300000,1350,1260
threshold,0.400000,,0.300000,19,0.544034,0.300000,1350,1500
threshold,0.400000,,0.300000,20,0.543547,0.300000,1350,1500
threshold,0.400000,,0.300000,21,0.544427,0.300000,1350,1500
threshold,0.400000,,0.300000,22,0.541048,0.300000,1350,636
threshold,0.400000,,0.300000,23,0.541417,0.300000,1350,1500
threshold,0.400000,,0.300000,24,0.542403,0.300000,1350,1500
threshold,0.400000,,0.300000,25,0.541380,0.300000,1350,1500
threshold,0.400000,,0.300000,26,0.543994,0.300000,1350,626
threshold,0.400000,,0.300000,27,0.542843,0.300000,1350,1500
threshold,0.400000,,0.300000,28,0.543004,0.300000,1350,447
threshold,0.400000,,0.300000,29,0.544098,0.300000,1350,642
threshold,0.400000,,0.300000,30,0.544128,0.300000,1350,1155
threshold,0.400000,,0.300000,31,0.541503,0.300000,1350,1500
threshold,0.400000,,0.300000,32,0.545556,0.300000,1350,452
threshold,0.400000,,0.300000,33,0.542614,0.300000,1350,673
threshold,0.400000,,0.300000,34,0.543040,0.300000,1350,1500
threshold,0.400000,,0.300000,35,0.543674,0.300000,1350,656
threshold,0.400000,,0.300000,36,0.547005,0.300000,1350,479
threshold,0.400000,,0.300000,37,0.543178,0.300000,1350,1500
threshold,0.400000,,0.300000,38,0.543442,0.300000,1350,488
threshold,0.400000,,0.300000,39,0.541826,0.300000,1350,537
threshold,0.400000,,0.300000,40,0.544186,0.300000,1350,1500
threshold,0.400000,,0.300000,41,0.542165,0.300000,1350,485
threshold,0.400000,,0.300000,42,0.543969,0.300000,1350,540
threshold,0.400000,,0.300000,43,0.545299,0.300000,1350,672
threshold,0.400000,,0.300000,44,0.543211,0.300000,1350,1500
threshold,0.400000,,0.300000,45,0.543046,0.300000,1350,1500
threshold,0.400000,,0.300000,46,0.544316,0.300000,1350,1500
threshold,0.400000,,0.300000,47,0.546828,0.300000,1350,1500
threshold,0.400000,,0.300000,48,0.545648,0.300000,1350,499
threshold,0.400000,,0.300000,49,0.545243,0.300000,1350,628
threshold,0.400000,,0.350000,0,0.521810,0.350000,1575,626
threshold,0.400000,,0.350000,1,0.523664,0.350000,1575,1500
threshold,0.400000,,0.350000,2,0.520520,0.350000,1575,1500
threshold,0.400000,,0.350000,3,0.521464,0.350000,1575,1500
threshold,0.400000,,0.350000,4,0.523446,0.350000,1575,1126
threshold,0.400000,,0.350000,5,0.523861,0.350000,1575,1500
threshold,0.400000,,0.350000,6,0.521218,0.350000,1575,1500
threshold,0.400000,,0.350000,7,0.520072,0.350000,1575,499
threshold,0.400000,,0.350000,8,0.520976,0.350000,1575,1500
threshold,0.400000,,0.350000,9,0.522552,0.350000,1575,1157
threshold,0.400000,,0.350000,10,0.524421,0.350000,1575,1500
threshold,0.400000,,0.350000,11,0.523565,0.350000,1575,1500
threshold,0.400000,,0.350000,12,0.520344,0.350000,1575,539
threshold,0.400000,,0.350000,13,0.520689,0.350000,1575,635
threshold,0.400000,,0.350000,14,0.516633,0.350000,1575,1500
threshold,0.400000,,0.350000,15,0.524068,0.350000,1575,635
threshold,0.400000,,0.350000,16,0.519745,0.350000,1575,639
threshold,0.400000,,0.350000,17,0.522824,0.350000,1575,1500
threshold,0.400000,,0.350000,18,0.520589,0.350000,1575,1500
threshold,0.400000,,0.350000,19,0.523224,0.350000,1575,1500
threshold,0.400000,,0.350000,20,0.522732,0.350000,1575,1500
threshold,0.400000,,0.350000,21,0.523234,0.350000,1575,1500
threshold,0.400000,,0.350000,22,0.518612,0.350000,1575,629
threshold,0.400000,,0.350000,23,0.520774,0.350000,1575,1500
threshold,0.400000,,0.350000,24,0.520864,0.350000,1575,1500
threshold,0.400000,,0.350000,25,0.518783,0.350000,1575,1500
threshold,0.400000,,0.350000,26,0.522477,0.350000,1575,1500
threshold,0.400000,,0.350000,27,0.519779,0.350000,1575,1500
threshold,0.400000,,0.350000,28,0.520645,0.350000,1575,1500
threshold,0.400000,,0.350000,29,0.522712,0.350000,1575,645
threshold,0.400000,,0.350000,30,0.521953,0.350000,1575,1500
threshold,0.400000,,0.350000,31,0.520297,0.350000,1575,1500
threshold,0.400000,,0.350000,32,0.523221,0.350000,1575,950
threshold,0.400000,,0.350000,33,0.520866,0.350000,1575,689
threshold,0.400000,,0.350000,34,0.521285,0.350000,1575,1500
threshold,0.400000,,0.350000,35,0.521859,0.350000,1575,658
threshold,0.400000,,0.350000,36,0.525058,0.350000,1575,581
threshold,0.400000,,0.350000,37,0.522022,0.350000,1575,1500
threshold,0.400000,,0.350000,38,0.522096,0.350000,1575,512
threshold,0.400000,,0.350000,39,0.519973,0.350000,1575,1500
threshold,0.400000,,0.350000,40,0.522583,0.350000,1575,1500
threshold,0.400000,,0.350000,41,0.521003,0.350000,1575,541
threshold,0.400000,,0.350000,42,0.522236,0.350000,1575,1500
threshold,0.400000,,0.350000,43,0.523739,0.350000,1575,1115
threshold,0.400000,,0.350000,44,0.522225,0.350000,1575,1500
threshold,0.400000,,0.350000,45,0.520645,0.350000,1575,1500
threshold,0.400000,,0.350000,46,0.523636,0.350000,1575,1500
threshold,0.400000,,0.350000,47,0.525119,0.350000,1575,909
threshold,0.400000,,0.350000,48,0.523463,0.350000,1575,799
threshold,0.400000,,0.350000,49,0.522385,0.350000,1575,1500
threshold,0.400000,,0.400000,0,0.498666,0.399778,1799,734
threshold,0.400000,,0.400000,1,0.501246,0.399778,1799,1500
threshold,0.400000,,0.400000,2,0.496301,0.399778,1799,1500
threshold,0.400000,,0.400000,3,0.499017,0.399778,1799,1500
threshold,0.400000,,0.400000,4,0.500974,0.399778,1799,1174
threshold,0.400000,,0.400000,5,0.500196,0.399778,1799,1500
threshold,0.400000,,0.400000,6,0.498878,0.399778,1799,1500
threshold,0.400000,,0.400000,7,0.497738,0.399778,1799,791
threshold,0.400000,,0.400000,8,0.498127,0.399778,1799,1500
threshold,0.400000,,0.400000,9,0.501529,0.399778,1799,1500
threshold,0.400000,,0.400000,10,0.500640,0.399778,1799,1500
threshold,0.400000,,0.400000,11,0.502086,0.399778,1799,1500
threshold,0.400000,,0.400000,12,0.497660,0.399778,1799,555
threshold,0.400000,,0.400000,13,0.497017,0.399778,1799,642
threshold,0.400000,,0.400000,14,0.493983,0.399778,1799,1500
threshold,0.400000,,0.400000,15,0.500881,0.399778,1799,1500
threshold,0.400000,,0.400000,16,0.497539,0.399778,1799,1500
threshold,0.400000,,0.400000,17,0.499229,0.399778,1799,1500
threshold,0.400000,,0.400000,18,0.499593,0.399778,1799,1500
threshold,0.400000,,0.400000,19,0.498698,0.399778,1799,1500
threshold,0.400000,,0.400000,20,0.499781,0.399778,1799,749
threshold,0.400000,,0.400000,21,0.502168,0.399778,1799,1500
threshold,0.400000,,0.400000,22,0.494946,0.399778,1799,1500
threshold,0.400000,,0.400000,23,0.496752,0.399778,1799,1500
threshold,0.400000,,0.400000,24,0.498858,0.399778,1799,1500
threshold,0.400000,,0.400000,25,0.494737,0.399778,1799,1500
threshold,0.400000,,0.400000,26,0.499690,0.399778,1799,1500
threshold,0.400000,,0.400000,27,0.496810,0.399778,1799,1500
threshold,0.400000,,0.400000,28,0.496447,0.399778,1799,1500
threshold,0.400000,,0.400000,29,0.499481,0.399778,1799,1500
threshold,0.400000,,0.400000,30,0.496102,0.399778,1799,1500
threshold,0.400000,,0.400000,31,0.498146,0.399778,1799,1500
threshold,0.400000,,0.400000,32,0.501304,0.399778,1799,899
threshold,0.400000,,0.400000,33,0.497694,0.399778,1799,714
threshold,0.400000,,0.400000,34,0.498810,0.399778,1799,1500
threshold,0.400000,,0.400000,35,0.498126,0.399778,1799,1500
threshold,0.400000,,0.400000,36,0.501989,0.399778,1799,642
threshold,0.400000,,0.400000,37,0.499739,0.399778,1799,1500
threshold,0.400000,,0.400000,38,0.500104,0.399778,1799,546
threshold,0.400000,,0.400000,39,0.497156,0.399778,1799,1500
threshold,0.400000,,0.400000,40,0.499810,0.399778,1799,1500
threshold,0.400000,,0.400000,41,0.497641,0.399778,1799,1500
threshold,0.400000,,0.400000,42,0.498176,0.399778,1799,842
threshold,0.400000,,0.400000,43,0.501824,0.399778,1799,1500
threshold,0.400000,,0.400000,44,0.498531,0.399778,1799,1500
threshold,0.400000,,0.400000,45,0.498589,0.399778,1799,1500
threshold,0.400000,,0.400000,46,0.500790,0.399778,1799,1500
threshold,0.400000,,0.400000,47,0.500775,0.399778,1799,1500
threshold,0.400000,,0.400000,48,0.500137,0.399778,1799,787
threshold,0.400000,,0.400000,49,0.499392,0.399778,1799,1500
threshold,0.400000,,0.450000,0,0.475388,0.449778,2024,747
threshold,0.400000,,0.450000,1,0.476955,0.449778,2024,1500
threshold,0.400000,,0.450000,2,0.472662,0.449778,2024,1500
threshold,0.400000,,0.450000,3,0.476313,0.449778,2024,1500
threshold,0.400000,,0.450000,4,0.477974,0.449778,2024,1500
threshold,0.400000,,0.450000,5,0.476776,0.449778,2024,1500
threshold,0.400000,,0.450000,6,0.473870,0.449778,2024,1500
threshold,0.400000,,0.450000,7,0.473624,0.449778,2024,1500
threshold,0.400000,,0.450000,8,0.473872,0.449778,2024,1500
threshold,0.400000,,0.450000,9,0.477201,0.449778,2024,1500
threshold,0.400000,,0.450000,10,0.475396,0.449778,2024,1500
threshold,0.400000,,0.450000,11,0.477529,0.449778,2024,1500
threshold,0.400000,,0.450000,12,0.474753,0.449778,2024,1500
threshold,0.400000,,0.450000,13,0.473125,0.449778,2024,1500
threshold,0.400000,,0.450000,14,0.469569,0.449778,2024,1500
threshold,0.400000,,0.450000,15,0.474376,0.449778,2024,1500
threshold,0.400000,,0.450000,16,0.473132,0.449778,2024,1500
threshold,0.400000,,0.450000,17,0.474336,0.449778,2024,1500
threshold,0.400000,,0.450000,18,0.475015,0.449778,2024,1500
threshold,0.400000,,0.450000,19,0.474374,0.449778,2024,1500
threshold,0.400000,,0.450000,20,0.475846,0.449778,2024,750
threshold,0.400000,,0.450000,21,0.476841,0.449778,2024,1500
threshold,0.400000,,0.450000,22,0.471251,0.449778,2024,1500
threshold,0.400000,,0.450000,23,0.470721,0.449778,2024,1500
threshold,0.400000,,0.450000,24,0.474833,0.449778,2024,1500
threshold,0.400000,,0.450000,25,0.471131,0.449778,2024,1500
threshold,0.400000,,0.450000,26,0.475711,0.449778,2024,1500
threshold,0.400000,,0.450000,27,0.471970,0.449778,2024,1500
threshold,0.400000,,0.450000,28,0.472678,0.449778,2024,1500
threshold,0.400000,,0.450000,29,0.475306,0.449778,2024,1500
threshold,0.400000,,0.450000,30,0.472524,0.449778,2024,1500
threshold,0.400000,,0.450000,31,0.473999,0.449778,2024,1500
threshold,0.400000,,0.450000,32,0.478187,0.449778,2024,775
threshold,0.400000,,0.450000,33,0.473102,0.449778,2024,1500
threshold,0.400000,,0.450000,34,0.474430,0.449778,2024,1500
threshold,0.400000,,0.450000,35,0.473482,0.449778,2024,1500
threshold,0.400000,,0.450000,36,0.477412,0.449778,2024,1500
threshold,0.400000,,0.450000,37,0.474435,0.449778,2024,1500
threshold,0.400000,,0.450000,38,0.476097,0.449778,2024,1500
threshold,0.400000,,0.450000,39,0.474505,0.449778,2024,1500
threshold,0.400000,,0.450000,40,0.476325,0.449778,2024,1500
threshold,0.400000,,0.450000,41,0.474404,0.449778,2024,1500
threshold,0.400000,,0.450000,42,0.473056,0.449778,2024,1500
threshold,0.400000,,0.450000,43,0.476622,0.449778,2024,1500
threshold,0.400000,,0.450000,44,0.474327,0.449778,2024,1500
threshold,0.400000,,0.450000,45,0.473299,0.449778,2024,728
threshold,0.400000,,0.450000,46,0.475609,0.449778,2024,1500
threshold,0.400000,,0.450000,47,0.475520,0.449778,2024,1500
threshold,0.400000,,0.450000,48,0.474989,0.449778,2024,1500
threshold,0.400000,,0.450000,49,0.474304,0.449778,2024,1500
threshold,0.400000,,0.500000,0,0.449459,0.499778,2249,753
threshold,0.400000,,0.500000,1,0.450437,0.499778,2249,1500
threshold,0.400000,,0.500000,2,0.447302,0.499778,2249,1500
threshold,0.400000,,0.500000,3,0.450304,0.499778,2249,1500
threshold,0.400000,,0.500000,4,0.450011,0.499778,2249,1500
threshold,0.400000,,0.500000,5,0.450907,0.499778,2249,1500
threshold,0.400000,,0.500000,6,0.445748,0.499778,2249,1500
threshold,0.400000,,0.500000,7,0.446907,0.499778,2249,856
threshold,0.400000,,0.500000,8,0.448883,0.499778,2249,1500
threshold,0.400000,,0.500000,9,0.451919,0.499778,2249,1500
threshold,0.400000,,0.500000,10,0.448480,0.499778,2249,1500
threshold,0.400000,,0.500000,11,0.450421,0.499778,2249,1500
threshold,0.400000,,0.500000,12,0.449969,0.499778,2249,1500
threshold,0.400000,,0.500000,13,0.446441,0.499778,2249,1500
threshold,0.400000,,0.500000,14,0.443572,0.499778,2249,1500
threshold,0.400000,,0.500000,15,0.448576,0.499778,2249,1500
threshold,0.400000,,0.500000,16,0.446576,0.499778,2249,1500
threshold,0.400000,,0.500000,17,0.449532,0.499778,2249,1500
threshold,0.400000,,0.500000,18,0.448618,0.499778,2249,1500
threshold,0.400000,,0.500000,19,0.449969,0.499778,2249,1500
threshold,0.400000,,0.500000,20,0.447749,0.499778,2249,1500
threshold,0.400000,,0.500000,21,0.451434,0.499778,2249,1500
threshold,0.400000,,0.500000,22,0.444441,0.499778,2249,1500
threshold,0.400000,,0.500000,23,0.444985,0.499778,2249,1500
threshold,0.400000,,0.500000,24,0.447748,0.499778,2249,1500
threshold,0.400000,,0.500000,25,0.445325,0.499778,2249,1500
threshold,0.400000,,0.500000,26,0.449923,0.499778,2249,1500
threshold,0.400000,,0.500000,27,0.447200,0.499778,2249,1500
threshold,0.400000,,0.500000,28,0.447036,0.499778,2249,1500
threshold,0.400000,,0.500000,29,0.450071,0.499778,2249,1500
threshold,0.400000,,0.500000,30,0.445780,0.499778,2249,1500
threshold,0.400000,,0.500000,31,0.447326,0.499778,2249,1500
threshold,0.400000,,0.500000,32,0.451461,0.499778,2249,1500
threshold,0.400000,,0.500000,33,0.448461,0.499778,2249,1500
threshold,0.400000,,0.500000,34,0.448215,0.499778,2249,1500
threshold,0.400000,,0.500000,35,0.448048,0.499778,2249,1500
threshold,0.400000,,0.500000,36,0.452929,0.499778,2249,1500
threshold,0.400000,,0.500000,37,0.449943,0.499778,2249,1500
threshold,0.400000,,0.500000,38,0.449574,0.499778,2249,1500
threshold,0.400000,,0.500000,39,0.448268,0.499778,2249,1500
threshold,0.400000,,0.500000,40,0.450370,0.499778,2249,1500
threshold,0.400000,,0.500000,41,0.448642,0.499778,2249,1247
threshold,0.400000,,0.500000,42,0.447341,0.499778,2249,831
threshold,0.400000,,0.500000,43,0.448697,0.499778,2249,1500
threshold,0.400000,,0.500000,44,0.449226,0.499778,2249,1500
threshold,0.400000,,0.500000,45,0.448575,0.499778,2249,726
threshold,0.400000,,0.500000,46,0.449926,0.499778,2249,1500
threshold,0.400000,,0.500000,47,0.449916,0.499778,2249,1500
threshold,0.400000,,0.500000,48,0.448397,0.499778,2249,1500
threshold,0.400000,,0.500000,49,0.448780,0.499778,2249,1500
threshold,0.400000,,0.550000,0,0.421015,0.549778,2474,1500
threshold,0.400000,,0.550000,1,0.422589,0.549778,2474,1500
threshold,0.400000,,0.550000,2,0.419790,0.549778,2474,1500
threshold,0.400000,,0.550000,3,0.422583,0.549778,2474,1500
threshold,0.400000,,0.550000,4,0.421892,0.549778,2474,1500
threshold,0.400000,,0.550000,5,0.422392,0.549778,2474,1500
threshold,0.400000,,0.550000,6,0.418250,0.549778,2474,1500
threshold,0.400000,,0.550000,7,0.420120,0.549778,2474,893
threshold,0.400000,,0.550000,8,0.421416,0.549778,2474,1500
threshold,0.400000,,0.550000,9,0.424036,0.549778,2474,1500
threshold,0.400000,,0.550000,10,0.420164,0.549778,2474,1500
threshold,0.400000,,0.550000,11,0.423626,0.549778,2474,1500
threshold,0.400000,,0.550000,12,0.420843,0.549778,2474,1500
threshold,0.400000,,0.550000,13,0.418395,0.549778,2474,1500
threshold,0.400000,,0.550000,14,0.414855,0.549778,2474,1500
threshold,0.400000,,0.550000,15,0.419940,0.549778,2474,1500
threshold,0.400000,,0.550000,16,0.420610,0.549778,2474,1500
threshold,0.400000,,0.550000,17,0.420384,0.549778,2474,1500
threshold,0.400000,,0.550000,18,0.420670,0.549778,2474,1500
threshold,0.400000,,0.550000,19,0.421879,0.549778,2474,1500
threshold,0.400000,,0.550000,20,0.419541,0.549778,2474,1500
threshold,0.400000,,0.550000,21,0.424235,0.549778,2474,1500
threshold,0.400000,,0.550000,22,0.415963,0.549778,2474,1500
threshold,0.400000,,0.550000,23,0.417556,0.549778,2474,1500
threshold,0.400000,,0.550000,24,0.420438,0.549778,2474,1500
threshold,0.400000,,0.550000,25,0.417594,0.549778,2474,1500
threshold,0.400000,,0.550000,26,0.420829,0.549778,2474,1500
threshold,0.400000,,0.550000,27,0.420397,0.549778,2474,1500
threshold,0.400000,,0.550000,28,0.420816,0.549778,2474,1500
threshold,0.400000,,0.550000,29,0.422232,0.549778,2474,1500
threshold,0.400000,,0.550000,30,0.418138,0.549778,2474,1500
threshold,0.400000,,0.550000,31,0.419653,0.549778,2474,1500
threshold,0.400000,,0.550000,32,0.423713,0.549778,2474,1500
threshold,0.400000,,0.550000,33,0.419607,0.549778,2474,1500
threshold,0.400000,,0.550000,34,0.419826,0.549778,2474,1500
threshold,0.400000,,0.550000,35,0.419637,0.549778,2474,1500
threshold,0.400000,,0.550000,36,0.426836,0.549778,2474,1500
threshold,0.400000,,0.550000,37,0.423082,0.549778,2474,1500
threshold,0.400000,,0.550000,38,0.422261,0.549778,2474,1500
threshold,0.400000,,0.550000,39,0.420772,0.549778,2474,1500
threshold,0.400000,,0.550000,40,0.422212,0.549778,2474,1500
threshold,0.400000,,0.550000,41,0.420043,0.549778,2474,763
threshold,0.400000,,0.550000,42,0.419625,0.549778,2474,1500
threshold,0.400000,,0.550000,43,0.420904,0.549778,2474,1500
threshold,0.400000,,0.550000,44,0.421961,0.549778,2474,1500
threshold,0.400000,,0.550000,45,0.421977,0.549778,2474,1500
threshold,0.400000,,0.550000,46,0.422734,0.549778,2474,1500
threshold,0.400000,,0.550000,47,0.422997,0.549778,2474,1500
threshold,0.400000,,0.550000,48,0.420626,0.549778,2474,1500
threshold,0.400000,,0.550000,49,0.419136,0.549778,2474,1500
threshold,0.400000,,0.600000,0,0.390848,0.599778,2699,1500
threshold,0.400000,,0.600000,1,0.392862,0.599778,2699,1500
threshold,0.400000,,0.600000,2,0.390455,0.599778,2699,1500
threshold,0.400000,,0.600000,3,0.392870,0.599778,2699,1500
threshold,0.400000,,0.600000,4,0.390891,0.599778,2699,1500
threshold,0.400000,,0.600000,5,0.392080,0.599778,2699,1500
threshold,0.400000,,0.600000,6,0.387317,0.599778,2699,1500
threshold,0.400000,,0.600000,7,0.391622,0.599778,2699,1500
threshold,0.400000,,0.600000,8,0.392051,0.599778,2699,1500
threshold,0.400000,,0.600000,9,0.392735,0.599778,2699,1500
threshold,0.400000,,0.600000,10,0.390399,0.599778,2699,1500
threshold,0.400000,,0.600000,11,0.394211,0.599778,2699,1500
threshold,0.400000,,0.600000,12,0.392322,0.599778,2699,1500
threshold,0.400000,,0.600000,13,0.390299,0.599778,2699,1500
threshold,0.400000,,0.600000,14,0.385915,0.599778,2699,800
threshold,0.400000,,0.600000,15,0.389236,0.599778,2699,1500
threshold,0.400000,,0.600000,16,0.390849,0.599778,2699,1500
threshold,0.400000,,0.600000,17,0.389304,0.599778,2699,1500
threshold,0.400000,,0.600000,18,0.391158,0.599778,2699,1500
threshold,0.400000,,0.600000,19,0.392118,0.599778,2699,1500
threshold,0.400000,,0.600000,20,0.390372,0.599778,2699,1500
threshold,0.400000,,0.600000,21,0.394419,0.599778,2699,1500
threshold,0.400000,,0.600000,22,0.386430,0.599778,2699,1500
threshold,0.400000,,0.600000,23,0.387872,0.599778,2699,1500
threshold,0.400000,,0.600000,24,0.392801,0.599778,2699,1500
threshold,0.400000,,0.600000,25,0.387594,0.599778,2699,1500
threshold,0.400000,,0.600000,26,0.390719,0.599778,2699,1500
threshold,0.400000,,0.600000,27,0.391700,0.599778,2699,1500
threshold,0.400000,,0.600000,28,0.389074,0.599778,2699,1500
threshold,0.400000,,0.600000,29,0.390559,0.599778,2699,1500
threshold,0.400000,,0.600000,30,0.387671,0.599778,2699,1500
threshold,0.400000,,0.600000,31,0.390539,0.599778,2699,1500
threshold,0.400000,,0.600000,32,0.394358,0.599778,2699,1500
threshold,0.400000,,0.600000,33,0.389600,0.599778,2699,1500
threshold,0.400000,,0.600000,34,0.389981,0.599778,2699,1500
threshold,0.400000,,0.600000,35,0.392028,0.599778,2699,1500
threshold,0.400000,,0.600000,36,0.398223,0.599778,2699,1500
threshold,0.400000,,0.600000,37,0.392712,0.599778,2699,1500
threshold,0.400000,,0.600000,38,0.393111,0.599778,2699,1500
threshold,0.400000,,0.600000,39,0.390847,0.599778,2699,1500
threshold,0.400000,,0.600000,40,0.393437,0.599778,2699,871
threshold,0.400000,,0.600000,41,0.391273,0.599778,2699,1500
threshold,0.400000,,0.600000,42,0.389622,0.599778,2699,1500
threshold,0.400000,,0.600000,43,0.391857,0.599778,2699,1500
threshold,0.400000,,0.600000,44,0.393234,0.599778,2699,1500
threshold,0.400000,,0.600000,45,0.390275,0.599778,2699,1500
threshold,0.400000,,0.600000,46,0.394029,0.599778,2699,1500
threshold,0.400000,,0.600000,47,0.390753,0.599778,2699,1500
threshold,0.400000,,0.600000,48,0.392127,0.599778,2699,1500
threshold,0.400000,,0.600000,49,0.389616,0.599778,2699,1500
threshold,0.400000,,0.650000,0,0.359022,0.649778,2924,1500
threshold,0.400000,,0.650000,1,0.361549,0.649778,2924,1500
threshold,0.400000,,0.650000,2,0.358769,0.649778,2924,1500
threshold,0.400000,,0.650000,3,0.362580,0.649778,2924,1500
threshold,0.400000,,0.650000,4,0.358686,0.649778,2924,1500
threshold,0.400000,,0.650000,5,0.358391,0.649778,2924,1500
threshold,0.400000,,0.650000,6,0.355086,0.649778,2924,1500
threshold,0.400000,,0.650000,7,0.358432,0.649778,2924,1500
threshold,0.400000,,0.650000,8,0.360962,0.649778,2924,1500
threshold,0.400000,,0.650000,9,0.361017,0.649778,2924,1500
threshold,0.400000,,0.650000,10,0.359675,0.649778,2924,1500
threshold,0.400000,,0.650000,11,0.360835,0.649778,2924,1500
threshold,0.400000,,0.650000,12,0.360103,0.649778,2924,1500
threshold,0.400000,,0.650000,13,0.357181,0.649778,2924,1500
threshold,0.400000,,0.650000,14,0.355241,0.649778,2924,1500
threshold,0.400000,,0.650000,15,0.356858,0.649778,2924,1500
threshold,0.400000,,0.650000,16,0.358456,0.649778,2924,1500
threshold,0.400000,,0.650000,17,0.358036,0.649778,2924,1500
threshold,0.400000,,0.650000,18,0.360293,0.649778,2924,1500
threshold,0.400000,,0.650000,19,0.359392,0.649778,2924,1500
threshold,0.400000,,0.650000,20,0.359159,0.649778,2924,1500
threshold,0.400000,,0.650000,21,0.362805,0.649778,2924,1500
threshold,0.400000,,0.650000,22,0.355258,0.649778,2924,1500
threshold,0.400000,,0.650000,23,0.355757,0.649778,2924,1500
threshold,0.400000,,0.650000,24,0.360018,0.649778,2924,1500
threshold,0.400000,,0.650000,25,0.355863,0.649778,2924,1500
threshold,0.400000,,0.650000,26,0.356544,0.649778,2924,1500
threshold,0.400000,,0.650000,27,0.357928,0.649778,2924,1500
threshold,0.400000,,0.650000,28,0.356321,0.649778,2924,1500
threshold,0.400000,,0.650000,29,0.357908,0.649778,2924,1500
threshold,0.400000,,0.650000,30,0.356218,0.649778,2924,1500
threshold,0.400000,,0.650000,31,0.357589,0.649778,2924,1500
threshold,0.400000,,0.650000,32,0.362662,0.649778,2924,1500
threshold,0.400000,,0.650000,33,0.357403,0.649778,2924,1500
threshold,0.400000,,0.650000,34,0.358125,0.649778,2924,1500
threshold,0.400000,,0.650000,35,0.359548,0.649778,2924,1500
threshold,0.400000,,0.650000,36,0.365856,0.649778,2924,1500
threshold,0.400000,,0.650000,37,0.362674,0.649778,2924,1500
threshold,0.400000,,0.650000,38,0.362586,0.649778,2924,1500
threshold,0.400000,,0.650000,39,0.357693,0.649778,2924,1500
threshold,0.400000,,0.650000,40,0.359956,0.649778,2924,1500
threshold,0.400000,,0.650000,41,0.359149,0.649778,2924,1500
threshold,0.400000,,0.650000,42,0.355996,0.649778,2924,1500
threshold,0.400000,,0.650000,43,0.359378,0.649778,2924,1500
threshold,0.400000,,0.650000,44,0.360404,0.649778,2924,1500
threshold,0.400000,,0.650000,45,0.358241,0.649778,2924,1500
threshold,0.400000,,0.650000,46,0.361756,0.649778,2924,1500
threshold,0.400000,,0.650000,47,0.358923,0.649778,2924,1500
threshold,0.400000,,0.650000,48,0.360697,0.649778,2924,1500
threshold,0.400000,,0.650000,49,0.357286,0.649778,2924,1500
threshold,0.400000,,0.700000,0,0.323829,0.700000,3150,1500
threshold,0.400000,,0.700000,1,0.325280,0.700000,3150,1474
threshold,0.400000,,0.700000,2,0.324092,0.700000,3150,1500
threshold,0.400000,,0.700000,3,0.326108,0.700000,3150,1500
threshold,0.400000,,0.700000,4,0.323587,0.700000,3150,1500
threshold,0.400000,,0.700000,5,0.321932,0.700000,3150,1500
threshold,0.400000,,0.700000,6,0.319163,0.700000,3150,1500
threshold,0.400000,,0.700000,7,0.323434,0.700000,3150,1500
threshold,0.400000,,0.700000,8,0.323895,0.700000,3150,1500
threshold,0.400000,,0.700000,9,0.323836,0.700000,3150,1500
threshold,0.400000,,0.700000,10,0.323933,0.700000,3150,1500
threshold,0.400000,,0.700000,11,0.323768,0.700000,3150,1500
threshold,0.400000,,0.700000,12,0.322946,0.700000,3150,1500
threshold,0.400000,,0.700000,13,0.321234,0.700000,3150,1500
threshold,0.400000,,0.700000,14,0.321784,0.700000,3150,1500
threshold,0.400000,,0.700000,15,0.319500,0.700000,3150,1500
threshold,0.400000,,0.700000,16,0.324125,0.700000,3150,1500
threshold,0.400000,,0.700000,17,0.322977,0.700000,3150,1500
threshold,0.400000,,0.700000,18,0.326225,0.700000,3150,1500
threshold,0.400000,,0.700000,19,0.324369,0.700000,3150,1500
threshold,0.400000,,0.700000,20,0.322601,0.700000,3150,1500
threshold,0.400000,,0.700000,21,0.325616,0.700000,3150,1500
threshold,0.400000,,0.700000,22,0.318858,0.700000,3150,1500
threshold,0.400000,,0.700000,23,0.320418,0.700000,3150,1500
threshold,0.400000,,0.700000,24,0.324222,0.700000,3150,1500
threshold,0.400000,,0.700000,25,0.321332,0.700000,3150,1500
threshold,0.400000,,0.700000,26,0.321526,0.700000,3150,1500
threshold,0.400000,,0.700000,27,0.322298,0.700000,3150,1500
threshold,0.400000,,0.700000,28,0.320642,0.700000,3150,1500
threshold,0.400000,,0.700000,29,0.322952,0.700000,3150,1500
threshold,0.400000,,0.700000,30,0.321479,0.700000,3150,1500
threshold,0.400000,,0.700000,31,0.322122,0.700000,3150,1500
threshold,0.400000,,0.700000,32,0.326216,0.700000,3150,1500
threshold,0.400000,,0.700000,33,0.321178,0.700000,3150,1500
threshold,0.400000,,0.700000,34,0.324881,0.700000,3150,1500
threshold,0.400000,,0.700000,35,0.325302,0.700000,3150,1296
threshold,0.400000,,0.700000,36,0.329278,0.700000,3150,1500
threshold,0.400000,,0.700000,37,0.326987,0.700000,3150,1500
threshold,0.400000,,0.700000,38,0.326300,0.700000,3150,1500
threshold,0.400000,,0.700000,39,0.321151,0.700000,3150,1500
threshold,0.400000,,0.700000,40,0.322720,0.700000,3150,1500
threshold,0.400000,,0.700000,41,0.324296,0.700000,3150,1500
threshold,0.400000,,0.700000,42,0.320686,0.700000,3150,1500
threshold,0.400000,,0.700000,43,0.323916,0.700000,3150,1500
threshold,0.400000,,0.700000,44,0.325735,0.700000,3150,1500
threshold,0.400000,,0.700000,45,0.324253,0.700000,3150,1500
threshold,0.400000,,0.700000,46,0.325844,0.700000,3150,1500
threshold,0.400000,,0.700000,47,0.323631,0.700000,3150,1500
threshold,0.400000,,0.700000,48,0.323722,0.700000,3150,1500
threshold,0.400000,,0.700000,49,0.322403,0.700000,3150,1500
threshold,0.400000,,0.750000,0,0.283247,0.750000,3375,1500
threshold,0.400000,,0.750000,1,0.281543,0.750000,3375,1500
threshold,0.400000,,0.750000,2,0.283829,0.750000,3375,1500
threshold,0.400000,,0.750000,3,0.285539,0.750000,3375,1500
threshold,0.400000,,0.750000,4,0.283603,0.750000,3375,1500
threshold,0.400000,,0.750000,5,0.282149,0.750000,3375,1500
threshold,0.400000,,0.750000,6,0.280518,0.750000,3375,1500
threshold,0.400000,,0.750000,7,0.283793,0.750000,3375,1500
threshold,0.400000,,0.750000,8,0.283668,0.750000,3375,1500
threshold,0.400000,,0.750000,9,0.283115,0.750000,3375,1500
threshold,0.400000,,0.750000,10,0.283435,0.750000,3375,1500
threshold,0.400000,,0.750000,11,0.283437,0.750000,3375,1500
threshold,0.400000,,0.750000,12,0.283542,0.750000,3375,1500
threshold,0.400000,,0.750000,13,0.282066,0.750000,3375,1500
threshold,0.400000,,0.750000,14,0.282535,0.750000,3375,1500
threshold,0.400000,,0.750000,15,0.279895,0.750000,3375,1500
threshold,0.400000,,0.750000,16,0.285487,0.750000,3375,1500
threshold,0.400000,,0.750000,17,0.282443,0.750000,3375,1500
threshold,0.400000,,0.750000,18,0.286221,0.750000,3375,1500
threshold,0.400000,,0.750000,19,0.283595,0.750000,3375,1500
threshold,0.400000,,0.750000,20,0.283274,0.750000,3375,1500
threshold,0.400000,,0.750000,21,0.286560,0.750000,3375,1500
threshold,0.400000,,0.750000,22,0.280023,0.750000,3375,1500
threshold,0.400000,,0.750000,23,0.281971,0.750000,3375,1244
threshold,0.400000,,0.750000,24,0.284144,0.750000,3375,1500
threshold,0.400000,,0.750000,25,0.282807,0.750000,3375,1500
threshold,0.400000,,0.750000,26,0.282456,0.750000,3375,1500
threshold,0.400000,,0.750000,27,0.282112,0.750000,3375,1500
threshold,0.400000,,0.750000,28,0.281434,0.750000,3375,1500
threshold,0.400000,,0.750000,29,0.282735,0.750000,3375,1500
threshold,0.400000,,0.750000,30,0.282491,0.750000,3375,1500
threshold,0.400000,,0.750000,31,0.283473,0.750000,3375,1500
threshold,0.400000,,0.750000,32,0.285910,0.750000,3375,1500
threshold,0.400000,,0.750000,33,0.282078,0.750000,3375,1500
threshold,0.400000,,0.750000,34,0.285788,0.750000,3375,1500
threshold,0.400000,,0.750000,35,0.284358,0.750000,3375,1500
threshold,0.400000,,0.750000,36,0.288264,0.750000,3375,1500
threshold,0.400000,,0.750000,37,0.286561,0.750000,3375,1500
threshold,0.400000,,0.750000,38,0.284534,0.750000,3375,1500
threshold,0.400000,,0.750000,39,0.281611,0.750000,3375,1500
threshold,0.400000,,0.750000,40,0.283872,0.750000,3375,1500
threshold,0.400000,,0.750000,41,0.284706,0.750000,3375,1500
threshold,0.400000,,0.750000,42,0.281426,0.750000,3375,1500
threshold,0.400000,,0.750000,43,0.284571,0.750000,3375,1500
threshold,0.400000,,0.750000,44,0.286630,0.750000,3375,1500
threshold,0.400000,,0.750000,45,0.285606,0.750000,3375,1500
threshold,0.400000,,0.750000,46,0.285851,0.750000,3375,1500
threshold,0.400000,,0.750000,47,0.283806,0.750000,3375,1500
threshold,0.400000,,0.750000,48,0.284853,0.750000,3375,1500
threshold,0.400000,,0.750000,49,0.282873,0.750000,3375,1500
threshold,0.400000,,0.755000,0,0.279603,0.754889,3397,1500
threshold,0.400000,,0.755000,1,0.277433,0.754889,3397,1500
threshold,0.400000,,0.755000,2,0.279714,0.754889,3397,1500
threshold,0.400000,,0.755000,3,0.281238,0.754889,3397,1500
threshold,0.400000,,0.755000,4,0.279537,0.754889,3397,1500
threshold,0.400000,,0.755000,5,0.277902,0.754889,3397,1500
threshold,0.400000,,0.755000,6,0.276084,0.754889,3397,1500
threshold,0.400000,,0.755000,7,0.280086,0.754889,3397,1500
threshold,0.400000,,0.755000,8,0.279467,0.754889,3397,1500
threshold,0.400000,,0.755000,9,0.279212,0.754889,3397,1500
threshold,0.400000,,0.755000,10,0.278945,0.754889,3397,1500
threshold,0.400000,,0.755000,11,0.279130,0.754889,3397,1500
threshold,0.400000,,0.755000,12,0.279564,0.754889,3397,1500
threshold,0.400000,,0.755000,13,0.277538,0.754889,3397,1500
threshold,0.400000,,0.755000,14,0.278414,0.754889,3397,1500
threshold,0.400000,,0.755000,15,0.275676,0.754889,3397,1500
threshold,0.400000,,0.755000,16,0.281916,0.754889,3397,1500
threshold,0.400000,,0.755000,17,0.278319,0.754889,3397,1500
threshold,0.400000,,0.755000,18,0.281601,0.754889,3397,1500
threshold,0.400000,,0.755000,19,0.278865,0.754889,3397,1500
threshold,0.400000,,0.755000,20,0.279351,0.754889,3397,1500
threshold,0.400000,,0.755000,21,0.282442,0.754889,3397,1500
threshold,0.400000,,0.755000,22,0.275757,0.754889,3397,1500
threshold,0.400000,,0.755000,23,0.277528,0.754889,3397,1500
threshold,0.400000,,0.755000,24,0.279846,0.754889,3397,1500
threshold,0.400000,,0.755000,25,0.278623,0.754889,3397,1500
threshold,0.400000,,0.755000,26,0.278027,0.754889,3397,1500
threshold,0.400000,,0.755000,27,0.278243,0.754889,3397,1500
threshold,0.400000,,0.755000,28,0.276920,0.754889,3397,1500
threshold,0.400000,,0.755000,29,0.278382,0.754889,3397,1500
threshold,0.400000,,0.755000,30,0.278905,0.754889,3397,1500
threshold,0.400000,,0.755000,31,0.278694,0.754889,3397,1500
threshold,0.400000,,0.755000,32,0.281528,0.754889,3397,1500
threshold,0.400000,,0.755000,33,0.277745,0.754889,3397,1500
threshold,0.400000,,0.755000,34,0.281820,0.754889,3397,1500
threshold,0.400000,,0.755000,35,0.280513,0.754889,3397,1500
threshold,0.400000,,0.755000,36,0.284107,0.754889,3397,1500
threshold,0.400000,,0.755000,37,0.282269,0.754889,3397,1500
threshold,0.400000,,0.755000,38,0.280168,0.754889,3397,1500
threshold,0.400000,,0.755000,39,0.277728,0.754889,3397,1500
threshold,0.400000,,0.755000,40,0.279782,0.754889,3397,1500
threshold,0.400000,,0.755000,41,0.280663,0.754889,3397,1500
threshold,0.400000,,0.755000,42,0.277229,0.754889,3397,1500
threshold,0.400000,,0.755000,43,0.280823,0.754889,3397,1500
threshold,0.400000,,0.755000,44,0.282817,0.754889,3397,1500
threshold,0.400000,,0.755000,45,0.281665,0.754889,3397,1500
threshold,0.400000,,0.755000,46,0.281894,0.754889,3397,1500
threshold,0.400000,,0.755000,47,0.279798,0.754889,3397,1500
threshold,0.400000,,0.755000,48,0.280825,0.754889,3397,1500
threshold,0.400000,,0.755000,49,0.278389,0.754889,3397,1500
threshold,0.400000,,0.760000,0,0.275422,0.760000,3420,1500
threshold,0.400000,,0.760000,1,0.272861,0.760000,3420,1500
threshold,0.400000,,0.760000,2,0.275831,0.760000,3420,1500
threshold,0.400000,,0.760000,3,0.276968,0.760000,3420,1500
threshold,0.400000,,0.760000,4,0.275073,0.760000,3420,1500
threshold,0.400000,,0.760000,5,0.273898,0.760000,3420,1500
threshold,0.400000,,0.760000,6,0.271755,0.760000,3420,1500
threshold,0.400000,,0.760000,7,0.275586,0.760000,3420,1500
threshold,0.400000,,0.760000,8,0.274748,0.760000,3420,1500
threshold,0.400000,,0.760000,9,0.274834,0.760000,3420,1500
threshold,0.400000,,0.760000,10,0.273971,0.760000,3420,1500
threshold,0.400000,,0.760000,11,0.274189,0.760000,3420,1500
threshold,0.400000,,0.760000,12,0.275433,0.760000,3420,1500
threshold,0.400000,,0.760000,13,0.273309,0.760000,3420,1500
threshold,0.400000,,0.760000,14,0.274230,0.760000,3420,1500
threshold,0.400000,,0.760000,15,0.270780,0.760000,3420,1500
threshold,0.400000,,0.760000,16,0.277801,0.760000,3420,1500
threshold,0.400000,,0.760000,17,0.274227,0.760000,3420,1500
threshold,0.400000,,0.760000,18,0.277227,0.760000,3420,1500
threshold,0.400000,,0.760000,19,0.273378,0.760000,3420,1500
threshold,0.400000,,0.760000,20,0.274953,0.760000,3420,1500
threshold,0.400000,,0.760000,21,0.278408,0.760000,3420,1500
threshold,0.400000,,0.760000,22,0.271164,0.760000,3420,1500
threshold,0.400000,,0.760000,23,0.273334,0.760000,3420,1041
threshold,0.400000,,0.760000,24,0.275350,0.760000,3420,1500
threshold,0.400000,,0.760000,25,0.273787,0.760000,3420,1500
threshold,0.400000,,0.760000,26,0.273289,0.760000,3420,1500
threshold,0.400000,,0.760000,27,0.274478,0.760000,3420,1500
threshold,0.400000,,0.760000,28,0.272692,0.760000,3420,1500
threshold,0.400000,,0.760000,29,0.273776,0.760000,3420,1500
threshold,0.400000,,0.760000,30,0.274570,0.760000,3420,1500
threshold,0.400000,,0.760000,31,0.274589,0.760000,3420,1500
threshold,0.400000,,0.760000,32,0.277439,0.760000,3420,1500
threshold,0.400000,,0.760000,33,0.273059,0.760000,3420,1500
threshold,0.400000,,0.760000,34,0.277574,0.760000,3420,1500
threshold,0.400000,,0.760000,35,0.276483,0.760000,3420,1500
threshold,0.400000,,0.760000,36,0.279826,0.760000,3420,1500
threshold,0.400000,,0.760000,37,0.277867,0.760000,3420,1500
threshold,0.400000,,0.760000,38,0.275578,0.760000,3420,1500
threshold,0.400000,,0.760000,39,0.273115,0.760000,3420,1500
threshold,0.400000,,0.760000,40,0.275175,0.760000,3420,1500
threshold,0.400000,,0.760000,41,0.276428,0.760000,3420,1500
threshold,0.400000,,0.760000,42,0.272205,0.760000,3420,1500
threshold,0.400000,,0.760000,43,0.276829,0.760000,3420,1500
threshold,0.400000,,0.760000,44,0.278638,0.760000,3420,1500
threshold,0.400000,,0.760000,45,0.277257,0.760000,3420,1500
threshold,0.400000,,0.760000,46,0.277771,0.760000,3420,1500
threshold,0.400000,,0.760000,47,0.275353,0.760000,3420,1500
threshold,0.400000,,0.760000,48,0.276248,0.760000,3420,1500
threshold,0.400000,,0.760000,49,0.274051,0.760000,3420,1500
threshold,0.400000,,0.765000,0,0.270970,0.764889,3442,1500
threshold,0.400000,,0.765000,1,0.268353,0.764889,3442,1500
threshold,0.400000,,0.765000,2,0.271427,0.764889,3442,1500
threshold,0.400000,,0.765000,3,0.272910,0.764889,3442,1500
threshold,0.400000,,0.765000,4,0.270506,0.764889,3442,1500
threshold,0.400000,,0.765000,5,0.269568,0.764889,3442,1500
threshold,0.400000,,0.765000,6,0.267525,0.764889,3442,1500
threshold,0.400000,,0.765000,7,0.271176,0.764889,3442,1500
threshold,0.400000,,0.765000,8,0.270448,0.764889,3442,1500
threshold,0.400000,,0.765000,9,0.270958,0.764889,3442,1500
threshold,0.400000,,0.765000,10,0.269535,0.764889,3442,1500
threshold,0.400000,,0.765000,11,0.270188,0.764889,3442,1500
threshold,0.400000,,0.765000,12,0.271096,0.764889,3442,1500
threshold,0.400000,,0.765000,13,0.268720,0.764889,3442,1500
threshold,0.400000,,0.765000,14,0.269617,0.764889,3442,1500
threshold,0.400000,,0.765000,15,0.266685,0.764889,3442,1500
threshold,0.400000,,0.765000,16,0.273685,0.764889,3442,1500
threshold,0.400000,,0.765000,17,0.269665,0.764889,3442,1500
threshold,0.400000,,0.765000,18,0.273047,0.764889,3442,1500
threshold,0.400000,,0.765000,19,0.269619,0.764889,3442,1500
threshold,0.400000,,0.765000,20,0.270756,0.764889,3442,1500
threshold,0.400000,,0.765000,21,0.274253,0.764889,3442,1500
threshold,0.400000,,0.765000,22,0.266637,0.764889,3442,1500
threshold,0.400000,,0.765000,23,0.268341,0.764889,3442,1219
threshold,0.400000,,0.765000,24,0.270690,0.764889,3442,1500
threshold,0.400000,,0.765000,25,0.269797,0.764889,3442,1500
threshold,0.400000,,0.765000,26,0.269146,0.764889,3442,1500
threshold,0.400000,,0.765000,27,0.269780,0.764889,3442,1500
threshold,0.400000,,0.765000,28,0.268660,0.764889,3442,1500
threshold,0.400000,,0.765000,29,0.269828,0.764889,3442,1500
threshold,0.400000,,0.765000,30,0.270136,0.764889,3442,1500
threshold,0.400000,,0.765000,31,0.270409,0.764889,3442,1500
threshold,0.400000,,0.765000,32,0.272735,0.764889,3442,1500
threshold,0.400000,,0.765000,33,0.268900,0.764889,3442,1500
threshold,0.400000,,0.765000,34,0.273232,0.764889,3442,1500
threshold,0.400000,,0.765000,35,0.272404,0.764889,3442,1500
threshold,0.400000,,0.765000,36,0.275776,0.764889,3442,1500
threshold,0.400000,,0.765000,37,0.273748,0.764889,3442,1500
threshold,0.400000,,0.765000,38,0.271316,0.764889,3442,1500
threshold,0.400000,,0.765000,39,0.269083,0.764889,3442,1500
threshold,0.400000,,0.765000,40,0.270947,0.764889,3442,1500
threshold,0.400000,,0.765000,41,0.272140,0.764889,3442,1500
threshold,0.400000,,0.765000,42,0.268156,0.764889,3442,1500
threshold,0.400000,,0.765000,43,0.271679,0.764889,3442,1500
threshold,0.400000,,0.765000,44,0.273893,0.764889,3442,1500
threshold,0.400000,,0.765000,45,0.272518,0.764889,3442,1500
threshold,0.400000,,0.765000,46,0.273599,0.764889,3442,1500
threshold,0.400000,,0.765000,47,0.270532,0.764889,3442,1500
threshold,0.400000,,0.765000,48,0.272071,0.764889,3442,1500
threshold,0.400000,,0.765000,49,0.269981,0.764889,3442,1500
threshold,0.400000,,0.770000,0,0.266371,0.770000,3465,1500
threshold,0.400000,,0.770000,1,0.264142,0.770000,3465,1500
threshold,0.400000,,0.770000,2,0.266294,0.770000,3465,1500
threshold,0.400000,,0.770000,3,0.268163,0.770000,3465,1500
threshold,0.400000,,0.770000,4,0.265257,0.770000,3465,1500
threshold,0.400000,,0.770000,5,0.264740,0.770000,3465,1500
threshold,0.400000,,0.770000,6,0.263228,0.770000,3465,1500
threshold,0.400000,,0.770000,7,0.266504,0.770000,3465,1500
threshold,0.400000,,0.770000,8,0.265418,0.770000,3465,1500
threshold,0.400000,,0.770000,9,0.266273,0.770000,3465,1500
threshold,0.400000,,0.770000,10,0.264447,0.770000,3465,1500
threshold,0.400000,,0.770000,11,0.265824,0.770000,3465,1500
threshold,0.400000,,0.770000,12,0.265427,0.770000,3465,1500
threshold,0.400000,,0.770000,13,0.264285,0.770000,3465,1500
threshold,0.400000,,0.770000,14,0.265261,0.770000,3465,1500
threshold,0.400000,,0.770000,15,0.262355,0.770000,3465,1500
threshold,0.400000,,0.770000,16,0.269599,0.770000,3465,1500
threshold,0.400000,,0.770000,17,0.265156,0.770000,3465,1500
threshold,0.400000,,0.770000,18,0.267973,0.770000,3465,1500
threshold,0.400000,,0.770000,19,0.264962,0.770000,3465,1500
threshold,0.400000,,0.770000,20,0.266492,0.770000,3465,1500
threshold,0.400000,,0.770000,21,0.269076,0.770000,3465,1500
threshold,0.400000,,0.770000,22,0.262167,0.770000,3465,1500
threshold,0.400000,,0.770000,23,0.264370,0.770000,3465,1219
threshold,0.400000,,0.770000,24,0.265968,0.770000,3465,1500
threshold,0.400000,,0.770000,25,0.265637,0.770000,3465,1500
threshold,0.400000,,0.770000,26,0.264441,0.770000,3465,1500
threshold,0.400000,,0.770000,27,0.265182,0.770000,3465,1500
threshold,0.400000,,0.770000,28,0.264223,0.770000,3465,1500
threshold,0.400000,,0.770000,29,0.264993,0.770000,3465,1500
threshold,0.400000,,0.770000,30,0.265029,0.770000,3465,1500
threshold,0.400000,,0.770000,31,0.265852,0.770000,3465,1500
threshold,0.400000,,0.770000,32,0.268122,0.770000,3465,1500
threshold,0.400000,,0.770000,33,0.264544,0.770000,3465,1500
threshold,0.400000,,0.770000,34,0.269042,0.770000,3465,1500
threshold,0.400000,,0.770000,35,0.267449,0.770000,3465,1500
threshold,0.400000,,0.770000,36,0.270773,0.770000,3465,1500
threshold,0.400000,,0.770000,37,0.269106,0.770000,3465,1500
threshold,0.400000,,0.770000,38,0.267246,0.770000,3465,1500
threshold,0.400000,,0.770000,39,0.264392,0.770000,3465,1500
threshold,0.400000,,0.770000,40,0.266852,0.770000,3465,1500
threshold,0.400000,,0.770000,41,0.267956,0.770000,3465,1500
threshold,0.400000,,0.770000,42,0.263455,0.770000,3465,1500
threshold,0.400000,,0.770000,43,0.267241,0.770000,3465,1500
threshold,0.400000,,0.770000,44,0.269188,0.770000,3465,1500
threshold,0.400000,,0.770000,45,0.268370,0.770000,3465,1500
threshold,0.400000,,0.770000,46,0.269283,0.770000,3465,1500
threshold,0.400000,,0.770000,47,0.266267,0.770000,3465,1500
threshold,0.400000,,0.770000,48,0.267513,0.770000,3465,1500
threshold,0.400000,,0.770000,49,0.265475,0.770000,3465,1500
threshold,0.400000,,0.775000,0,0.262247,0.774889,3487,1500
threshold,0.400000,,0.775000,1,0.259964,0.774889,3487,1500
threshold,0.400000,,0.775000,2,0.261919,0.774889,3487,1500
threshold,0.400000,,0.775000,3,0.263802,0.774889,3487,1500
threshold,0.400000,,0.775000,4,0.260738,0.774889,3487,1500
threshold,0.400000,,0.775000,5,0.259946,0.774889,3487,1500
threshold,0.400000,,0.775000,6,0.258909,0.774889,3487,1500
threshold,0.400000,,0.775000,7,0.261846,0.774889,3487,1500
threshold,0.400000,,0.775000,8,0.260734,0.774889,3487,1500
threshold,0.400000,,0.775000,9,0.261883,0.774889,3487,1500
threshold,0.400000,,0.775000,10,0.259834,0.774889,3487,1500
threshold,0.400000,,0.775000,11,0.260879,0.774889,3487,1500
threshold,0.400000,,0.775000,12,0.260960,0.774889,3487,1500
threshold,0.400000,,0.775000,13,0.260379,0.774889,3487,1500
threshold,0.400000,,0.775000,14,0.261185,0.774889,3487,1500
threshold,0.400000,,0.775000,15,0.258036,0.774889,3487,1500
threshold,0.400000,,0.775000,16,0.265103,0.774889,3487,1500
threshold,0.400000,,0.775000,17,0.260833,0.774889,3487,1500
threshold,0.400000,,0.775000,18,0.263368,0.774889,3487,1500
threshold,0.400000,,0.775000,19,0.260603,0.774889,3487,1500
threshold,0.400000,,0.775000,20,0.262401,0.774889,3487,1500
threshold,0.400000,,0.775000,21,0.264123,0.774889,3487,1500
threshold,0.400000,,0.775000,22,0.257559,0.774889,3487,1500
threshold,0.400000,,0.775000,23,0.260510,0.774889,3487,1224
threshold,0.400000,,0.775000,24,0.261699,0.774889,3487,1500
threshold,0.400000,,0.775000,25,0.261378,0.774889,3487,1500
threshold,0.400000,,0.775000,26,0.260295,0.774889,3487,1500
threshold,0.400000,,0.775000,27,0.261178,0.774889,3487,1500
threshold,0.400000,,0.775000,28,0.259380,0.774889,3487,1500
threshold,0.400000,,0.775000,29,0.260599,0.774889,3487,1500
threshold,0.400000,,0.775000,30,0.260994,0.774889,3487,1500
threshold,0.400000,,0.775000,31,0.261450,0.774889,3487,1500
threshold,0.400000,,0.775000,32,0.263565,0.774889,3487,1500
threshold,0.400000,,0.775000,33,0.258945,0.774889,3487,1500
threshold,0.400000,,0.775000,34,0.264248,0.774889,3487,1500
threshold,0.400000,,0.775000,35,0.262840,0.774889,3487,1500
threshold,0.400000,,0.775000,36,0.265771,0.774889,3487,1500
threshold,0.400000,,0.775000,37,0.264463,0.774889,3487,1500
threshold,0.400000,,0.775000,38,0.262669,0.774889,3487,1500
threshold,0.400000,,0.775000,39,0.260208,0.774889,3487,1500
threshold,0.400000,,0.775000,40,0.261758,0.774889,3487,1500
threshold,0.400000,,0.775000,41,0.263772,0.774889,3487,1500
threshold,0.400000,,0.775000,42,0.258676,0.774889,3487,1500
threshold,0.400000,,0.775000,43,0.263278,0.774889,3487,1500
threshold,0.400000,,0.775000,44,0.264839,0.774889,3487,1500
threshold,0.400000,,0.775000,45,0.264347,0.774889,3487,1500
threshold,0.400000,,0.775000,46,0.264838,0.774889,3487,1500
threshold,0.400000,,0.775000,47,0.262024,0.774889,3487,1500
threshold,0.400000,,0.775000,48,0.263074,0.774889,3487,1500
threshold,0.400000,,0.775000,49,0.261172,0.774889,3487,1500
threshold,0.400000,,0.780000,0,0.257416,0.780000,3510,1500
threshold,0.400000,,0.780000,1,0.255103,0.780000,3510,1500
threshold,0.400000,,0.780000,2,0.257385,0.780000,3510,1500
threshold,0.400000,,0.780000,3,0.258717,0.780000,3510,1500
threshold,0.400000,,0.780000,4,0.255636,0.780000,3510,1500
threshold,0.400000,,0.780000,5,0.255609,0.780000,3510,1500
threshold,0.400000,,0.780000,6,0.254230,0.780000,3510,1500
threshold,0.400000,,0.780000,7,0.256675,0.780000,3510,1500
threshold,0.400000,,0.780000,8,0.255220,0.780000,3510,1500
threshold,0.400000,,0.780000,9,0.257660,0.780000,3510,1500
threshold,0.400000,,0.780000,10,0.254927,0.780000,3510,1500
threshold,0.400000,,0.780000,11,0.255826,0.780000,3510,1500
threshold,0.400000,,0.780000,12,0.256314,0.780000,3510,1500
threshold,0.400000,,0.780000,13,0.255432,0.780000,3510,1500
threshold,0.400000,,0.780000,14,0.256774,0.780000,3510,1500
threshold,0.400000,,0.780000,15,0.253072,0.780000,3510,1500
threshold,0.400000,,0.780000,16,0.260364,0.780000,3510,1500
threshold,0.400000,,0.780000,17,0.255870,0.780000,3510,1500
threshold,0.400000,,0.780000,18,0.258804,0.780000,3510,1500
threshold,0.400000,,0.780000,19,0.256026,0.780000,3510,1500
threshold,0.400000,,0.780000,20,0.257605,0.780000,3510,1500
threshold,0.400000,,0.780000,21,0.259078,0.780000,3510,1500
threshold,0.400000,,0.780000,22,0.253267,0.780000,3510,1500
threshold,0.400000,,0.780000,23,0.254711,0.780000,3510,1500
threshold,0.400000,,0.780000,24,0.256954,0.780000,3510,1500
threshold,0.400000,,0.780000,25,0.256248,0.780000,3510,1500
threshold,0.400000,,0.780000,26,0.255720,0.780000,3510,1500
threshold,0.400000,,0.780000,27,0.256736,0.780000,3510,1500
threshold,0.400000,,0.780000,28,0.254409,0.780000,3510,1500
threshold,0.400000,,0.780000,29,0.255903,0.780000,3510,1500
threshold,0.400000,,0.780000,30,0.256150,0.780000,3510,1500
threshold,0.400000,,0.780000,31,0.256523,0.780000,3510,1500
threshold,0.400000,,0.780000,32,0.259326,0.780000,3510,1500
threshold,0.400000,,0.780000,33,0.253759,0.780000,3510,1500
threshold,0.400000,,0.780000,34,0.259736,0.780000,3510,1500
threshold,0.400000,,0.780000,35,0.258262,0.780000,3510,1500
threshold,0.400000,,0.780000,36,0.260778,0.780000,3510,1500
threshold,0.400000,,0.780000,37,0.259639,0.780000,3510,1500
threshold,0.400000,,0.780000,38,0.258319,0.780000,3510,1500
threshold,0.400000,,0.780000,39,0.255588,0.780000,3510,1500
threshold,0.400000,,0.780000,40,0.257326,0.780000,3510,1500
threshold,0.400000,,0.780000,41,0.258808,0.780000,3510,1500
threshold,0.400000,,0.780000,42,0.254113,0.780000,3510,1500
threshold,0.400000,,0.780000,43,0.258254,0.780000,3510,1500
threshold,0.400000,,0.780000,44,0.260336,0.780000,3510,1500
threshold,0.400000,,0.780000,45,0.259821,0.780000,3510,1500
threshold,0.400000,,0.780000,46,0.260081,0.780000,3510,1500
threshold,0.400000,,0.780000,47,0.257146,0.780000,3510,1500
threshold,0.400000,,0.780000,48,0.258720,0.780000,3510,1500
threshold,0.400000,,0.780000,49,0.256809,0.780000,3510,1500
threshold,0.400000,,0.785000,0,0.252642,0.784889,3532,1500
threshold,0.400000,,0.785000,1,0.250759,0.784889,3532,1500
threshold,0.400000,,0.785000,2,0.252708,0.784889,3532,1500
threshold,0.400000,,0.785000,3,0.253934,0.784889,3532,1500
threshold,0.400000,,0.785000,4,0.251716,0.784889,3532,1500
threshold,0.400000,,0.785000,5,0.250936,0.784889,3532,1500
threshold,0.400000,,0.785000,6,0.250050,0.784889,3532,1500
threshold,0.400000,,0.785000,7,0.252155,0.784889,3532,1500
threshold,0.400000,,0.785000,8,0.250839,0.784889,3532,1500
threshold,0.400000,,0.785000,9,0.252875,0.784889,3532,1500
threshold,0.400000,,0.785000,10,0.250755,0.784889,3532,1500
threshold,0.400000,,0.785000,11,0.251188,0.784889,3532,1500
threshold,0.400000,,0.785000,12,0.251732,0.784889,3532,1500
threshold,0.400000,,0.785000,13,0.251268,0.784889,3532,1500
threshold,0.400000,,0.785000,14,0.252342,0.784889,3532,1500
threshold,0.400000,,0.785000,15,0.248739,0.784889,3532,1500
threshold,0.400000,,0.785000,16,0.255103,0.784889,3532,1500
threshold,0.400000,,0.785000,17,0.250837,0.784889,3532,1500
threshold,0.400000,,0.785000,18,0.254237,0.784889,3532,1500
threshold,0.400000,,0.785000,19,0.251284,0.784889,3532,1500
threshold,0.400000,,0.785000,20,0.253191,0.784889,3532,1500
threshold,0.400000,,0.785000,21,0.254707,0.784889,3532,1500
threshold,0.400000,,0.785000,22,0.249147,0.784889,3532,1500
threshold,0.400000,,0.785000,23,0.250272,0.784889,3532,1500
threshold,0.400000,,0.785000,24,0.252195,0.784889,3532,1500
threshold,0.400000,,0.785000,25,0.251619,0.784889,3532,1500
threshold,0.400000,,0.785000,26,0.250846,0.784889,3532,1500
threshold,0.400000,,0.785000,27,0.252202,0.784889,3532,1500
threshold,0.400000,,0.785000,28,0.249839,0.784889,3532,1500
threshold,0.400000,,0.785000,29,0.251573,0.784889,3532,1500
threshold,0.400000,,0.785000,30,0.251909,0.784889,3532,1500
threshold,0.400000,,0.785000,31,0.251926,0.784889,3532,1500
threshold,0.400000,,0.785000,32,0.254331,0.784889,3532,1500
threshold,0.400000,,0.785000,33,0.249539,0.784889,3532,1500
threshold,0.400000,,0.785000,34,0.254507,0.784889,3532,1500
threshold,0.400000,,0.785000,35,0.253874,0.784889,3532,1500
threshold,0.400000,,0.785000,36,0.256153,0.784889,3532,1500
threshold,0.400000,,0.785000,37,0.255161,0.784889,3532,1500
threshold,0.400000,,0.785000,38,0.253946,0.784889,3532,1500
threshold,0.400000,,0.785000,39,0.250618,0.784889,3532,1500
threshold,0.400000,,0.785000,40,0.252625,0.784889,3532,1500
threshold,0.400000,,0.785000,41,0.254259,0.784889,3532,1500
threshold,0.400000,,0.785000,42,0.249878,0.784889,3532,1500
threshold,0.400000,,0.785000,43,0.254223,0.784889,3532,1500
threshold,0.400000,,0.785000,44,0.255587,0.784889,3532,1500
threshold,0.400000,,0.785000,45,0.255310,0.784889,3532,1500
threshold,0.400000,,0.785000,46,0.255535,0.784889,3532,1500
threshold,0.400000,,0.785000,47,0.252297,0.784889,3532,1500
threshold,0.400000,,0.785000,48,0.254507,0.784889,3532,1500
threshold,0.400000,,0.785000,49,0.252379,0.784889,3532,1500
threshold,0.400000,,0.790000,0,0.247787,0.790000,3555,1500
threshold,0.400000,,0.790000,1,0.245513,0.790000,3555,1500
threshold,0.400000,,0.790000,2,0.247853,0.790000,3555,1500
threshold,0.400000,,0.790000,3,0.248849,0.790000,3555,1500
threshold,0.400000,,0.790000,4,0.247003,0.790000,3555,1500
threshold,0.400000,,0.790000,5,0.245630,0.790000,3555,1500
threshold,0.400000,,0.790000,6,0.245464,0.790000,3555,1500
threshold,0.400000,,0.790000,7,0.247567,0.790000,3555,1500
threshold,0.400000,,0.790000,8,0.245912,0.790000,3555,1500
threshold,0.400000,,0.790000,9,0.247734,0.790000,3555,1500
threshold,0.400000,,0.790000,10,0.246307,0.790000,3555,1500
threshold,0.400000,,0.790000,11,0.246627,0.790000,3555,1500
threshold,0.400000,,0.790000,12,0.246431,0.790000,3555,1500
threshold,0.400000,,0.790000,13,0.246760,0.790000,3555,1500
threshold,0.400000,,0.790000,14,0.247196,0.790000,3555,1500
threshold,0.400000,,0.790000,15,0.244215,0.790000,3555,1500
threshold,0.400000,,0.790000,16,0.250827,0.790000,3555,1500
threshold,0.400000,,0.790000,17,0.245828,0.790000,3555,1500
threshold,0.400000,,0.790000,18,0.248989,0.790000,3555,1500
threshold,0.400000,,0.790000,19,0.246041,0.790000,3555,1500
threshold,0.400000,,0.790000,20,0.248822,0.790000,3555,1500
threshold,0.400000,,0.790000,21,0.249614,0.790000,3555,1500
threshold,0.400000,,0.790000,22,0.244008,0.790000,3555,1500
threshold,0.400000,,0.790000,23,0.245127,0.790000,3555,1500
threshold,0.400000,,0.790000,24,0.247663,0.790000,3555,1500
threshold,0.400000,,0.790000,25,0.246916,0.790000,3555,1500
threshold,0.400000,,0.790000,26,0.245610,0.790000,3555,1500
threshold,0.400000,,0.790000,27,0.247070,0.790000,3555,1500
threshold,0.400000,,0.790000,28,0.244379,0.790000,3555,1500
threshold,0.400000,,0.790000,29,0.246744,0.790000,3555,1500
threshold,0.400000,,0.790000,30,0.247476,0.790000,3555,1500
threshold,0.400000,,0.790000,31,0.246916,0.790000,3555,1500
threshold,0.400000,,0.790000,32,0.249437,0.790000,3555,1500
threshold,0.400000,,0.790000,33,0.244628,0.790000,3555,1500
threshold,0.400000,,0.790000,34,0.249670,0.790000,3555,1500
threshold,0.400000,,0.790000,35,0.249072,0.790000,3555,1500
threshold,0.400000,,0.790000,36,0.251507,0.790000,3555,1500
threshold,0.400000,,0.790000,37,0.250253,0.790000,3555,1500
threshold,0.400000,,0.790000,38,0.249218,0.790000,3555,1500
threshold,0.400000,,0.790000,39,0.246044,0.790000,3555,1500
threshold,0.400000,,0.790000,40,0.248025,0.790000,3555,1500
threshold,0.400000,,0.790000,41,0.249305,0.790000,3555,1500
threshold,0.400000,,0.790000,42,0.244632,0.790000,3555,1500
threshold,0.400000,,0.790000,43,0.249353,0.790000,3555,1500
threshold,0.400000,,0.790000,44,0.250615,0.790000,3555,1500
threshold,0.400000,,0.790000,45,0.250442,0.790000,3555,1500
threshold,0.400000,,0.790000,46,0.250210,0.790000,3555,1500
threshold,0.400000,,0.790000,47,0.247217,0.790000,3555,1500
threshold,0.400000,,0.790000,48,0.249462,0.790000,3555,1500
threshold,0.400000,,0.790000,49,0.248105,0.790000,3555,1500
threshold,0.400000,,0.795000,0,0.243084,0.794889,3577,1500
threshold,0.400000,,0.795000,1,0.239799,0.794889,3577,1500
threshold,0.400000,,0.795000,2,0.243243,0.794889,3577,1500
threshold,0.400000,,0.795000,3,0.244198,0.794889,3577,1500
threshold,0.400000,,0.795000,4,0.242439,0.794889,3577,1500
threshold,0.400000,,0.795000,5,0.240621,0.794889,3577,1500
threshold,0.400000,,0.795000,6,0.240602,0.794889,3577,1500
threshold,0.400000,,0.795000,7,0.242891,0.794889,3577,1500
threshold,0.400000,,0.795000,8,0.240938,0.794889,3577,1500
threshold,0.400000,,0.795000,9,0.242584,0.794889,3577,1500
threshold,0.400000,,0.795000,10,0.241500,0.794889,3577,1500
threshold,0.400000,,0.795000,11,0.240891,0.794889,3577,1500
threshold,0.400000,,0.795000,12,0.241862,0.794889,3577,1500
threshold,0.400000,,0.795000,13,0.242381,0.794889,3577,1500
threshold,0.400000,,0.795000,14,0.242537,0.794889,3577,1500
threshold,0.400000,,0.795000,15,0.238560,0.794889,3577,1500
threshold,0.400000,,0.795000,16,0.246524,0.794889,3577,1500
threshold,0.400000,,0.795000,17,0.240544,0.794889,3577,1500
threshold,0.400000,,0.795000,18,0.244728,0.794889,3577,1500
threshold,0.400000,,0.795000,19,0.241234,0.794889,3577,1500
threshold,0.400000,,0.795000,20,0.244056,0.794889,3577,1500
threshold,0.400000,,0.795000,21,0.244802,0.794889,3577,1500
threshold,0.400000,,0.795000,22,0.239569,0.794889,3577,1500
threshold,0.400000,,0.795000,23,0.240412,0.794889,3577,1500
threshold,0.400000,,0.795000,24,0.243092,0.794889,3577,1500
threshold,0.400000,,0.795000,25,0.242501,0.794889,3577,1500
threshold,0.400000,,0.795000,26,0.241100,0.794889,3577,1500
threshold,0.400000,,0.795000,27,0.242894,0.794889,3577,1500
threshold,0.400000,,0.795000,28,0.239670,0.794889,3577,1500
threshold,0.400000,,0.795000,29,0.242192,0.794889,3577,1500
threshold,0.400000,,0.795000,30,0.242946,0.794889,3577,1500
threshold,0.400000,,0.795000,31,0.242015,0.794889,3577,1500
threshold,0.400000,,0.795000,32,0.244928,0.794889,3577,1500
threshold,0.400000,,0.795000,33,0.239950,0.794889,3577,1500
threshold,0.400000,,0.795000,34,0.245223,0.794889,3577,1500
threshold,0.400000,,0.795000,35,0.243724,0.794889,3577,1500
threshold,0.400000,,0.795000,36,0.246749,0.794889,3577,1500
threshold,0.400000,,0.795000,37,0.245407,0.794889,3577,1500
threshold,0.400000,,0.795000,38,0.244534,0.794889,3577,1500
threshold,0.400000,,0.795000,39,0.241236,0.794889,3577,1500
threshold,0.400000,,0.795000,40,0.243031,0.794889,3577,1500
threshold,0.400000,,0.795000,41,0.244078,0.794889,3577,1500
threshold,0.400000,,0.795000,42,0.240022,0.794889,3577,1500
threshold,0.400000,,0.795000,43,0.244480,0.794889,3577,1500
threshold,0.400000,,0.795000,44,0.245879,0.794889,3577,1500
threshold,0.400000,,0.795000,45,0.245820,0.794889,3577,1500
threshold,0.400000,,0.795000,46,0.245218,0.794889,3577,1500
threshold,0.400000,,0.795000,47,0.242466,0.794889,3577,1500
threshold,0.400000,,0.795000,48,0.244447,0.794889,3577,1500
threshold,0.400000,,0.795000,49,0.243526,0.794889,3577,1500
threshold,0.400000,,0.800000,0,0.237760,0.800000,3600,1500
threshold,0.400000,,0.800000,1,0.234056,0.800000,3600,1500
threshold,0.400000,,0.800000,2,0.237134,0.800000,3600,1500
threshold,0.400000,,0.800000,3,0.239145,0.800000,3600,1500
threshold,0.400000,,0.800000,4,0.237223,0.800000,3600,1500
threshold,0.400000,,0.800000,5,0.235032,0.800000,3600,1500
threshold,0.400000,,0.800000,6,0.235643,0.800000,3600,1500
threshold,0.400000,,0.800000,7,0.237512,0.800000,3600,1500
threshold,0.400000,,0.800000,8,0.236202,0.800000,3600,1500
threshold,0.400000,,0.800000,9,0.237302,0.800000,3600,1500
threshold,0.400000,,0.800000,10,0.235973,0.800000,3600,1500
threshold,0.400000,,0.800000,11,0.235909,0.800000,3600,1500
threshold,0.400000,,0.800000,12,0.236884,0.800000,3600,1500
threshold,0.400000,,0.800000,13,0.237713,0.800000,3600,1500
threshold,0.400000,,0.800000,14,0.237744,0.800000,3600,1500
threshold,0.400000,,0.800000,15,0.233472,0.800000,3600,1500
threshold,0.400000,,0.800000,16,0.241599,0.800000,3600,1500
threshold,0.400000,,0.800000,17,0.234829,0.800000,3600,1500
threshold,0.400000,,0.800000,18,0.239784,0.800000,3600,1500
threshold,0.400000,,0.800000,19,0.236206,0.800000,3600,1500
threshold,0.400000,,0.800000,20,0.239355,0.800000,3600,1500
threshold,0.400000,,0.800000,21,0.239769,0.800000,3600,1500
threshold,0.400000,,0.800000,22,0.234253,0.800000,3600,1500
threshold,0.400000,,0.800000,23,0.235532,0.800000,3600,1500
threshold,0.400000,,0.800000,24,0.237432,0.800000,3600,1500
threshold,0.400000,,0.800000,25,0.236997,0.800000,3600,1500
threshold,0.400000,,0.800000,26,0.235283,0.800000,3600,1500
threshold,0.400000,,0.800000,27,0.238238,0.800000,3600,1500
threshold,0.400000,,0.800000,28,0.234988,0.800000,3600,1500
threshold,0.400000,,0.800000,29,0.236528,0.800000,3600,1500
threshold,0.400000,,0.800000,30,0.238065,0.800000,3600,1500
threshold,0.400000,,0.800000,31,0.237318,0.800000,3600,1500
threshold,0.400000,,0.800000,32,0.239641,0.800000,3600,1500
threshold,0.400000,,0.800000,33,0.234791,0.800000,3600,1500
threshold,0.400000,,0.800000,34,0.239937,0.800000,3600,1500
threshold,0.400000,,0.800000,35,0.238658,0.800000,3600,1500
threshold,0.400000,,0.800000,36,0.241684,0.800000,3600,1500
threshold,0.400000,,0.800000,37,0.240101,0.800000,3600,1500
threshold,0.400000,,0.800000,38,0.239182,0.800000,3600,1500
threshold,0.400000,,0.800000,39,0.236292,0.800000,3600,1500
threshold,0.400000,,0.800000,40,0.238137,0.800000,3600,1500
threshold,0.400000,,0.800000,41,0.238630,0.800000,3600,1500
threshold,0.400000,,0.800000,42,0.235200,0.800000,3600,1500
threshold,0.400000,,0.800000,43,0.239737,0.800000,3600,1500
threshold,0.400000,,0.800000,44,0.240965,0.800000,3600,1500
threshold,0.400000,,0.800000,45,0.240741,0.800000,3600,1500
threshold,0.400000,,0.800000,46,0.239857,0.800000,3600,1500
threshold,0.400000,,0.800000,47,0.237916,0.800000,3600,1500
threshold,0.400000,,0.800000,48,0.239323,0.800000,3600,1500
threshold,0.400000,,0.800000,49,0.238907,0.800000,3600,1500
threshold,0.400000,,0.805000,0,0.233239,0.804889,3622,1500
threshold,0.400000,,0.805000,1,0.229174,0.804889,3622,1500
threshold,0.400000,,0.805000,2,0.232621,0.804889,3622,1500
threshold,0.400000,,0.805000,3,0.233561,0.804889,3622,1500
threshold,0.400000,,0.805000,4,0.232475,0.804889,3622,1500
threshold,0.400000,,0.805000,5,0.230269,0.804889,3622,1500
threshold,0.400000,,0.805000,6,0.230954,0.804889,3622,1500
threshold,0.400000,,0.805000,7,0.233037,0.804889,3622,1500
threshold,0.400000,,0.805000,8,0.231237,0.804889,3622,1500
threshold,0.400000,,0.805000,9,0.232631,0.804889,3622,1500
threshold,0.400000,,0.805000,10,0.231441,0.804889,3622,1500
threshold,0.400000,,0.805000,11,0.231081,0.804889,3622,1500
threshold,0.400000,,0.805000,12,0.231588,0.804889,3622,1500
threshold,0.400000,,0.805000,13,0.232908,0.804889,3622,1500
threshold,0.400000,,0.805000,14,0.232437,0.804889,3622,1500
threshold,0.400000,,0.805000,15,0.227683,0.804889,3622,1500
threshold,0.400000,,0.805000,16,0.236552,0.804889,3622,1500
threshold,0.400000,,0.805000,17,0.230027,0.804889,3622,1500
threshold,0.400000,,0.805000,18,0.235176,0.804889,3622,1500
threshold,0.400000,,0.805000,19,0.231643,0.804889,3622,1500
threshold,0.400000,,0.805000,20,0.233879,0.804889,3622,1500
threshold,0.400000,,0.805000,21,0.234211,0.804889,3622,1500
threshold,0.400000,,0.805000,22,0.229344,0.804889,3622,1500
threshold,0.400000,,0.805000,23,0.231094,0.804889,3622,1500
threshold,0.400000,,0.805000,24,0.232318,0.804889,3622,1500
threshold,0.400000,,0.805000,25,0.231289,0.804889,3622,1500
threshold,0.400000,,0.805000,26,0.229810,0.804889,3622,1500
threshold,0.400000,,0.805000,27,0.232698,0.804889,3622,1500
threshold,0.400000,,0.805000,28,0.230566,0.804889,3622,1500
threshold,0.400000,,0.805000,29,0.231715,0.804889,3622,1500
threshold,0.400000,,0.805000,30,0.233511,0.804889,3622,1217
threshold,0.400000,,0.805000,31,0.232369,0.804889,3622,1500
threshold,0.400000,,0.805000,32,0.234811,0.804889,3622,1500
threshold,0.400000,,0.805000,33,0.229657,0.804889,3622,1500
threshold,0.400000,,0.805000,34,0.235353,0.804889,3622,1500
threshold,0.400000,,0.805000,35,0.233749,0.804889,3622,1500
threshold,0.400000,,0.805000,36,0.237066,0.804889,3622,1500
threshold,0.400000,,0.805000,37,0.234920,0.804889,3622,1500
threshold,0.400000,,0.805000,38,0.233771,0.804889,3622,1500
threshold,0.400000,,0.805000,39,0.231373,0.804889,3622,1500
threshold,0.400000,,0.805000,40,0.233547,0.804889,3622,1500
threshold,0.400000,,0.805000,41,0.233570,0.804889,3622,1500
threshold,0.400000,,0.805000,42,0.229950,0.804889,3622,1500
threshold,0.400000,,0.805000,43,0.234467,0.804889,3622,1500
threshold,0.400000,,0.805000,44,0.236226,0.804889,3622,1500
threshold,0.400000,,0.805000,45,0.235328,0.804889,3622,1500
threshold,0.400000,,0.805000,46,0.234730,0.804889,3622,1500
threshold,0.400000,,0.805000,47,0.232456,0.804889,3622,1500
threshold,0.400000,,0.805000,48,0.233760,0.804889,3622,1500
threshold,0.400000,,0.805000,49,0.234223,0.804889,3622,1500
threshold,0.400000,,0.810000,0,0.228306,0.810000,3645,1500
threshold,0.400000,,0.810000,1,0.224088,0.810000,3645,1500
threshold,0.400000,,0.810000,2,0.227502,0.810000,3645,1500
threshold,0.400000,,0.810000,3,0.228116,0.810000,3645,1500
threshold,0.400000,,0.810000,4,0.226924,0.810000,3645,1500
threshold,0.400000,,0.810000,5,0.225174,0.810000,3645,1500
threshold,0.400000,,0.810000,6,0.226306,0.810000,3645,1500
threshold,0.400000,,0.810000,7,0.228220,0.810000,3645,1500
threshold,0.400000,,0.810000,8,0.225544,0.810000,3645,1500
threshold,0.400000,,0.810000,9,0.227714,0.810000,3645,1500
threshold,0.400000,,0.810000,10,0.226156,0.810000,3645,1500
threshold,0.400000,,0.810000,11,0.226271,0.810000,3645,1500
threshold,0.400000,,0.810000,12,0.226368,0.810000,3645,1500
threshold,0.400000,,0.810000,13,0.227729,0.810000,3645,1500
threshold,0.400000,,0.810000,14,0.227304,0.810000,3645,1009
threshold,0.400000,,0.810000,15,0.222112,0.810000,3645,1500
threshold,0.400000,,0.810000,16,0.231221,0.810000,3645,1500
threshold,0.400000,,0.810000,17,0.224447,0.810000,3645,1500
threshold,0.400000,,0.810000,18,0.229522,0.810000,3645,1500
threshold,0.400000,,0.810000,19,0.226206,0.810000,3645,1500
threshold,0.400000,,0.810000,20,0.228645,0.810000,3645,1500
threshold,0.400000,,0.810000,21,0.228939,0.810000,3645,1500
threshold,0.400000,,0.810000,22,0.224126,0.810000,3645,1500
threshold,0.400000,,0.810000,23,0.226020,0.810000,3645,1500
threshold,0.400000,,0.810000,24,0.226844,0.810000,3645,1500
threshold,0.400000,,0.810000,25,0.226336,0.810000,3645,1500
threshold,0.400000,,0.810000,26,0.224746,0.810000,3645,1500
threshold,0.400000,,0.810000,27,0.226514,0.810000,3645,1500
threshold,0.400000,,0.810000,28,0.225442,0.810000,3645,1500
threshold,0.400000,,0.810000,29,0.226844,0.810000,3645,1500
threshold,0.400000,,0.810000,30,0.228042,0.810000,3645,1227
threshold,0.400000,,0.810000,31,0.226879,0.810000,3645,1500
threshold,0.400000,,0.810000,32,0.229896,0.810000,3645,1500
threshold,0.400000,,0.810000,33,0.224297,0.810000,3645,1500
threshold,0.400000,,0.810000,34,0.229829,0.810000,3645,1500
threshold,0.400000,,0.810000,35,0.228430,0.810000,3645,1500
threshold,0.400000,,0.810000,36,0.231629,0.810000,3645,1500
threshold,0.400000,,0.810000,37,0.229009,0.810000,3645,1500
threshold,0.400000,,0.810000,38,0.228613,0.810000,3645,1500
threshold,0.400000,,0.810000,39,0.226222,0.810000,3645,1500
threshold,0.400000,,0.810000,40,0.228721,0.810000,3645,1500
threshold,0.400000,,0.810000,41,0.227558,0.810000,3645,1500
threshold,0.400000,,0.810000,42,0.225208,0.810000,3645,1500
threshold,0.400000,,0.810000,43,0.229365,0.810000,3645,1500
threshold,0.400000,,0.810000,44,0.230094,0.810000,3645,1500
threshold,0.400000,,0.810000,45,0.230208,0.810000,3645,1500
threshold,0.400000,,0.810000,46,0.229511,0.810000,3645,1500
threshold,0.400000,,0.810000,47,0.227297,0.810000,3645,1500
threshold,0.400000,,0.810000,48,0.228369,0.810000,3645,1500
threshold,0.400000,,0.810000,49,0.229033,0.810000,3645,1500
threshold,0.400000,,0.815000,0,0.223675,0.814889,3667,1500
threshold,0.400000,,0.815000,1,0.218686,0.814889,3667,1500
threshold,0.400000,,0.815000,2,0.222464,0.814889,3667,1500
threshold,0.400000,,0.815000,3,0.222407,0.814889,3667,1500
threshold,0.400000,,0.815000,4,0.221661,0.814889,3667,1500
threshold,0.400000,,0.815000,5,0.219332,0.814889,3667,1500
threshold,0.400000,,0.815000,6,0.220860,0.814889,3667,1500
threshold,0.400000,,0.815000,7,0.223050,0.814889,3667,1500
threshold,0.400000,,0.815000,8,0.220145,0.814889,3667,1500
threshold,0.400000,,0.815000,9,0.222280,0.814889,3667,1500
threshold,0.400000,,0.815000,10,0.220793,0.814889,3667,1500
threshold,0.400000,,0.815000,11,0.220958,0.814889,3667,1500
threshold,0.400000,,0.815000,12,0.221222,0.814889,3667,1500
threshold,0.400000,,0.815000,13,0.223273,0.814889,3667,1500
threshold,0.400000,,0.815000,14,0.222138,0.814889,3667,1002
threshold,0.400000,,0.815000,15,0.217120,0.814889,3667,1500
threshold,0.400000,,0.815000,16,0.225704,0.814889,3667,1500
threshold,0.400000,,0.815000,17,0.219221,0.814889,3667,1500
threshold,0.400000,,0.815000,18,0.224349,0.814889,3667,1500
threshold,0.400000,,0.815000,19,0.221009,0.814889,3667,1500
threshold,0.400000,,0.815000,20,0.223644,0.814889,3667,1500
threshold,0.400000,,0.815000,21,0.223652,0.814889,3667,1500
threshold,0.400000,,0.815000,22,0.219665,0.814889,3667,1500
threshold,0.400000,,0.815000,23,0.220916,0.814889,3667,1500
threshold,0.400000,,0.815000,24,0.221853,0.814889,3667,1500
threshold,0.400000,,0.815000,25,0.221182,0.814889,3667,1500
threshold,0.400000,,0.815000,26,0.218256,0.814889,3667,1500
threshold,0.400000,,0.815000,27,0.221773,0.814889,3667,1500
threshold,0.400000,,0.815000,28,0.220305,0.814889,3667,1500
threshold,0.400000,,0.815000,29,0.221088,0.814889,3667,1500
threshold,0.400000,,0.815000,30,0.223533,0.814889,3667,1235
threshold,0.400000,,0.815000,31,0.221889,0.814889,3667,1500
threshold,0.400000,,0.815000,32,0.224564,0.814889,3667,1500
threshold,0.400000,,0.815000,33,0.218969,0.814889,3667,1500
threshold,0.400000,,0.815000,34,0.224631,0.814889,3667,1500
threshold,0.400000,,0.815000,35,0.223614,0.814889,3667,1500
threshold,0.400000,,0.815000,36,0.226518,0.814889,3667,1500
threshold,0.400000,,0.815000,37,0.223586,0.814889,3667,1500
threshold,0.400000,,0.815000,38,0.223576,0.814889,3667,1500
threshold,0.400000,,0.815000,39,0.220316,0.814889,3667,1500
threshold,0.400000,,0.815000,40,0.223716,0.814889,3667,1500
threshold,0.400000,,0.815000,41,0.222838,0.814889,3667,1500
threshold,0.400000,,0.815000,42,0.220133,0.814889,3667,1500
threshold,0.400000,,0.815000,43,0.223767,0.814889,3667,1500
threshold,0.400000,,0.815000,44,0.224956,0.814889,3667,1500
threshold,0.400000,,0.815000,45,0.225571,0.814889,3667,1500
threshold,0.400000,,0.815000,46,0.223881,0.814889,3667,1500
threshold,0.400000,,0.815000,47,0.222039,0.814889,3667,1500
threshold,0.400000,,0.815000,48,0.223386,0.814889,3667,1500
threshold,0.400000,,0.815000,49,0.223949,0.814889,3667,1500
threshold,0.400000,,0.820000,0,0.218162,0.820000,3690,1500
threshold,0.400000,,0.820000,1,0.212879,0.820000,3690,1500
threshold,0.400000,,0.820000,2,0.217267,0.820000,3690,1500
threshold,0.400000,,0.820000,3,0.217236,0.820000,3690,1500
threshold,0.400000,,0.820000,4,0.215854,0.820000,3690,1500
threshold,0.400000,,0.820000,5,0.213475,0.820000,3690,1500
threshold,0.400000,,0.820000,6,0.215508,0.820000,3690,1500
threshold,0.400000,,0.820000,7,0.217994,0.820000,3690,1500
threshold,0.400000,,0.820000,8,0.214361,0.820000,3690,1500
threshold,0.400000,,0.820000,9,0.217324,0.820000,3690,1500
threshold,0.400000,,0.820000,10,0.215204,0.820000,3690,1500
threshold,0.400000,,0.820000,11,0.215717,0.820000,3690,1500
threshold,0.400000,,0.820000,12,0.215340,0.820000,3690,1395
threshold,0.400000,,0.820000,13,0.218047,0.820000,3690,1500
threshold,0.400000,,0.820000,14,0.217021,0.820000,3690,965
threshold,0.400000,,0.820000,15,0.212011,0.820000,3690,1500
threshold,0.400000,,0.820000,16,0.220507,0.820000,3690,1500
threshold,0.400000,,0.820000,17,0.213873,0.820000,3690,1500
threshold,0.400000,,0.820000,18,0.218304,0.820000,3690,1500
threshold,0.400000,,0.820000,19,0.215741,0.820000,3690,1500
threshold,0.400000,,0.820000,20,0.218547,0.820000,3690,1500
threshold,0.400000,,0.820000,21,0.217683,0.820000,3690,1500
threshold,0.400000,,0.820000,22,0.214573,0.820000,3690,1500
threshold,0.400000,,0.820000,23,0.215175,0.820000,3690,1500
threshold,0.400000,,0.820000,24,0.216016,0.820000,3690,1500
threshold,0.400000,,0.820000,25,0.215627,0.820000,3690,1500
threshold,0.400000,,0.820000,26,0.212977,0.820000,3690,1500
threshold,0.400000,,0.820000,27,0.216854,0.820000,3690,1500
threshold,0.400000,,0.820000,28,0.215107,0.820000,3690,1500
threshold,0.400000,,0.820000,29,0.215625,0.820000,3690,1500
threshold,0.400000,,0.820000,30,0.217764,0.820000,3690,1500
threshold,0.400000,,0.820000,31,0.216542,0.820000,3690,1500
threshold,0.400000,,0.820000,32,0.219115,0.820000,3690,1500
threshold,0.400000,,0.820000,33,0.212838,0.820000,3690,1500
threshold,0.400000,,0.820000,34,0.218639,0.820000,3690,1500
threshold,0.400000,,0.820000,35,0.218537,0.820000,3690,1500
threshold,0.400000,,0.820000,36,0.220636,0.820000,3690,1500
threshold,0.400000,,0.820000,37,0.217893,0.820000,3690,1500
threshold,0.400000,,0.820000,38,0.217468,0.820000,3690,1500
threshold,0.400000,,0.820000,39,0.214412,0.820000,3690,1500
threshold,0.400000,,0.820000,40,0.218625,0.820000,3690,1500
threshold,0.400000,,0.820000,41,0.217768,0.820000,3690,1500
threshold,0.400000,,0.820000,42,0.214471,0.820000,3690,1500
threshold,0.400000,,0.820000,43,0.218002,0.820000,3690,1500
threshold,0.400000,,0.820000,44,0.219636,0.820000,3690,1500
threshold,0.400000,,0.820000,45,0.220325,0.820000,3690,1500
threshold,0.400000,,0.820000,46,0.218644,0.820000,3690,1500
threshold,0.400000,,0.820000,47,0.216590,0.820000,3690,1500
threshold,0.400000,,0.820000,48,0.217274,0.820000,3690,1500
threshold,0.400000,,0.820000,49,0.218775,0.820000,3690,1500
threshold,0.400000,,0.825000,0,0.212461,0.824889,3712,1500
threshold,0.400000,,0.825000,1,0.206888,0.824889,3712,1500
threshold,0.400000,,0.825000,2,0.211660,0.824889,3712,1500
threshold,0.400000,,0.825000,3,0.211234,0.824889,3712,1500
threshold,0.400000,,0.825000,4,0.210128,0.824889,3712,1500
threshold,0.400000,,0.825000,5,0.208199,0.824889,3712,1500
threshold,0.400000,,0.825000,6,0.209716,0.824889,3712,1500
threshold,0.400000,,0.825000,7,0.211970,0.824889,3712,1500
threshold,0.400000,,0.825000,8,0.209218,0.824889,3712,1500
threshold,0.400000,,0.825000,9,0.211986,0.824889,3712,1500
threshold,0.400000,,0.825000,10,0.209834,0.824889,3712,1500
threshold,0.400000,,0.825000,11,0.209707,0.824889,3712,1500
threshold,0.400000,,0.825000,12,0.209802,0.824889,3712,1356
threshold,0.400000,,0.825000,13,0.212569,0.824889,3712,1500
threshold,0.400000,,0.825000,14,0.212152,0.824889,3712,968
threshold,0.400000,,0.825000,15,0.206793,0.824889,3712,1500
threshold,0.400000,,0.825000,16,0.214653,0.824889,3712,1500
threshold,0.400000,,0.825000,17,0.207534,0.824889,3712,1500
threshold,0.400000,,0.825000,18,0.212940,0.824889,3712,1500
threshold,0.400000,,0.825000,19,0.210348,0.824889,3712,1500
threshold,0.400000,,0.825000,20,0.213515,0.824889,3712,1500
threshold,0.400000,,0.825000,21,0.212533,0.824889,3712,1500
threshold,0.400000,,0.825000,22,0.209576,0.824889,3712,1500
threshold,0.400000,,0.825000,23,0.209426,0.824889,3712,1500
threshold,0.400000,,0.825000,24,0.210544,0.824889,3712,1500
threshold,0.400000,,0.825000,25,0.209844,0.824889,3712,1500
threshold,0.400000,,0.825000,26,0.207362,0.824889,3712,1500
threshold,0.400000,,0.825000,27,0.211692,0.824889,3712,1500
threshold,0.400000,,0.825000,28,0.209181,0.824889,3712,1500
threshold,0.400000,,0.825000,29,0.210558,0.824889,3712,1500
threshold,0.400000,,0.825000,30,0.212365,0.824889,3712,1500
threshold,0.400000,,0.825000,31,0.210159,0.824889,3712,1500
threshold,0.400000,,0.825000,32,0.213418,0.824889,3712,1500
threshold,0.400000,,0.825000,33,0.207642,0.824889,3712,1500
threshold,0.400000,,0.825000,34,0.212954,0.824889,3712,1500
threshold,0.400000,,0.825000,35,0.213474,0.824889,3712,1500
threshold,0.400000,,0.825000,36,0.214988,0.824889,3712,1500
threshold,0.400000,,0.825000,37,0.212540,0.824889,3712,1500
threshold,0.400000,,0.825000,38,0.212124,0.824889,3712,1500
threshold,0.400000,,0.825000,39,0.208495,0.824889,3712,1500
threshold,0.400000,,0.825000,40,0.213539,0.824889,3712,1500
threshold,0.400000,,0.825000,41,0.212974,0.824889,3712,1500
threshold,0.400000,,0.825000,42,0.208522,0.824889,3712,1500
threshold,0.400000,,0.825000,43,0.212493,0.824889,3712,1500
threshold,0.400000,,0.825000,44,0.214313,0.824889,3712,1500
threshold,0.400000,,0.825000,45,0.215144,0.824889,3712,1500
threshold,0.400000,,0.825000,46,0.213148,0.824889,3712,1500
threshold,0.400000,,0.825000,47,0.211350,0.824889,3712,1500
threshold,0.400000,,0.825000,48,0.211663,0.824889,3712,1500
threshold,0.400000,,0.825000,49,0.213159,0.824889,3712,1500
threshold,0.400000,,0.830000,0,0.206642,0.830000,3735,1500
threshold,0.400000,,0.830000,1,0.200637,0.830000,3735,1500
threshold,0.400000,,0.830000,2,0.206161,0.830000,3735,1500
threshold,0.400000,,0.830000,3,0.204794,0.830000,3735,1500
threshold,0.400000,,0.830000,4,0.202781,0.830000,3735,1500
threshold,0.400000,,0.830000,5,0.202018,0.830000,3735,1500
threshold,0.400000,,0.830000,6,0.204533,0.830000,3735,1500
threshold,0.400000,,0.830000,7,0.206302,0.830000,3735,1500
threshold,0.400000,,0.830000,8,0.203606,0.830000,3735,1500
threshold,0.400000,,0.830000,9,0.206393,0.830000,3735,1500
threshold,0.400000,,0.830000,10,0.204195,0.830000,3735,1500
threshold,0.400000,,0.830000,11,0.204182,0.830000,3735,1500
threshold,0.400000,,0.830000,12,0.203621,0.830000,3735,1215
threshold,0.400000,,0.830000,13,0.207260,0.830000,3735,1500
threshold,0.400000,,0.830000,14,0.206136,0.830000,3735,918
threshold,0.400000,,0.830000,15,0.201365,0.830000,3735,1500
threshold,0.400000,,0.830000,16,0.209677,0.830000,3735,1500
threshold,0.400000,,0.830000,17,0.199519,0.830000,3735,1500
threshold,0.400000,,0.830000,18,0.206481,0.830000,3735,1500
threshold,0.400000,,0.830000,19,0.204689,0.830000,3735,1500
threshold,0.400000,,0.830000,20,0.207796,0.830000,3735,1500
threshold,0.400000,,0.830000,21,0.206736,0.830000,3735,1500
threshold,0.400000,,0.830000,22,0.204429,0.830000,3735,1500
threshold,0.400000,,0.830000,23,0.203668,0.830000,3735,1500
threshold,0.400000,,0.830000,24,0.205062,0.830000,3735,1500
threshold,0.400000,,0.830000,25,0.203893,0.830000,3735,1500
threshold,0.400000,,0.830000,26,0.202116,0.830000,3735,1500
threshold,0.400000,,0.830000,27,0.205283,0.830000,3735,1500
threshold,0.400000,,0.830000,28,0.203520,0.830000,3735,1500
threshold,0.400000,,0.830000,29,0.204780,0.830000,3735,1500
threshold,0.400000,,0.830000,30,0.206620,0.830000,3735,1500
threshold,0.400000,,0.830000,31,0.204177,0.830000,3735,1500
threshold,0.400000,,0.830000,32,0.207510,0.830000,3735,1500
threshold,0.400000,,0.830000,33,0.201847,0.830000,3735,1500
threshold,0.400000,,0.830000,34,0.206803,0.830000,3735,1500
threshold,0.400000,,0.830000,35,0.207635,0.830000,3735,1500
threshold,0.400000,,0.830000,36,0.209081,0.830000,3735,1500
threshold,0.400000,,0.830000,37,0.206909,0.830000,3735,1500
threshold,0.400000,,0.830000,38,0.206711,0.830000,3735,1500
threshold,0.400000,,0.830000,39,0.202858,0.830000,3735,1500
threshold,0.400000,,0.830000,40,0.207496,0.830000,3735,1500
threshold,0.400000,,0.830000,41,0.207606,0.830000,3735,1500
threshold,0.400000,,0.830000,42,0.202653,0.830000,3735,1500
threshold,0.400000,,0.830000,43,0.206857,0.830000,3735,1500
threshold,0.400000,,0.830000,44,0.208957,0.830000,3735,1500
threshold,0.400000,,0.830000,45,0.209660,0.830000,3735,1500
threshold,0.400000,,0.830000,46,0.206827,0.830000,3735,1500
threshold,0.400000,,0.830000,47,0.205299,0.830000,3735,1500
threshold,0.400000,,0.830000,48,0.205092,0.830000,3735,1500
threshold,0.400000,,0.830000,49,0.207321,0.830000,3735,1500
threshold,0.400000,,0.835000,0,0.200960,0.834889,3757,1500
threshold,0.400000,,0.835000,1,0.194762,0.834889,3757,1500
threshold,0.400000,,0.835000,2,0.199488,0.834889,3757,1500
threshold,0.400000,,0.835000,3,0.198256,0.834889,3757,1500
threshold,0.400000,,0.835000,4,0.196639,0.834889,3757,1500
threshold,0.400000,,0.835000,5,0.195911,0.834889,3757,1500
threshold,0.400000,,0.835000,6,0.199129,0.834889,3757,1500
threshold,0.400000,,0.835000,7,0.200874,0.834889,3757,1500
threshold,0.400000,,0.835000,8,0.197747,0.834889,3757,1500
threshold,0.400000,,0.835000,9,0.200667,0.834889,3757,1500
threshold,0.400000,,0.835000,10,0.198755,0.834889,3757,1500
threshold,0.400000,,0.835000,11,0.198281,0.834889,3757,1500
threshold,0.400000,,0.835000,12,0.197392,0.834889,3757,1320
threshold,0.400000,,0.835000,13,0.201604,0.834889,3757,1500
threshold,0.400000,,0.835000,14,0.200477,0.834889,3757,1024
threshold,0.400000,,0.835000,15,0.195864,0.834889,3757,1500
threshold,0.400000,,0.835000,16,0.204150,0.834889,3757,1500
threshold,0.400000,,0.835000,17,0.193911,0.834889,3757,1500
threshold,0.400000,,0.835000,18,0.200661,0.834889,3757,1500
threshold,0.400000,,0.835000,19,0.199099,0.834889,3757,1500
threshold,0.400000,,0.835000,20,0.202165,0.834889,3757,1500
threshold,0.400000,,0.835000,21,0.200167,0.834889,3757,1500
threshold,0.400000,,0.835000,22,0.198603,0.834889,3757,1500
threshold,0.400000,,0.835000,23,0.198186,0.834889,3757,1500
threshold,0.400000,,0.835000,24,0.199623,0.834889,3757,1500
threshold,0.400000,,0.835000,25,0.198293,0.834889,3757,1500
threshold,0.400000,,0.835000,26,0.196961,0.834889,3757,1500
threshold,0.400000,,0.835000,27,0.199617,0.834889,3757,1500
threshold,0.400000,,0.835000,28,0.198082,0.834889,3757,1500
threshold,0.400000,,0.835000,29,0.198990,0.834889,3757,1500
threshold,0.400000,,0.835000,30,0.201345,0.834889,3757,1500
threshold,0.400000,,0.835000,31,0.199066,0.834889,3757,1500
threshold,0.400000,,0.835000,32,0.202059,0.834889,3757,1500
threshold,0.400000,,0.835000,33,0.195305,0.834889,3757,1500
threshold,0.400000,,0.835000,34,0.200896,0.834889,3757,1500
threshold,0.400000,,0.835000,35,0.202085,0.834889,3757,1500
threshold,0.400000,,0.835000,36,0.203373,0.834889,3757,1500
threshold,0.400000,,0.835000,37,0.200988,0.834889,3757,1500
threshold,0.400000,,0.835000,38,0.200979,0.834889,3757,1500
threshold,0.400000,,0.835000,39,0.197648,0.834889,3757,1500
threshold,0.400000,,0.835000,40,0.201393,0.834889,3757,1500
threshold,0.400000,,0.835000,41,0.202454,0.834889,3757,1500
threshold,0.400000,,0.835000,42,0.196998,0.834889,3757,1500
threshold,0.400000,,0.835000,43,0.200980,0.834889,3757,1500
threshold,0.400000,,0.835000,44,0.203003,0.834889,3757,1500
threshold,0.400000,,0.835000,45,0.204059,0.834889,3757,1500
threshold,0.400000,,0.835000,46,0.200777,0.834889,3757,1500
threshold,0.400000,,0.835000,47,0.199484,0.834889,3757,1500
threshold,0.400000,,0.835000,48,0.199448,0.834889,3757,1500
threshold,0.400000,,0.835000,49,0.201022,0.834889,3757,1500
threshold,0.400000,,0.840000,0,0.194561,0.840000,3780,1500
threshold,0.400000,,0.840000,1,0.188568,0.840000,3780,1500
threshold,0.400000,,0.840000,2,0.193101,0.840000,3780,1500
threshold,0.400000,,0.840000,3,0.191519,0.840000,3780,1500
threshold,0.400000,,0.840000,4,0.189158,0.840000,3780,1500
threshold,0.400000,,0.840000,5,0.189326,0.840000,3780,1500
threshold,0.400000,,0.840000,6,0.193347,0.840000,3780,1500
threshold,0.400000,,0.840000,7,0.195673,0.840000,3780,1500
threshold,0.400000,,0.840000,8,0.192554,0.840000,3780,1500
threshold,0.400000,,0.840000,9,0.194671,0.840000,3780,1500
threshold,0.400000,,0.840000,10,0.191553,0.840000,3780,1500
threshold,0.400000,,0.840000,11,0.192455,0.840000,3780,1500
threshold,0.400000,,0.840000,12,0.190906,0.840000,3780,1500
threshold,0.400000,,0.840000,13,0.195896,0.840000,3780,1500
threshold,0.400000,,0.840000,14,0.193978,0.840000,3780,951
threshold,0.400000,,0.840000,15,0.188888,0.840000,3780,1500
threshold,0.400000,,0.840000,16,0.198083,0.840000,3780,1500
threshold,0.400000,,0.840000,17,0.188184,0.840000,3780,1500
threshold,0.400000,,0.840000,18,0.194373,0.840000,3780,1500
threshold,0.400000,,0.840000,19,0.193205,0.840000,3780,1500
threshold,0.400000,,0.840000,20,0.196462,0.840000,3780,1500
threshold,0.400000,,0.840000,21,0.193610,0.840000,3780,1500
threshold,0.400000,,0.840000,22,0.192324,0.840000,3780,1500
threshold,0.400000,,0.840000,23,0.191796,0.840000,3780,1500
threshold,0.400000,,0.840000,24,0.193534,0.840000,3780,1500
threshold,0.400000,,0.840000,25,0.191727,0.840000,3780,1500
threshold,0.400000,,0.840000,26,0.190627,0.840000,3780,1500
threshold,0.400000,,0.840000,27,0.192825,0.840000,3780,1500
threshold,0.400000,,0.840000,28,0.192726,0.840000,3780,1500
threshold,0.400000,,0.840000,29,0.193311,0.840000,3780,1500
threshold,0.400000,,0.840000,30,0.195379,0.840000,3780,1259
threshold,0.400000,,0.840000,31,0.193271,0.840000,3780,1500
threshold,0.400000,,0.840000,32,0.196066,0.840000,3780,1500
threshold,0.400000,,0.840000,33,0.189009,0.840000,3780,1500
threshold,0.400000,,0.840000,34,0.194538,0.840000,3780,1500
threshold,0.400000,,0.840000,35,0.196141,0.840000,3780,1500
threshold,0.400000,,0.840000,36,0.196633,0.840000,3780,1500
threshold,0.400000,,0.840000,37,0.195150,0.840000,3780,1500
threshold,0.400000,,0.840000,38,0.195351,0.840000,3780,1500
threshold,0.400000,,0.840000,39,0.191733,0.840000,3780,1500
threshold,0.400000,,0.840000,40,0.195022,0.840000,3780,1500
threshold,0.400000,,0.840000,41,0.196793,0.840000,3780,1500
threshold,0.400000,,0.840000,42,0.190037,0.840000,3780,1500
threshold,0.400000,,0.840000,43,0.194654,0.840000,3780,1500
threshold,0.400000,,0.840000,44,0.196808,0.840000,3780,1500
threshold,0.400000,,0.840000,45,0.197869,0.840000,3780,1500
threshold,0.400000,,0.840000,46,0.194532,0.840000,3780,1500
threshold,0.400000,,0.840000,47,0.192946,0.840000,3780,1500
threshold,0.400000,,0.840000,48,0.192345,0.840000,3780,1500
threshold,0.400000,,0.840000,49,0.194501,0.840000,3780,1500
threshold,0.400000,,0.845000,0,0.188285,0.844889,3802,1500
threshold,0.400000,,0.845000,1,0.182528,0.844889,3802,1500
threshold,0.400000,,0.845000,2,0.185602,0.844889,3802,1500
threshold,0.400000,,0.845000,3,0.184701,0.844889,3802,1500
threshold,0.400000,,0.845000,4,0.182704,0.844889,3802,1500
threshold,0.400000,,0.845000,5,0.182239,0.844889,3802,1500
threshold,0.400000,,0.845000,6,0.188330,0.844889,3802,1500
threshold,0.400000,,0.845000,7,0.189181,0.844889,3802,1500
threshold,0.400000,,0.845000,8,0.186598,0.844889,3802,1500
threshold,0.400000,,0.845000,9,0.188971,0.844889,3802,1500
threshold,0.400000,,0.845000,10,0.184661,0.844889,3802,1500
threshold,0.400000,,0.845000,11,0.186551,0.844889,3802,1500
threshold,0.400000,,0.845000,12,0.184622,0.844889,3802,1500
threshold,0.400000,,0.845000,13,0.189550,0.844889,3802,1500
threshold,0.400000,,0.845000,14,0.188767,0.844889,3802,1334
threshold,0.400000,,0.845000,15,0.183529,0.844889,3802,1500
threshold,0.400000,,0.845000,16,0.192488,0.844889,3802,1500
threshold,0.400000,,0.845000,17,0.182356,0.844889,3802,1500
threshold,0.400000,,0.845000,18,0.188817,0.844889,3802,1500
threshold,0.400000,,0.845000,19,0.187885,0.844889,3802,1500
threshold,0.400000,,0.845000,20,0.190316,0.844889,3802,1500
threshold,0.400000,,0.845000,21,0.187184,0.844889,3802,1500
threshold,0.400000,,0.845000,22,0.186753,0.844889,3802,1500
threshold,0.400000,,0.845000,23,0.186286,0.844889,3802,1500
threshold,0.400000,,0.845000,24,0.186572,0.844889,3802,1500
threshold,0.400000,,0.845000,25,0.186089,0.844889,3802,1500
threshold,0.400000,,0.845000,26,0.184701,0.844889,3802,1500
threshold,0.400000,,0.845000,27,0.186936,0.844889,3802,1500
threshold,0.400000,,0.845000,28,0.186642,0.844889,3802,1500
threshold,0.400000,,0.845000,29,0.187231,0.844889,3802,1500
threshold,0.400000,,0.845000,30,0.189786,0.844889,3802,1261
threshold,0.400000,,0.845000,31,0.187955,0.844889,3802,1500
threshold,0.400000,,0.845000,32,0.189539,0.844889,3802,1500
threshold,0.400000,,0.845000,33,0.183691,0.844889,3802,1500
threshold,0.400000,,0.845000,34,0.187547,0.844889,3802,1500
threshold,0.400000,,0.845000,35,0.189998,0.844889,3802,1500
threshold,0.400000,,0.845000,36,0.190468,0.844889,3802,1500
threshold,0.400000,,0.845000,37,0.188208,0.844889,3802,1500
threshold,0.400000,,0.845000,38,0.188890,0.844889,3802,1500
threshold,0.400000,,0.845000,39,0.185991,0.844889,3802,1500
threshold,0.400000,,0.845000,40,0.189174,0.844889,3802,1500
threshold,0.400000,,0.845000,41,0.190453,0.844889,3802,1500
threshold,0.400000,,0.845000,42,0.184458,0.844889,3802,1500
threshold,0.400000,,0.845000,43,0.187786,0.844889,3802,1500
threshold,0.400000,,0.845000,44,0.190032,0.844889,3802,1500
threshold,0.400000,,0.845000,45,0.192302,0.844889,3802,1500
threshold,0.400000,,0.845000,46,0.188500,0.844889,3802,1500
threshold,0.400000,,0.845000,47,0.186740,0.844889,3802,1500
threshold,0.400000,,0.845000,48,0.186492,0.844889,3802,1500
threshold,0.400000,,0.845000,49,0.188576,0.844889,3802,1500
threshold,0.400000,,0.850000,0,0.181742,0.850000,3825,1500
threshold,0.400000,,0.850000,1,0.175842,0.850000,3825,1500
threshold,0.400000,,0.850000,2,0.178470,0.850000,3825,1500
threshold,0.400000,,0.850000,3,0.177889,0.850000,3825,1500
threshold,0.400000,,0.850000,4,0.175469,0.850000,3825,1500
threshold,0.400000,,0.850000,5,0.175847,0.850000,3825,1500
threshold,0.400000,,0.850000,6,0.181923,0.850000,3825,1500
threshold,0.400000,,0.850000,7,0.182847,0.850000,3825,1500
threshold,0.400000,,0.850000,8,0.180396,0.850000,3825,1500
threshold,0.400000,,0.850000,9,0.182253,0.850000,3825,1500
threshold,0.400000,,0.850000,10,0.178398,0.850000,3825,1500
threshold,0.400000,,0.850000,11,0.179877,0.850000,3825,1500
threshold,0.400000,,0.850000,12,0.178101,0.850000,3825,1500
threshold,0.400000,,0.850000,13,0.182859,0.850000,3825,1500
threshold,0.400000,,0.850000,14,0.182909,0.850000,3825,1330
threshold,0.400000,,0.850000,15,0.177521,0.850000,3825,1500
threshold,0.400000,,0.850000,16,0.185453,0.850000,3825,1500
threshold,0.400000,,0.850000,17,0.175608,0.850000,3825,1500
threshold,0.400000,,0.850000,18,0.181113,0.850000,3825,1500
threshold,0.400000,,0.850000,19,0.181273,0.850000,3825,1500
threshold,0.400000,,0.850000,20,0.183666,0.850000,3825,1500
threshold,0.400000,,0.850000,21,0.180225,0.850000,3825,1500
threshold,0.400000,,0.850000,22,0.180122,0.850000,3825,1500
threshold,0.400000,,0.850000,23,0.180064,0.850000,3825,1500
threshold,0.400000,,0.850000,24,0.180481,0.850000,3825,1500
threshold,0.400000,,0.850000,25,0.180748,0.850000,3825,1500
threshold,0.400000,,0.850000,26,0.177481,0.850000,3825,1500
threshold,0.400000,,0.850000,27,0.180544,0.850000,3825,1500
threshold,0.400000,,0.850000,28,0.179945,0.850000,3825,1500
threshold,0.400000,,0.850000,29,0.180289,0.850000,3825,1500
threshold,0.400000,,0.850000,30,0.182787,0.850000,3825,1335
threshold,0.400000,,0.850000,31,0.181755,0.850000,3825,1500
threshold,0.400000,,0.850000,32,0.182727,0.850000,3825,1500
threshold,0.400000,,0.850000,33,0.177004,0.850000,3825,1500
threshold,0.400000,,0.850000,34,0.180037,0.850000,3825,1500
threshold,0.400000,,0.850000,35,0.184133,0.850000,3825,1500
threshold,0.400000,,0.850000,36,0.181651,0.850000,3825,1500
threshold,0.400000,,0.850000,37,0.181367,0.850000,3825,1500
threshold,0.400000,,0.850000,38,0.182265,0.850000,3825,1500
threshold,0.400000,,0.850000,39,0.179726,0.850000,3825,1500
threshold,0.400000,,0.850000,40,0.182922,0.850000,3825,1500
threshold,0.400000,,0.850000,41,0.184337,0.850000,3825,1500
threshold,0.400000,,0.850000,42,0.178828,0.850000,3825,1500
threshold,0.400000,,0.850000,43,0.181901,0.850000,3825,1500
threshold,0.400000,,0.850000,44,0.183633,0.850000,3825,1500
threshold,0.400000,,0.850000,45,0.185629,0.850000,3825,1500
threshold,0.400000,,0.850000,46,0.181548,0.850000,3825,1500
threshold,0.400000,,0.850000,47,0.180298,0.850000,3825,1500
threshold,0.400000,,0.850000,48,0.179677,0.850000,3825,1500
threshold,0.400000,,0.850000,49,0.182663,0.850000,3825,1500
threshold,0.400000,,0.855000,0,0.174796,0.854889,3847,1500
threshold,0.400000,,0.855000,1,0.169633,0.854889,3847,1500
threshold,0.400000,,0.855000,2,0.171911,0.854889,3847,1500
threshold,0.400000,,0.855000,3,0.168770,0.854889,3847,1500
threshold,0.400000,,0.855000,4,0.169363,0.854889,3847,1500
threshold,0.400000,,0.855000,5,0.168953,0.854889,3847,1500
threshold,0.400000,,0.855000,6,0.174863,0.854889,3847,1500
threshold,0.400000,,0.855000,7,0.177559,0.854889,3847,1500
threshold,0.400000,,0.855000,8,0.173921,0.854889,3847,1500
threshold,0.400000,,0.855000,9,0.175692,0.854889,3847,1500
threshold,0.400000,,0.855000,10,0.172018,0.854889,3847,1500
threshold,0.400000,,0.855000,11,0.173644,0.854889,3847,1500
threshold,0.400000,,0.855000,12,0.170910,0.854889,3847,1500
threshold,0.400000,,0.855000,13,0.175259,0.854889,3847,1500
threshold,0.400000,,0.855000,14,0.177294,0.854889,3847,1452
threshold,0.400000,,0.855000,15,0.169542,0.854889,3847,1500
threshold,0.400000,,0.855000,16,0.179047,0.854889,3847,1500
threshold,0.400000,,0.855000,17,0.167219,0.854889,3847,1500
threshold,0.400000,,0.855000,18,0.174227,0.854889,3847,1500
threshold,0.400000,,0.855000,19,0.175337,0.854889,3847,1500
threshold,0.400000,,0.855000,20,0.177780,0.854889,3847,1500
threshold,0.400000,,0.855000,21,0.172849,0.854889,3847,1500
threshold,0.400000,,0.855000,22,0.173647,0.854889,3847,1500
threshold,0.400000,,0.855000,23,0.174025,0.854889,3847,1500
threshold,0.400000,,0.855000,24,0.173825,0.854889,3847,1500
threshold,0.400000,,0.855000,25,0.174788,0.854889,3847,1500
threshold,0.400000,,0.855000,26,0.171839,0.854889,3847,1500
threshold,0.400000,,0.855000,27,0.174071,0.854889,3847,1500
threshold,0.400000,,0.855000,28,0.173734,0.854889,3847,1500
threshold,0.400000,,0.855000,29,0.174367,0.854889,3847,1500
threshold,0.400000,,0.855000,30,0.176774,0.854889,3847,1433
threshold,0.400000,,0.855000,31,0.175337,0.854889,3847,1500
threshold,0.400000,,0.855000,32,0.175949,0.854889,3847,1500
threshold,0.400000,,0.855000,33,0.170238,0.854889,3847,1500
threshold,0.400000,,0.855000,34,0.171415,0.854889,3847,1500
threshold,0.400000,,0.855000,35,0.177226,0.854889,3847,1500
threshold,0.400000,,0.855000,36,0.173320,0.854889,3847,1500
threshold,0.400000,,0.855000,37,0.174997,0.854889,3847,1500
threshold,0.400000,,0.855000,38,0.176167,0.854889,3847,1500
threshold,0.400000,,0.855000,39,0.174130,0.854889,3847,1500
threshold,0.400000,,0.855000,40,0.176348,0.854889,3847,1500
threshold,0.400000,,0.855000,41,0.178506,0.854889,3847,1500
threshold,0.400000,,0.855000,42,0.171743,0.854889,3847,1500
threshold,0.400000,,0.855000,43,0.175400,0.854889,3847,1500
threshold,0.400000,,0.855000,44,0.176056,0.854889,3847,1500
threshold,0.400000,,0.855000,45,0.179527,0.854889,3847,1500
threshold,0.400000,,0.855000,46,0.174588,0.854889,3847,1500
threshold,0.400000,,0.855000,47,0.171967,0.854889,3847,1500
threshold,0.400000,,0.855000,48,0.171713,0.854889,3847,1500
threshold,0.400000,,0.855000,49,0.176218,0.854889,3847,1500
threshold,0.400000,,0.860000,0,0.166988,0.860000,3870,1500
threshold,0.400000,,0.860000,1,0.162909,0.860000,3870,1500
threshold,0.400000,,0.860000,2,0.165080,0.860000,3870,1500
threshold,0.400000,,0.860000,3,0.161151,0.860000,3870,1500
threshold,0.400000,,0.860000,4,0.162416,0.860000,3870,1500
threshold,0.400000,,0.860000,5,0.161950,0.860000,3870,1500
threshold,0.400000,,0.860000,6,0.166584,0.860000,3870,1500
threshold,0.400000,,0.860000,7,0.169299,0.860000,3870,1500
threshold,0.400000,,0.860000,8,0.167348,0.860000,3870,1500
threshold,0.400000,,0.860000,9,0.168549,0.860000,3870,1500
threshold,0.400000,,0.860000,10,0.165579,0.860000,3870,1500
threshold,0.400000,,0.860000,11,0.166640,0.860000,3870,1500
threshold,0.400000,,0.860000,12,0.163091,0.860000,3870,1500
threshold,0.400000,,0.860000,13,0.168325,0.860000,3870,1500
threshold,0.400000,,0.860000,14,0.171192,0.860000,3870,1489
threshold,0.400000,,0.860000,15,0.161486,0.860000,3870,1500
threshold,0.400000,,0.860000,16,0.171703,0.860000,3870,1500
threshold,0.400000,,0.860000,17,0.160143,0.860000,3870,1500
threshold,0.400000,,0.860000,18,0.167554,0.860000,3870,1500
threshold,0.400000,,0.860000,19,0.169216,0.860000,3870,1500
threshold,0.400000,,0.860000,20,0.170757,0.860000,3870,1500
threshold,0.400000,,0.860000,21,0.165803,0.860000,3870,1500
threshold,0.400000,,0.860000,22,0.166449,0.860000,3870,1500
threshold,0.400000,,0.860000,23,0.166581,0.860000,3870,1500
threshold,0.400000,,0.860000,24,0.166449,0.860000,3870,1500
threshold,0.400000,,0.860000,25,0.168195,0.860000,3870,1500
threshold,0.400000,,0.860000,26,0.164507,0.860000,3870,1500
threshold,0.400000,,0.860000,27,0.166263,0.860000,3870,1500
threshold,0.400000,,0.860000,28,0.166472,0.860000,3870,1500
threshold,0.400000,,0.860000,29,0.167973,0.860000,3870,1500
threshold,0.400000,,0.860000,30,0.170889,0.860000,3870,1463
threshold,0.400000,,0.860000,31,0.168651,0.860000,3870,1500
threshold,0.400000,,0.860000,32,0.168789,0.860000,3870,1500
threshold,0.400000,,0.860000,33,0.163039,0.860000,3870,1500
threshold,0.400000,,0.860000,34,0.163163,0.860000,3870,1500
threshold,0.400000,,0.860000,35,0.169550,0.860000,3870,1500
threshold,0.400000,,0.860000,36,0.165754,0.860000,3870,1500
threshold,0.400000,,0.860000,37,0.167932,0.860000,3870,1500
threshold,0.400000,,0.860000,38,0.168454,0.860000,3870,1500
threshold,0.400000,,0.860000,39,0.166262,0.860000,3870,1500
threshold,0.400000,,0.860000,40,0.170299,0.860000,3870,1500
threshold,0.400000,,0.860000,41,0.171132,0.860000,3870,1500
threshold,0.400000,,0.860000,42,0.163963,0.860000,3870,1500
threshold,0.400000,,0.860000,43,0.168888,0.860000,3870,1500
threshold,0.400000,,0.860000,44,0.169312,0.860000,3870,1500
threshold,0.400000,,0.860000,45,0.172756,0.860000,3870,1500
threshold,0.400000,,0.860000,46,0.166065,0.860000,3870,1500
threshold,0.400000,,0.860000,47,0.164129,0.860000,3870,1500
threshold,0.400000,,0.860000,48,0.164051,0.860000,3870,1500
threshold,0.400000,,0.860000,49,0.168254,0.860000,3870,1500
threshold,0.400000,,0.865000,0,0.160252,0.864889,3892,1500
threshold,0.400000,,0.865000,1,0.156510,0.864889,3892,1500
threshold,0.400000,,0.865000,2,0.158473,0.864889,3892,1500
threshold,0.400000,,0.865000,3,0.152431,0.864889,3892,1500
threshold,0.400000,,0.865000,4,0.155351,0.864889,3892,1500
threshold,0.400000,,0.865000,5,0.154317,0.864889,3892,1500
threshold,0.400000,,0.865000,6,0.159821,0.864889,3892,1500
threshold,0.400000,,0.865000,7,0.163394,0.864889,3892,1500
threshold,0.400000,,0.865000,8,0.160526,0.864889,3892,1500
threshold,0.400000,,0.865000,9,0.160766,0.864889,3892,1500
threshold,0.400000,,0.865000,10,0.159227,0.864889,3892,1500
threshold,0.400000,,0.865000,11,0.159992,0.864889,3892,1500
threshold,0.400000,,0.865000,12,0.156092,0.864889,3892,1500
threshold,0.400000,,0.865000,13,0.161984,0.864889,3892,1500
threshold,0.400000,,0.865000,14,0.164800,0.864889,3892,1500
threshold,0.400000,,0.865000,15,0.155410,0.864889,3892,1500
threshold,0.400000,,0.865000,16,0.163463,0.864889,3892,1500
threshold,0.400000,,0.865000,17,0.152212,0.864889,3892,1500
threshold,0.400000,,0.865000,18,0.159918,0.864889,3892,1500
threshold,0.400000,,0.865000,19,0.161669,0.864889,3892,1500
threshold,0.400000,,0.865000,20,0.163630,0.864889,3892,1500
threshold,0.400000,,0.865000,21,0.157718,0.864889,3892,1500
threshold,0.400000,,0.865000,22,0.159183,0.864889,3892,1500
threshold,0.400000,,0.865000,23,0.158721,0.864889,3892,1500
threshold,0.400000,,0.865000,24,0.157715,0.864889,3892,1500
threshold,0.400000,,0.865000,25,0.160816,0.864889,3892,1500
threshold,0.400000,,0.865000,26,0.157614,0.864889,3892,1500
threshold,0.400000,,0.865000,27,0.158558,0.864889,3892,1500
threshold,0.400000,,0.865000,28,0.159182,0.864889,3892,1500
threshold,0.400000,,0.865000,29,0.160233,0.864889,3892,1500
threshold,0.400000,,0.865000,30,0.163786,0.864889,3892,1500
threshold,0.400000,,0.865000,31,0.161925,0.864889,3892,1500
threshold,0.400000,,0.865000,32,0.160511,0.864889,3892,1500
threshold,0.400000,,0.865000,33,0.155808,0.864889,3892,1500
threshold,0.400000,,0.865000,34,0.155260,0.864889,3892,1500
threshold,0.400000,,0.865000,35,0.162126,0.864889,3892,1500
threshold,0.400000,,0.865000,36,0.157238,0.864889,3892,1500
threshold,0.400000,,0.865000,37,0.160679,0.864889,3892,1500
threshold,0.400000,,0.865000,38,0.162635,0.864889,3892,1500
threshold,0.400000,,0.865000,39,0.159424,0.864889,3892,1500
threshold,0.400000,,0.865000,40,0.162792,0.864889,3892,1500
threshold,0.400000,,0.865000,41,0.164760,0.864889,3892,1500
threshold,0.400000,,0.865000,42,0.156833,0.864889,3892,1500
threshold,0.400000,,0.865000,43,0.161191,0.864889,3892,1500
threshold,0.400000,,0.865000,44,0.161754,0.864889,3892,1500
threshold,0.400000,,0.865000,45,0.165840,0.864889,3892,1500
threshold,0.400000,,0.865000,46,0.157319,0.864889,3892,1500
threshold,0.400000,,0.865000,47,0.157288,0.864889,3892,1500
threshold,0.400000,,0.865000,48,0.155625,0.864889,3892,1500
threshold,0.400000,,0.865000,49,0.162022,0.864889,3892,1500
threshold,0.400000,,0.870000,0,0.150479,0.870000,3915,1500
threshold,0.400000,,0.870000,1,0.148728,0.870000,3915,1500
threshold,0.400000,,0.870000,2,0.151080,0.870000,3915,1500
threshold,0.400000,,0.870000,3,0.141770,0.870000,3915,1500
threshold,0.400000,,0.870000,4,0.145226,0.870000,3915,1500
threshold,0.400000,,0.870000,5,0.143904,0.870000,3915,1500
threshold,0.400000,,0.870000,6,0.151484,0.870000,3915,1500
threshold,0.400000,,0.870000,7,0.156379,0.870000,3915,1500
threshold,0.400000,,0.870000,8,0.152896,0.870000,3915,1500
threshold,0.400000,,0.870000,9,0.152686,0.870000,3915,1500
threshold,0.400000,,0.870000,10,0.151400,0.870000,3915,1500
threshold,0.400000,,0.870000,11,0.151928,0.870000,3915,1500
threshold,0.400000,,0.870000,12,0.148834,0.870000,3915,1500
threshold,0.400000,,0.870000,13,0.154613,0.870000,3915,1500
threshold,0.400000,,0.870000,14,0.157579,0.870000,3915,1500
threshold,0.400000,,0.870000,15,0.148859,0.870000,3915,1500
threshold,0.400000,,0.870000,16,0.156275,0.870000,3915,1500
threshold,0.400000,,0.870000,17,0.145187,0.870000,3915,1500
threshold,0.400000,,0.870000,18,0.152212,0.870000,3915,1500
threshold,0.400000,,0.870000,19,0.154621,0.870000,3915,1500
threshold,0.400000,,0.870000,20,0.156783,0.870000,3915,1500
threshold,0.400000,,0.870000,21,0.150319,0.870000,3915,1500
threshold,0.400000,,0.870000,22,0.150592,0.870000,3915,1500
threshold,0.400000,,0.870000,23,0.150191,0.870000,3915,1500
threshold,0.400000,,0.870000,24,0.150378,0.870000,3915,1500
threshold,0.400000,,0.870000,25,0.153082,0.870000,3915,1500
threshold,0.400000,,0.870000,26,0.150303,0.870000,3915,1500
threshold,0.400000,,0.870000,27,0.148140,0.870000,3915,1500
threshold,0.400000,,0.870000,28,0.151511,0.870000,3915,1500
threshold,0.400000,,0.870000,29,0.152209,0.870000,3915,1500
threshold,0.400000,,0.870000,30,0.156550,0.870000,3915,1500
threshold,0.400000,,0.870000,31,0.154823,0.870000,3915,1500
threshold,0.400000,,0.870000,32,0.152871,0.870000,3915,1500
threshold,0.400000,,0.870000,33,0.147622,0.870000,3915,1500
threshold,0.400000,,0.870000,34,0.149099,0.870000,3915,1500
threshold,0.400000,,0.870000,35,0.154123,0.870000,3915,1500
threshold,0.400000,,0.870000,36,0.146216,0.870000,3915,1500
threshold,0.400000,,0.870000,37,0.153252,0.870000,3915,1500
threshold,0.400000,,0.870000,38,0.155693,0.870000,3915,1500
threshold,0.400000,,0.870000,39,0.151363,0.870000,3915,1500
threshold,0.400000,,0.870000,40,0.155102,0.870000,3915,1500
threshold,0.400000,,0.870000,41,0.157676,0.870000,3915,1500
threshold,0.400000,,0.870000,42,0.149973,0.870000,3915,1500
threshold,0.400000,,0.870000,43,0.152579,0.870000,3915,1500
threshold,0.400000,,0.870000,44,0.153863,0.870000,3915,1500
threshold,0.400000,,0.870000,45,0.158554,0.870000,3915,1500
threshold,0.400000,,0.870000,46,0.148524,0.870000,3915,1500
threshold,0.400000,,0.870000,47,0.148755,0.870000,3915,1500
threshold,0.400000,,0.870000,48,0.145055,0.870000,3915,1500
threshold,0.400000,,0.870000,49,0.153415,0.870000,3915,1500
threshold,0.400000,,0.875000,0,0.024095,0.874889,3937,1500
threshold,0.400000,,0.875000,1,0.140541,0.874889,3937,1500
threshold,0.400000,,0.875000,2,0.143046,0.874889,3937,1500
threshold,0.400000,,0.875000,3,0.134182,0.874889,3937,1500
threshold,0.400000,,0.875000,4,0.134265,0.874889,3937,1500
threshold,0.400000,,0.875000,5,0.134846,0.874889,3937,1500
threshold,0.400000,,0.875000,6,0.143916,0.874889,3937,1500
threshold,0.400000,,0.875000,7,0.149944,0.874889,3937,1500
threshold,0.400000,,0.875000,8,0.145386,0.874889,3937,1500
threshold,0.400000,,0.875000,9,0.146006,0.874889,3937,1500
threshold,0.400000,,0.875000,10,0.143181,0.874889,3937,1500
threshold,0.400000,,0.875000,11,0.144315,0.874889,3937,1500
threshold,0.400000,,0.875000,12,0.140269,0.874889,3937,1500
threshold,0.400000,,0.875000,13,0.146572,0.874889,3937,1500
threshold,0.400000,,0.875000,14,0.150217,0.874889,3937,1500
threshold,0.400000,,0.875000,15,0.140407,0.874889,3937,1500
threshold,0.400000,,0.875000,16,0.149102,0.874889,3937,1500
threshold,0.400000,,0.875000,17,0.137898,0.874889,3937,1500
threshold,0.400000,,0.875000,18,0.000000,0.874889,3937,740
threshold,0.400000,,0.875000,19,0.146071,0.874889,3937,1500
threshold,0.400000,,0.875000,20,0.147589,0.874889,3937,1500
threshold,0.400000,,0.875000,21,0.140530,0.874889,3937,1500
threshold,0.400000,,0.875000,22,0.141769,0.874889,3937,1500
threshold,0.400000,,0.875000,23,0.142572,0.874889,3937,1500
threshold,0.400000,,0.875000,24,0.142047,0.874889,3937,1500
threshold,0.400000,,0.875000,25,0.145168,0.874889,3937,1500
threshold,0.400000,,0.875000,26,0.141553,0.874889,3937,1500
threshold,0.400000,,0.875000,27,0.069611,0.874889,3937,1500
threshold,0.400000,,0.875000,28,0.144855,0.874889,3937,1500
threshold,0.400000,,0.875000,29,0.145693,0.874889,3937,1500
threshold,0.400000,,0.875000,30,0.148899,0.874889,3937,1500
threshold,0.400000,,0.875000,31,0.148371,0.874889,3937,1500
threshold,0.400000,,0.875000,32,0.141707,0.874889,3937,1500
threshold,0.400000,,0.875000,33,0.138916,0.874889,3937,1500
threshold,0.400000,,0.875000,34,0.139210,0.874889,3937,1500
threshold,0.400000,,0.875000,35,0.146285,0.874889,3937,1500
threshold,0.400000,,0.875000,36,0.132680,0.874889,3937,1500
threshold,0.400000,,0.875000,37,0.144123,0.874889,3937,1500
threshold,0.400000,,0.875000,38,0.148871,0.874889,3937,1500
threshold,0.400000,,0.875000,39,0.144007,0.874889,3937,1500
threshold,0.400000,,0.875000,40,0.148142,0.874889,3937,1500
threshold,0.400000,,0.875000,41,0.150329,0.874889,3937,1500
threshold,0.400000,,0.875000,42,0.141738,0.874889,3937,1500
threshold,0.400000,,0.875000,43,0.145825,0.874889,3937,1500
threshold,0.400000,,0.875000,44,0.141586,0.874889,3937,1500
threshold,0.400000,,0.875000,45,0.151181,0.874889,3937,1500
threshold,0.400000,,0.875000,46,0.140617,0.874889,3937,1500
threshold,0.400000,,0.875000,47,0.118731,0.874889,3937,1500
threshold,0.400000,,0.875000,48,0.136929,0.874889,3937,1500
threshold,0.400000,,0.875000,49,0.146861,0.874889,3937,1500
threshold,0.400000,,0.880000,0,0.000000,0.880000,3960,530
threshold,0.400000,,0.880000,1,0.000000,0.880000,3960,550
threshold,0.400000,,0.880000,2,0.134235,0.880000,3960,1500
threshold,0.400000,,0.880000,3,0.108790,0.880000,3960,1500
threshold,0.400000,,0.880000,4,0.006668,0.880000,3960,1500
threshold,0.400000,,0.880000,5,0.123177,0.880000,3960,1500
threshold,0.400000,,0.880000,6,0.135885,0.880000,3960,1500
threshold,0.400000,,0.880000,7,0.140142,0.880000,3960,1500
threshold,0.400000,,0.880000,8,0.138534,0.880000,3960,1500
threshold,0.400000,,0.880000,9,0.127335,0.880000,3960,1500
threshold,0.400000,,0.880000,10,0.000000,0.880000,3960,617
threshold,0.400000,,0.880000,11,0.000000,0.880000,3960,703
threshold,0.400000,,0.880000,12,0.010785,0.880000,3960,1500
threshold,0.400000,,0.880000,13,0.133732,0.880000,3960,1500
threshold,0.400000,,0.880000,14,0.143189,0.880000,3960,1500
threshold,0.400000,,0.880000,15,0.132244,0.880000,3960,1500
threshold,0.400000,,0.880000,16,0.140632,0.880000,3960,1500
threshold,0.400000,,0.880000,17,0.126497,0.880000,3960,1500
threshold,0.400000,,0.880000,18,0.000000,0.880000,3960,536
threshold,0.400000,,0.880000,19,0.138861,0.880000,3960,1500
threshold,0.400000,,0.880000,20,0.109877,0.880000,3960,1500
threshold,0.400000,,0.880000,21,0.131719,0.880000,3960,1500
threshold,0.400000,,0.880000,22,0.133242,0.880000,3960,1500
threshold,0.400000,,0.880000,23,0.135121,0.880000,3960,1500
threshold,0.400000,,0.880000,24,0.132023,0.880000,3960,1500
threshold,0.400000,,0.880000,25,0.136838,0.880000,3960,1500
threshold,0.400000,,0.880000,26,0.130132,0.880000,3960,1500
threshold,0.400000,,0.880000,27,0.000000,0.880000,3960,533
threshold,0.400000,,0.880000,28,0.136837,0.880000,3960,1500
threshold,0.400000,,0.880000,29,0.133995,0.880000,3960,1500
threshold,0.400000,,0.880000,30,0.140864,0.880000,3960,1500
threshold,0.400000,,0.880000,31,0.139303,0.880000,3960,1500
threshold,0.400000,,0.880000,32,0.000000,0.880000,3960,581
threshold,0.400000,,0.880000,33,0.128538,0.880000,3960,1500
threshold,0.400000,,0.880000,34,0.129406,0.880000,3960,1500
threshold,0.400000,,0.880000,35,0.137787,0.880000,3960,1500
threshold,0.400000,,0.880000,36,0.000000,0.880000,3960,567
threshold,0.400000,,0.880000,37,0.133905,0.880000,3960,1500
threshold,0.400000,,0.880000,38,0.077373,0.880000,3960,1500
threshold,0.400000,,0.880000,39,0.134793,0.880000,3960,1500
threshold,0.400000,,0.880000,40,0.137137,0.880000,3960,1500
threshold,0.400000,,0.880000,41,0.141396,0.880000,3960,1500
threshold,0.400000,,0.880000,42,0.134492,0.880000,3960,1500
threshold,0.400000,,0.880000,43,0.137185,0.880000,3960,1500
threshold,0.400000,,0.880000,44,0.018337,0.880000,3960,1500
threshold,0.400000,,0.880000,45,0.144048,0.880000,3960,1500
threshold,0.400000,,0.880000,46,0.125820,0.880000,3960,1500
threshold,0.400000,,0.880000,47,0.007143,0.880000,3960,1500
threshold,0.400000,,0.880000,48,0.036427,0.880000,3960,1500
threshold,0.400000,,0.880000,49,0.138068,0.880000,3960,1500
threshold,0.400000,,0.885000,0,0.000000,0.884889,3982,522
threshold,0.400000,,0.885000,1,0.000000,0.884889,3982,525
threshold,0.400000,,0.885000,2,0.123836,0.884889,3982,1500
threshold,0.400000,,0.885000,3,0.000000,0.884889,3982,542
threshold,0.400000,,0.885000,4,0.000000,0.884889,3982,518
threshold,0.400000,,0.885000,5,0.000000,0.884889,3982,562
threshold,0.400000,,0.885000,6,0.128252,0.884889,3982,1500
threshold,0.400000,,0.885000,7,0.132433,0.884889,3982,1500
threshold,0.400000,,0.885000,8,0.130043,0.884889,3982,1500
threshold,0.400000,,0.885000,9,0.000000,0.884889,3982,531
threshold,0.400000,,0.885000,10,0.000000,0.884889,3982,520
threshold,0.400000,,0.885000,11,0.000000,0.884889,3982,527
threshold,0.400000,,0.885000,12,0.000000,0.884889,3982,548
threshold,0.400000,,0.885000,13,0.125735,0.884889,3982,1500
threshold,0.400000,,0.885000,14,0.136421,0.884889,3982,1500
threshold,0.400000,,0.885000,15,0.122736,0.884889,3982,1500
threshold,0.400000,,0.885000,16,0.131847,0.884889,3982,1500
threshold,0.400000,,0.885000,17,0.000000,0.884889,3982,590
threshold,0.400000,,0.885000,18,0.000000,0.884889,3982,523
threshold,0.400000,,0.885000,19,0.127505,0.884889,3982,1500
threshold,0.400000,,0.885000,20,0.000000,0.884889,3982,554
threshold,0.400000,,0.885000,21,0.119666,0.884889,3982,1500
threshold,0.400000,,0.885000,22,0.122603,0.884889,3982,1500
threshold,0.400000,,0.885000,23,0.122866,0.884889,3982,1500
threshold,0.400000,,0.885000,24,0.000000,0.884889,3982,538
threshold,0.400000,,0.885000,25,0.130318,0.884889,3982,1500
threshold,0.400000,,0.885000,26,0.000000,0.884889,3982,561
threshold,0.400000,,0.885000,27,0.000000,0.884889,3982,521
threshold,0.400000,,0.885000,28,0.128786,0.884889,3982,1500
threshold,0.400000,,0.885000,29,0.119626,0.884889,3982,1500
threshold,0.400000,,0.885000,30,0.132695,0.884889,3982,1500
threshold,0.400000,,0.885000,31,0.126656,0.884889,3982,1500
threshold,0.400000,,0.885000,32,0.000000,0.884889,3982,550
threshold,0.400000,,0.885000,33,0.113750,0.884889,3982,1500
threshold,0.400000,,0.885000,34,0.120787,0.884889,3982,1500
threshold,0.400000,,0.885000,35,0.015135,0.884889,3982,1500
threshold,0.400000,,0.885000,36,0.000000,0.884889,3982,522
threshold,0.400000,,0.885000,37,0.000000,0.884889,3982,544
threshold,0.400000,,0.885000,38,0.003646,0.884889,3982,1500
threshold,0.400000,,0.885000,39,0.126495,0.884889,3982,1500
threshold,0.400000,,0.885000,40,0.000000,0.884889,3982,571
threshold,0.400000,,0.885000,41,0.133391,0.884889,3982,1500
threshold,0.400000,,0.885000,42,0.119540,0.884889,3982,1500
threshold,0.400000,,0.885000,43,0.078759,0.884889,3982,1500
threshold,0.400000,,0.885000,44,0.000000,0.884889,3982,526
threshold,0.400000,,0.885000,45,0.134523,0.884889,3982,1500
threshold,0.400000,,0.885000,46,0.000000,0.884889,3982,555
threshold,0.400000,,0.885000,47,0.000000,0.884889,3982,533
threshold,0.400000,,0.885000,48,0.000000,0.884889,3982,521
threshold,0.400000,,0.885000,49,0.129106,0.884889,3982,1500
threshold,0.400000,,0.890000,0,0.000000,0.890000,4005,513
threshold,0.400000,,0.890000,1,0.000000,0.890000,4005,520
threshold,0.400000,,0.890000,2,0.094698,0.890000,4005,1500
threshold,0.400000,,0.890000,3,0.000000,0.890000,4005,518
threshold,0.400000,,0.890000,4,0.000000,0.890000,4005,514
threshold,0.400000,,0.890000,5,0.000000,0.890000,4005,535
threshold,0.400000,,0.890000,6,0.038569,0.890000,4005,1500
threshold,0.400000,,0.890000,7,0.124801,0.890000,4005,1500
threshold,0.400000,,0.890000,8,0.000000,0.890000,4005,556
threshold,0.400000,,0.890000,9,0.000000,0.890000,4005,518
threshold,0.400000,,0.890000,10,0.000000,0.890000,4005,516
threshold,0.400000,,0.890000,11,0.000000,0.890000,4005,522
threshold,0.400000,,0.890000,12,0.000000,0.890000,4005,516
threshold,0.400000,,0.890000,13,0.104803,0.890000,4005,1500
threshold,0.400000,,0.890000,14,0.127618,0.890000,4005,1500
threshold,0.400000,,0.890000,15,0.000000,0.890000,4005,549
threshold,0.400000,,0.890000,16,0.000000,0.890000,4005,538
threshold,0.400000,,0.890000,17,0.000000,0.890000,4005,538
threshold,0.400000,,0.890000,18,0.000000,0.890000,4005,519
threshold,0.400000,,0.890000,19,0.000000,0.890000,4005,532
threshold,0.400000,,0.890000,20,0.000000,0.890000,4005,529
threshold,0.400000,,0.890000,21,0.005180,0.890000,4005,1500
threshold,0.400000,,0.890000,22,0.109502,0.890000,4005,1500
threshold,0.400000,,0.890000,23,0.000000,0.890000,4005,552
threshold,0.400000,,0.890000,24,0.000000,0.890000,4005,530
threshold,0.400000,,0.890000,25,0.120906,0.890000,4005,1500
threshold,0.400000,,0.890000,26,0.000000,0.890000,4005,524
threshold,0.400000,,0.890000,27,0.000000,0.890000,4005,514
threshold,0.400000,,0.890000,28,0.112793,0.890000,4005,1500
threshold,0.400000,,0.890000,29,0.000000,0.890000,4005,533
threshold,0.400000,,0.890000,30,0.000000,0.890000,4005,531
threshold,0.400000,,0.890000,31,0.000000,0.890000,4005,535
threshold,0.400000,,0.890000,32,0.000000,0.890000,4005,536
threshold,0.400000,,0.890000,33,0.010575,0.890000,4005,1500
threshold,0.400000,,0.890000,34,0.000000,0.890000,4005,529
threshold,0.400000,,0.890000,35,0.012568,0.890000,4005,1500
threshold,0.400000,,0.890000,36,0.000000,0.890000,4005,514
threshold,0.400000,,0.890000,37,0.000000,0.890000,4005,526
threshold,0.400000,,0.890000,38,0.000000,0.890000,4005,525
threshold,0.400000,,0.890000,39,0.000000,0.890000,4005,562
threshold,0.400000,,0.890000,40,0.000000,0.890000,4005,537
threshold,0.400000,,0.890000,41,0.000000,0.890000,4005,633
threshold,0.400000,,0.890000,42,0.000000,0.890000,4005,554
threshold,0.400000,,0.890000,43,0.000000,0.890000,4005,536
threshold,0.400000,,0.890000,44,0.000000,0.890000,4005,515
threshold,0.400000,,0.890000,45,0.000000,0.890000,4005,529
threshold,0.400000,,0.890000,46,0.000000,0.890000,4005,522
threshold,0.400000,,0.890000,47,0.000000,0.890000,4005,523
threshold,0.400000,,0.890000,48,0.000000,0.890000,4005,515
threshold,0.400000,,0.890000,49,0.000000,0.890000,4005,551
threshold,0.400000,,0.895000,0,0.000000,0.894889,4027,511
threshold,0.400000,,0.895000,1,0.000000,0.894889,4027,515
threshold,0.400000,,0.895000,2,0.013603,0.894889,4027,1500
threshold,0.400000,,0.895000,3,0.000000,0.894889,4027,515
threshold,0.400000,,0.895000,4,0.000000,0.894889,4027,513
threshold,0.400000,,0.895000,5,0.000000,0.894889,4027,528
threshold,0.400000,,0.895000,6,0.000000,0.894889,4027,540
threshold,0.400000,,0.895000,7,0.000000,0.894889,4027,561
threshold,0.400000,,0.895000,8,0.000000,0.894889,4027,535
threshold,0.400000,,0.895000,9,0.000000,0.894889,4027,517
threshold,0.400000,,0.895000,10,0.000000,0.894889,4027,513
threshold,0.400000,,0.895000,11,0.000000,0.894889,4027,518
threshold,0.400000,,0.895000,12,0.000000,0.894889,4027,512
threshold,0.400000,,0.895000,13,0.000000,0.894889,4027,546
threshold,0.400000,,0.895000,14,0.000000,0.894889,4027,535
threshold,0.400000,,0.895000,15,0.000000,0.894889,4027,528
threshold,0.400000,,0.895000,16,0.000000,0.894889,4027,520
threshold,0.400000,,0.895000,17,0.000000,0.894889,4027,530
threshold,0.400000,,0.895000,18,0.000000,0.894889,4027,515
threshold,0.400000,,0.895000,19,0.000000,0.894889,4027,522
threshold,0.400000,,0.895000,20,0.000000,0.894889,4027,519
threshold,0.400000,,0.895000,21,0.000000,0.894889,4027,530
threshold,0.400000,,0.895000,22,0.094447,0.894889,4027,1500
threshold,0.400000,,0.895000,23,0.000000,0.894889,4027,530
threshold,0.400000,,0.895000,24,0.000000,0.894889,4027,522
threshold,0.400000,,0.895000,25,0.088101,0.894889,4027,1500
threshold,0.400000,,0.895000,26,0.000000,0.894889,4027,520
threshold,0.400000,,0.895000,27,0.000000,0.894889,4027,512
threshold,0.400000,,0.895000,28,0.000000,0.894889,4027,523
threshold,0.400000,,0.895000,29,0.000000,0.894889,4027,521
threshold,0.400000,,0.895000,30,0.000000,0.894889,4027,521
threshold,0.400000,,0.895000,31,0.000000,0.894889,4027,519
threshold,0.400000,,0.895000,32,0.000000,0.894889,4027,531
threshold,0.400000,,0.895000,33,0.000000,0.894889,4027,537
threshold,0.400000,,0.895000,34,0.000000,0.894889,4027,521
threshold,0.400000,,0.895000,35,0.000000,0.894889,4027,623
threshold,0.400000,,0.895000,36,0.000000,0.894889,4027,514
threshold,0.400000,,0.895000,37,0.000000,0.894889,4027,520
threshold,0.400000,,0.895000,38,0.000000,0.894889,4027,523
threshold,0.400000,,0.895000,39,0.000000,0.894889,4027,517
threshold,0.400000,,0.895000,40,0.000000,0.894889,4027,527
threshold,0.400000,,0.895000,41,0.000000,0.894889,4027,544
threshold,0.400000,,0.895000,42,0.000000,0.894889,4027,529
threshold,0.400000,,0.895000,43,0.000000,0.894889,4027,522
threshold,0.400000,,0.895000,44,0.000000,0.894889,4027,513
threshold,0.400000,,0.895000,45,0.000000,0.894889,4027,521
threshold,0.400000,,0.895000,46,0.000000,0.894889,4027,519
threshold,0.400000,,0.895000,47,0.000000,0.894889,4027,520
threshold,0.400000,,0.895000,48,0.000000,0.894889,4027,512
threshold,0.400000,,0.895000,49,0.000000,0.894889,4027,525
threshold,0.400000,,0.900000,0,0.000000,0.900000,4050,510
threshold,0.400000,,0.900000,1,0.000000,0.900000,4050,513
threshold,0.400000,,0.900000,2,0.005116,0.900000,4050,1500
threshold,0.400000,,0.900000,3,0.000000,0.900000,4050,511
threshold,0.400000,,0.900000,4,0.000000,0.900000,4050,509
threshold,0.400000,,0.900000,5,0.000000,0.900000,4050,523
threshold,0.400000,,0.900000,6,0.000000,0.900000,4050,521
threshold,0.400000,,0.900000,7,0.000000,0.900000,4050,529
threshold,0.400000,,0.900000,8,0.000000,0.900000,4050,526
threshold,0.400000,,0.900000,9,0.000000,0.900000,4050,515
threshold,0.400000,,0.900000,10,0.000000,0.900000,4050,511
threshold,0.400000,,0.900000,11,0.000000,0.900000,4050,515
threshold,0.400000,,0.900000,12,0.000000,0.900000,4050,511
threshold,0.400000,,0.900000,13,0.000000,0.900000,4050,532
threshold,0.400000,,0.900000,14,0.000000,0.900000,4050,523
threshold,0.400000,,0.900000,15,0.000000,0.900000,4050,523
threshold,0.400000,,0.900000,16,0.000000,0.900000,4050,512
threshold,0.400000,,0.900000,17,0.000000,0.900000,4050,522
threshold,0.400000,,0.900000,18,0.000000,0.900000,4050,513
threshold,0.400000,,0.900000,19,0.000000,0.900000,4050,520
threshold,0.400000,,0.900000,20,0.000000,0.900000,4050,516
threshold,0.400000,,0.900000,21,0.000000,0.900000,4050,518
threshold,0.400000,,0.900000,22,0.051318,0.900000,4050,1500
threshold,0.400000,,0.900000,23,0.000000,0.900000,4050,524
threshold,0.400000,,0.900000,24,0.000000,0.900000,4050,519
threshold,0.400000,,0.900000,25,0.009634,0.900000,4050,1500
threshold,0.400000,,0.900000,26,0.000000,0.900000,4050,516
threshold,0.400000,,0.900000,27,0.000000,0.900000,4050,510
threshold,0.400000,,0.900000,28,0.000000,0.900000,4050,517
threshold,0.400000,,0.900000,29,0.000000,0.900000,4050,517
threshold,0.400000,,0.900000,30,0.000000,0.900000,4050,516
threshold,0.400000,,0.900000,31,0.000000,0.900000,4050,516
threshold,0.400000,,0.900000,32,0.000000,0.900000,4050,524
threshold,0.400000,,0.900000,33,0.000000,0.900000,4050,517
threshold,0.400000,,0.900000,34,0.000000,0.900000,4050,518
threshold,0.400000,,0.900000,35,0.000000,0.900000,4050,522
threshold,0.400000,,0.900000,36,0.000000,0.900000,4050,512
threshold,0.400000,,0.900000,37,0.000000,0.900000,4050,513
threshold,0.400000,,0.900000,38,0.000000,0.900000,4050,518
threshold,0.400000,,0.900000,39,0.000000,0.900000,4050,513
threshold,0.400000,,0.900000,40,0.000000,0.900000,4050,520
threshold,0.400000,,0.900000,41,0.000000,0.900000,4050,526
threshold,0.400000,,0.900000,42,0.000000,0.900000,4050,517
threshold,0.400000,,0.900000,43,0.000000,0.900000,4050,515
threshold,0.400000,,0.900000,44,0.000000,0.900000,4050,512
threshold,0.400000,,0.900000,45,0.000000,0.900000,4050,517
threshold,0.400000,,0.900000,46,0.000000,0.900000,4050,515
threshold,0.400000,,0.900000,47,0.000000,0.900000,4050,515
threshold,0.400000,,0.900000,48,0.000000,0.900000,4050,510
threshold,0.400000,,0.900000,49,0.000000,0.900000,4050,517
threshold,0.400000,,0.905000,0,0.000000,0.904889,4072,508
threshold,0.400000,,0.905000,1,0.000000,0.904889,4072,509
threshold,0.400000,,0.905000,2,0.000000,0.904889,4072,544
threshold,0.400000,,0.905000,3,0.000000,0.904889,4072,511
threshold,0.400000,,0.905000,4,0.000000,0.904889,4072,509
threshold,0.400000,,0.905000,5,0.000000,0.904889,4072,520
threshold,0.400000,,0.905000,6,0.000000,0.904889,4072,514
threshold,0.400000,,0.905000,7,0.000000,0.904889,4072,519
threshold,0.400000,,0.905000,8,0.000000,0.904889,4072,522
threshold,0.400000,,0.905000,9,0.000000,0.904889,4072,511
threshold,0.400000,,0.905000,10,0.000000,0.904889,4072,509
threshold,0.400000,,0.905000,11,0.000000,0.904889,4072,513
threshold,0.400000,,0.905000,12,0.000000,0.904889,4072,510
threshold,0.400000,,0.905000,13,0.000000,0.904889,4072,519
threshold,0.400000,,0.905000,14,0.000000,0.904889,4072,519
threshold,0.400000,,0.905000,15,0.000000,0.904889,4072,516
threshold,0.400000,,0.905000,16,0.000000,0.904889,4072,511
threshold,0.400000,,0.905000,17,0.000000,0.904889,4072,518
threshold,0.400000,,0.905000,18,0.000000,0.904889,4072,511
threshold,0.400000,,0.905000,19,0.000000,0.904889,4072,518
threshold,0.400000,,0.905000,20,0.000000,0.904889,4072,513
threshold,0.400000,,0.905000,21,0.000000,0.904889,4072,510
threshold,0.400000,,0.905000,22,0.000000,0.904889,4072,533
threshold,0.400000,,0.905000,23,0.000000,0.904889,4072,515
threshold,0.400000,,0.905000,24,0.000000,0.904889,4072,516
threshold,0.400000,,0.905000,25,0.000000,0.904889,4072,523
threshold,0.400000,,0.905000,26,0.000000,0.904889,4072,514
threshold,0.400000,,0.905000,27,0.000000,0.904889,4072,509
threshold,0.400000,,0.905000,28,0.000000,0.904889,4072,516
threshold,0.400000,,0.905000,29,0.000000,0.904889,4072,515
threshold,0.400000,,0.905000,30,0.000000,0.904889,4072,513
threshold,0.400000,,0.905000,31,0.000000,0.904889,4072,514
threshold,0.400000,,0.905000,32,0.000000,0.904889,4072,519
threshold,0.400000,,0.905000,33,0.000000,0.904889,4072,512
threshold,0.400000,,0.905000,34,0.000000,0.904889,4072,513
threshold,0.400000,,0.905000,35,0.000000,0.904889,4072,519
threshold,0.400000,,0.905000,36,0.000000,0.904889,4072,511
threshold,0.400000,,0.905000,37,0.000000,0.904889,4072,512
threshold,0.400000,,0.905000,38,0.000000,0.904889,4072,513
threshold,0.400000,,0.905000,39,0.000000,0.904889,4072,512
threshold,0.400000,,0.905000,40,0.000000,0.904889,4072,517
threshold,0.400000,,0.905000,41,0.000000,0.904889,4072,522
threshold,0.400000,,0.905000,42,0.000000,0.904889,4072,513
threshold,0.400000,,0.905000,43,0.000000,0.904889,4072,512
threshold,0.400000,,0.905000,44,0.000000,0.904889,4072,509
threshold,0.400000,,0.905000,45,0.000000,0.904889,4072,514
threshold,0.400000,,0.905000,46,0.000000,0.904889,4072,512
threshold,0.400000,,0.905000,47,0.000000,0.904889,4072,513
threshold,0.400000,,0.905000,48,0.000000,0.904889,4072,510
threshold,0.400000,,0.905000,49,0.000000,0.904889,4072,513
threshold,0.400000,,0.910000,0,0.000000,0.910000,4095,507
threshold,0.400000,,0.910000,1,0.000000,0.910000,4095,508
threshold,0.400000,,0.910000,2,0.000000,0.910000,4095,534
threshold,0.400000,,0.910000,3,0.000000,0.910000,4095,507
threshold,0.400000,,0.910000,4,0.000000,0.910000,4095,509
threshold,0.400000,,0.910000,5,0.000000,0.910000,4095,515
threshold,0.400000,,0.910000,6,0.000000,0.910000,4095,512
threshold,0.400000,,0.910000,7,0.000000,0.910000,4095,516
threshold,0.400000,,0.910000,8,0.000000,0.910000,4095,519
threshold,0.400000,,0.910000,9,0.000000,0.910000,4095,508
threshold,0.400000,,0.910000,10,0.000000,0.910000,4095,509
threshold,0.400000,,0.910000,11,0.000000,0.910000,4095,512
threshold,0.400000,,0.910000,12,0.000000,0.910000,4095,509
threshold,0.400000,,0.910000,13,0.000000,0.910000,4095,516
threshold,0.400000,,0.910000,14,0.000000,0.910000,4095,516
threshold,0.400000,,0.910000,15,0.000000,0.910000,4095,515
threshold,0.400000,,0.910000,16,0.000000,0.910000,4095,511
threshold,0.400000,,0.910000,17,0.000000,0.910000,4095,517
threshold,0.400000,,0.910000,18,0.000000,0.910000,4095,510
threshold,0.400000,,0.910000,19,0.000000,0.910000,4095,516
threshold,0.400000,,0.910000,20,0.000000,0.910000,4095,512
threshold,0.400000,,0.910000,21,0.000000,0.910000,4095,509
threshold,0.400000,,0.910000,22,0.000000,0.910000,4095,525
threshold,0.400000,,0.910000,23,0.000000,0.910000,4095,512
threshold,0.400000,,0.910000,24,0.000000,0.910000,4095,515
threshold,0.400000,,0.910000,25,0.000000,0.910000,4095,512
threshold,0.400000,,0.910000,26,0.000000,0.910000,4095,513
threshold,0.400000,,0.910000,27,0.000000,0.910000,4095,508
threshold,0.400000,,0.910000,28,0.000000,0.910000,4095,514
threshold,0.400000,,0.910000,29,0.000000,0.910000,4095,513
threshold,0.400000,,0.910000,30,0.000000,0.910000,4095,512
threshold,0.400000,,0.910000,31,0.000000,0.910000,4095,513
threshold,0.400000,,0.910000,32,0.000000,0.910000,4095,511
threshold,0.400000,,0.910000,33,0.000000,0.910000,4095,510
threshold,0.400000,,0.910000,34,0.000000,0.910000,4095,511
threshold,0.400000,,0.910000,35,0.000000,0.910000,4095,518
threshold,0.400000,,0.910000,36,0.000000,0.910000,4095,510
threshold,0.400000,,0.910000,37,0.000000,0.910000,4095,511
threshold,0.400000,,0.910000,38,0.000000,0.910000,4095,510
threshold,0.400000,,0.910000,39,0.000000,0.910000,4095,510
threshold,0.400000,,0.910000,40,0.000000,0.910000,4095,511
threshold,0.400000,,0.910000,41,0.000000,0.910000,4095,520
threshold,0.400000,,0.910000,42,0.000000,0.910000,4095,510
threshold,0.400000,,0.910000,43,0.000000,0.910000,4095,511
threshold,0.400000,,0.910000,44,0.000000,0.910000,4095,509
threshold,0.400000,,0.910000,45,0.000000,0.910000,4095,513
threshold,0.400000,,0.910000,46,0.000000,0.910000,4095,511
threshold,0.400000,,0.910000,47,0.000000,0.910000,4095,509
threshold,0.400000,,0.910000,48,0.000000,0.910000,4095,510
threshold,0.400000,,0.910000,49,0.000000,0.910000,4095,512
threshold,0.400000,,0.915000,0,0.000000,0.914889,4117,506
threshold,0.400000,,0.915000,1,0.000000,0.914889,4117,508
threshold,0.400000,,0.915000,2,0.000000,0.914889,4117,529
threshold,0.400000,,0.915000,3,0.000000,0.914889,4117,507
threshold,0.400000,,0.915000,4,0.000000,0.914889,4117,508
threshold,0.400000,,0.915000,5,0.000000,0.914889,4117,510
threshold,0.400000,,0.915000,6,0.000000,0.914889,4117,509
threshold,0.400000,,0.915000,7,0.000000,0.914889,4117,514
threshold,0.400000,,0.915000,8,0.000000,0.914889,4117,512
threshold,0.400000,,0.915000,9,0.000000,0.914889,4117,508
threshold,0.400000,,0.915000,10,0.000000,0.914889,4117,508
threshold,0.400000,,0.915000,11,0.000000,0.914889,4117,511
threshold,0.400000,,0.915000,12,0.000000,0.914889,4117,509
threshold,0.400000,,0.915000,13,0.000000,0.914889,4117,510
threshold,0.400000,,0.915000,14,0.000000,0.914889,4117,514
threshold,0.400000,,0.915000,15,0.000000,0.914889,4117,510
threshold,0.400000,,0.915000,16,0.000000,0.914889,4117,509
threshold,0.400000,,0.915000,17,0.000000,0.914889,4117,515
threshold,0.400000,,0.915000,18,0.000000,0.914889,4117,507
threshold,0.400000,,0.915000,19,0.000000,0.914889,4117,513
threshold,0.400000,,0.915000,20,0.000000,0.914889,4117,511
threshold,0.400000,,0.915000,21,0.000000,0.914889,4117,508
threshold,0.400000,,0.915000,22,0.000000,0.914889,4117,521
threshold,0.400000,,0.915000,23,0.000000,0.914889,4117,511
threshold,0.400000,,0.915000,24,0.000000,0.914889,4117,512
threshold,0.400000,,0.915000,25,0.000000,0.914889,4117,510
threshold,0.400000,,0.915000,26,0.000000,0.914889,4117,512
threshold,0.400000,,0.915000,27,0.000000,0.914889,4117,507
threshold,0.400000,,0.915000,28,0.000000,0.914889,4117,509
threshold,0.400000,,0.915000,29,0.000000,0.914889,4117,510
threshold,0.400000,,0.915000,30,0.000000,0.914889,4117,508
threshold,0.400000,,0.915000,31,0.000000,0.914889,4117,511
threshold,0.400000,,0.915000,32,0.000000,0.914889,4117,508
threshold,0.400000,,0.915000,33,0.000000,0.914889,4117,509
threshold,0.400000,,0.915000,34,0.000000,0.914889,4117,510
threshold,0.400000,,0.915000,35,0.000000,0.914889,4117,516
threshold,0.400000,,0.915000,36,0.000000,0.914889,4117,509
threshold,0.400000,,0.915000,37,0.000000,0.914889,4117,509
threshold,0.400000,,0.915000,38,0.000000,0.914889,4117,508
threshold,0.400000,,0.915000,39,0.000000,0.914889,4117,509
threshold,0.400000,,0.915000,40,0.000000,0.914889,4117,509
threshold,0.400000,,0.915000,41,0.000000,0.914889,4117,513
threshold,0.400000,,0.915000,42,0.000000,0.914889,4117,509
threshold,0.400000,,0.915000,43,0.000000,0.914889,4117,509
threshold,0.400000,,0.915000,44,0.000000,0.914889,4117,507
threshold,0.400000,,0.915000,45,0.000000,0.914889,4117,512
threshold,0.400000,,0.915000,46,0.000000,0.914889,4117,508
threshold,0.400000,,0.915000,47,0.000000,0.914889,4117,506
threshold,0.400000,,0.915000,48,0.000000,0.914889,4117,507
threshold,0.400000,,0.915000,49,0.000000,0.914889,4117,512
threshold,0.400000,,0.920000,0,0.000000,0.920000,4140,506
threshold,0.400000,,0.920000,1,0.000000,0.920000,4140,508
threshold,0.400000,,0.920000,2,0.000000,0.920000,4140,520
threshold,0.400000,,0.920000,3,0.000000,0.920000,4140,507
threshold,0.400000,,0.920000,4,0.000000,0.920000,4140,507
threshold,0.400000,,0.920000,5,0.000000,0.920000,4140,510
threshold,0.400000,,0.920000,6,0.000000,0.920000,4140,508
threshold,0.400000,,0.920000,7,0.000000,0.920000,4140,514
threshold,0.400000,,0.920000,8,0.000000,0.920000,4140,511
threshold,0.400000,,0.920000,9,0.000000,0.920000,4140,507
threshold,0.400000,,0.920000,10,0.000000,0.920000,4140,508
threshold,0.400000,,0.920000,11,0.000000,0.920000,4140,509
threshold,0.400000,,0.920000,12,0.000000,0.920000,4140,507
threshold,0.400000,,0.920000,13,0.000000,0.920000,4140,509
threshold,0.400000,,0.920000,14,0.000000,0.920000,4140,512
threshold,0.400000,,0.920000,15,0.000000,0.920000,4140,509
threshold,0.400000,,0.920000,16,0.000000,0.920000,4140,507
threshold,0.400000,,0.920000,17,0.000000,0.920000,4140,513
threshold,0.400000,,0.920000,18,0.000000,0.920000,4140,506
threshold,0.400000,,0.920000,19,0.000000,0.920000,4140,512
threshold,0.400000,,0.920000,20,0.000000,0.920000,4140,508
threshold,0.400000,,0.920000,21,0.000000,0.920000,4140,508
threshold,0.400000,,0.920000,22,0.000000,0.920000,4140,518
threshold,0.400000,,0.920000,23,0.000000,0.920000,4140,510
threshold,0.400000,,0.920000,24,0.000000,0.920000,4140,509
threshold,0.400000,,0.920000,25,0.000000,0.920000,4140,510
threshold,0.400000,,0.920000,26,0.000000,0.920000,4140,508
threshold,0.400000,,0.920000,27,0.000000,0.920000,4140,506
threshold,0.400000,,0.920000,28,0.000000,0.920000,4140,508
threshold,0.400000,,0.920000,29,0.000000,0.920000,4140,509
threshold,0.400000,,0.920000,30,0.000000,0.920000,4140,508
threshold,0.400000,,0.920000,31,0.000000,0.920000,4140,510
threshold,0.400000,,0.920000,32,0.000000,0.920000,4140,507
threshold,0.400000,,0.920000,33,0.000000,0.920000,4140,509
threshold,0.400000,,0.920000,34,0.000000,0.920000,4140,507
threshold,0.400000,,0.920000,35,0.000000,0.920000,4140,515
threshold,0.400000,,0.920000,36,0.000000,0.920000,4140,508
threshold,0.400000,,0.920000,37,0.000000,0.920000,4140,507
threshold,0.400000,,0.920000,38,0.000000,0.920000,4140,507
threshold,0.400000,,0.920000,39,0.000000,0.920000,4140,508
threshold,0.400000,,0.920000,40,0.000000,0.920000,4140,508
threshold,0.400000,,0.920000,41,0.000000,0.920000,4140,508
threshold,0.400000,,0.920000,42,0.000000,0.920000,4140,508
threshold,0.400000,,0.920000,43,0.000000,0.920000,4140,507
threshold,0.400000,,0.920000,44,0.000000,0.920000,4140,506
threshold,0.400000,,0.920000,45,0.000000,0.920000,4140,510
threshold,0.400000,,0.920000,46,0.000000,0.920000,4140,507
threshold,0.400000,,0.920000,47,0.000000,0.920000,4140,505
threshold,0.400000,,0.920000,48,0.000000,0.920000,4140,506
threshold,0.400000,,0.920000,49,0.000000,0.920000,4140,511
threshold,0.400000,,0.925000,0,0.000000,0.924889,4162,505
threshold,0.400000,,0.925000,1,0.000000,0.924889,4162,507
threshold,0.400000,,0.925000,2,0.000000,0.924889,4162,515
threshold,0.400000,,0.925000,3,0.000000,0.924889,4162,507
threshold,0.400000,,0.925000,4,0.000000,0.924889,4162,507
threshold,0.400000,,0.925000,5,0.000000,0.924889,4162,510
threshold,0.400000,,0.925000,6,0.000000,0.924889,4162,508
threshold,0.400000,,0.925000,7,0.000000,0.924889,4162,512
threshold,0.400000,,0.925000,8,0.000000,0.924889,4162,511
threshold,0.400000,,0.925000,9,0.000000,0.924889,4162,506
threshold,0.400000,,0.925000,10,0.000000,0.924889,4162,507
threshold,0.400000,,0.925000,11,0.000000,0.924889,4162,509
threshold,0.400000,,0.925000,12,0.000000,0.924889,4162,505
threshold,0.400000,,0.925000,13,0.000000,0.924889,4162,508
threshold,0.400000,,0.925000,14,0.000000,0.924889,4162,510
threshold,0.400000,,0.925000,15,0.000000,0.924889,4162,507
threshold,0.400000,,0.925000,16,0.000000,0.924889,4162,507
threshold,0.400000,,0.925000,17,0.000000,0.924889,4162,512
threshold,0.400000,,0.925000,18,0.000000,0.924889,4162,506
threshold,0.400000,,0.925000,19,0.000000,0.924889,4162,510
threshold,0.400000,,0.925000,20,0.000000,0.924889,4162,506
threshold,0.400000,,0.925000,21,0.000000,0.924889,4162,508
threshold,0.400000,,0.925000,22,0.000000,0.924889,4162,513
threshold,0.400000,,0.925000,23,0.000000,0.924889,4162,508
threshold,0.400000,,0.925000,24,0.000000,0.924889,4162,508
threshold,0.400000,,0.925000,25,0.000000,0.924889,4162,509
threshold,0.400000,,0.925000,26,0.000000,0.924889,4162,507
threshold,0.400000,,0.925000,27,0.000000,0.924889,4162,505
threshold,0.400000,,0.925000,28,0.000000,0.924889,4162,508
threshold,0.400000,,0.925000,29,0.000000,0.924889,4162,508
threshold,0.400000,,0.925000,30,0.000000,0.924889,4162,508
threshold,0.400000,,0.925000,31,0.000000,0.924889,4162,510
threshold,0.400000,,0.925000,32,0.000000,0.924889,4162,505
threshold,0.400000,,0.925000,33,0.000000,0.924889,4162,507
threshold,0.400000,,0.925000,34,0.000000,0.924889,4162,506
threshold,0.400000,,0.925000,35,0.000000,0.924889,4162,510
threshold,0.400000,,0.925000,36,0.000000,0.924889,4162,507
threshold,0.400000,,0.925000,37,0.000000,0.924889,4162,507
threshold,0.400000,,0.925000,38,0.000000,0.924889,4162,506
threshold,0.400000,,0.925000,39,0.000000,0.924889,4162,507
threshold,0.400000,,0.925000,40,0.000000,0.924889,4162,507
threshold,0.400000,,0.925000,41,0.000000,0.924889,4162,507
threshold,0.400000,,0.925000,42,0.000000,0.924889,4162,507
threshold,0.400000,,0.925000,43,0.000000,0.924889,4162,506
threshold,0.400000,,0.925000,44,0.000000,0.924889,4162,506
threshold,0.400000,,0.925000,45,0.000000,0.924889,4162,509
threshold,0.400000,,0.925000,46,0.000000,0.924889,4162,506
threshold,0.400000,,0.925000,47,0.000000,0.924889,4162,505
threshold,0.400000,,0.925000,48,0.000000,0.924889,4162,506
threshold,0.400000,,0.925000,49,0.000000,0.924889,4162,509
threshold,0.400000,,0.930000,0,0.000000,0.930000,4185,505
threshold,0.400000,,0.930000,1,0.000000,0.930000,4185,506
threshold,0.400000,,0.930000,2,0.000000,0.930000,4185,511
threshold,0.400000,,0.930000,3,0.000000,0.930000,4185,506
threshold,0.400000,,0.930000,4,0.000000,0.930000,4185,505
threshold,0.400000,,0.930000,5,0.000000,0.930000,4185,509
threshold,0.400000,,0.930000,6,0.000000,0.930000,4185,505
threshold,0.400000,,0.930000,7,0.000000,0.930000,4185,510
threshold,0.400000,,0.930000,8,0.000000,0.930000,4185,509
threshold,0.400000,,0.930000,9,0.000000,0.930000,4185,506
threshold,0.400000,,0.930000,10,0.000000,0.930000,4185,506
threshold,0.400000,,0.930000,11,0.000000,0.930000,4185,508
threshold,0.400000,,0.930000,12,0.000000,0.930000,4185,505
threshold,0.400000,,0.930000,13,0.000000,0.930000,4185,507
threshold,0.400000,,0.930000,14,0.000000,0.930000,4185,509
threshold,0.400000,,0.930000,15,0.000000,0.930000,4185,507
threshold,0.400000,,0.930000,16,0.000000,0.930000,4185,506
threshold,0.400000,,0.930000,17,0.000000,0.930000,4185,508
threshold,0.400000,,0.930000,18,0.000000,0.930000,4185,505
threshold,0.400000,,0.930000,19,0.000000,0.930000,4185,508
threshold,0.400000,,0.930000,20,0.000000,0.930000,4185,506
threshold,0.400000,,0.930000,21,0.000000,0.930000,4185,506
threshold,0.400000,,0.930000,22,0.000000,0.930000,4185,512
threshold,0.400000,,0.930000,23,0.000000,0.930000,4185,508
threshold,0.400000,,0.930000,24,0.000000,0.930000,4185,507
threshold,0.400000,,0.930000,25,0.000000,0.930000,4185,508
threshold,0.400000,,0.930000,26,0.000000,0.930000,4185,505
threshold,0.400000,,0.930000,27,0.000000,0.930000,4185,505
threshold,0.400000,,0.930000,28,0.000000,0.930000,4185,507
threshold,0.400000,,0.930000,29,0.000000,0.930000,4185,508
threshold,0.400000,,0.930000,30,0.000000,0.930000,4185,506
threshold,0.400000,,0.930000,31,0.000000,0.930000,4185,510
threshold,0.400000,,0.930000,32,0.000000,0.930000,4185,505
threshold,0.400000,,0.930000,33,0.000000,0.930000,4185,506
threshold,0.400000,,0.930000,34,0.000000,0.930000,4185,506
threshold,0.400000,,0.930000,35,0.000000,0.930000,4185,509
threshold,0.400000,,0.930000,36,0.000000,0.930000,4185,506
threshold,0.400000,,0.930000,37,0.000000,0.930000,4185,506
threshold,0.400000,,0.930000,38,0.000000,0.930000,4185,506
threshold,0.400000,,0.930000,39,0.000000,0.930000,4185,506
threshold,0.400000,,0.930000,40,0.000000,0.930000,4185,506
threshold,0.400000,,0.930000,41,0.000000,0.930000,4185,506
threshold,0.400000,,0.930000,42,0.000000,0.930000,4185,507
threshold,0.400000,,0.930000,43,0.000000,0.930000,4185,505
threshold,0.400000,,0.930000,44,0.000000,0.930000,4185,506
threshold,0.400000,,0.930000,45,0.000000,0.930000,4185,509
threshold,0.400000,,0.930000,46,0.000000,0.930000,4185,505
threshold,0.400000,,0.930000,47,0.000000,0.930000,4185,505
threshold,0.400000,,0.930000,48,0.000000,0.930000,4185,505
threshold,0.400000,,0.930000,49,0.000000,0.930000,4185,508
threshold,0.400000,,0.935000,0,0.000000,0.934889,4207,505
threshold,0.400000,,0.935000,1,0.000000,0.934889,4207,505
threshold,0.400000,,0.935000,2,0.000000,0.934889,4207,506
threshold,0.400000,,0.935000,3,0.000000,0.934889,4207,505
threshold,0.400000,,0.935000,4,0.000000,0.934889,4207,505
threshold,0.400000,,0.935000,5,0.000000,0.934889,4207,509
threshold,0.400000,,0.935000,6,0.000000,0.934889,4207,504
threshold,0.400000,,0.935000,7,0.000000,0.934889,4207,507
threshold,0.400000,,0.935000,8,0.000000,0.934889,4207,509
threshold,0.400000,,0.935000,9,0.000000,0.934889,4207,506
threshold,0.400000,,0.935000,10,0.000000,0.934889,4207,506
threshold,0.400000,,0.935000,11,0.000000,0.934889,4207,506
threshold,0.400000,,0.935000,12,0.000000,0.934889,4207,504
threshold,0.400000,,0.935000,13,0.000000,0.934889,4207,506
threshold,0.400000,,0.935000,14,0.000000,0.934889,4207,507
threshold,0.400000,,0.935000,15,0.000000,0.934889,4207,506
threshold,0.400000,,0.935000,16,0.000000,0.934889,4207,506
threshold,0.400000,,0.935000,17,0.000000,0.934889,4207,505
threshold,0.400000,,0.935000,18,0.000000,0.934889,4207,505
threshold,0.400000,,0.935000,19,0.000000,0.934889,4207,506
threshold,0.400000,,0.935000,20,0.000000,0.934889,4207,505
threshold,0.400000,,0.935000,21,0.000000,0.934889,4207,506
threshold,0.400000,,0.935000,22,0.000000,0.934889,4207,508
threshold,0.400000,,0.935000,23,0.000000,0.934889,4207,506
threshold,0.400000,,0.935000,24,0.000000,0.934889,4207,506
threshold,0.400000,,0.935000,25,0.000000,0.934889,4207,508
threshold,0.400000,,0.935000,26,0.000000,0.934889,4207,505
threshold,0.400000,,0.935000,27,0.000000,0.934889,4207,505
threshold,0.400000,,0.935000,28,0.000000,0.934889,4207,507
threshold,0.400000,,0.935000,29,0.000000,0.934889,4207,507
threshold,0.400000,,0.935000,30,0.000000,0.934889,4207,505
threshold,0.400000,,0.935000,31,0.000000,0.934889,4207,509
threshold,0.400000,,0.935000,32,0.000000,0.934889,4207,504
threshold,0.400000,,0.935000,33,0.000000,0.934889,4207,505
threshold,0.400000,,0.935000,34,0.000000,0.934889,4207,505
threshold,0.400000,,0.935000,35,0.000000,0.934889,4207,508
threshold,0.400000,,0.935000,36,0.000000,0.934889,4207,505
threshold,0.400000,,0.935000,37,0.000000,0.934889,4207,505
threshold,0.400000,,0.935000,38,0.000000,0.934889,4207,505
threshold,0.400000,,0.935000,39,0.000000,0.934889,4207,506
threshold,0.400000,,0.935000,40,0.000000,0.934889,4207,506
threshold,0.400000,,0.935000,41,0.000000,0.934889,4207,506
threshold,0.400000,,0.935000,42,0.000000,0.934889,4207,507
threshold,0.400000,,0.935000,43,0.000000,0.934889,4207,505
threshold,0.400000,,0.935000,44,0.000000,0.934889,4207,506
threshold,0.400000,,0.935000,45,0.000000,0.934889,4207,508
threshold,0.400000,,0.935000,46,0.000000,0.934889,4207,505
threshold,0.400000,,0.935000,47,0.000000,0.934889,4207,504
threshold,0.400000,,0.935000,48,0.000000,0.934889,4207,505
threshold,0.400000,,0.935000,49,0.000000,0.934889,4207,507
threshold,0.400000,,0.940000,0,0.000000,0.940000,4230,505
threshold,0.400000,,0.940000,1,0.000000,0.940000,4230,504
threshold,0.400000,,0.940000,2,0.000000,0.940000,4230,505
threshold,0.400000,,0.940000,3,0.000000,0.940000,4230,505
threshold,0.400000,,0.940000,4,0.000000,0.940000,4230,504
threshold,0.400000,,0.940000,5,0.000000,0.940000,4230,508
threshold,0.400000,,0.940000,6,0.000000,0.940000,4230,504
threshold,0.400000,,0.940000,7,0.000000,0.940000,4230,505
threshold,0.400000,,0.940000,8,0.000000,0.940000,4230,509
threshold,0.400000,,0.940000,9,0.000000,0.940000,4230,506
threshold,0.400000,,0.940000,10,0.000000,0.940000,4230,506
threshold,0.400000,,0.940000,11,0.000000,0.940000,4230,506
threshold,0.400000,,0.940000,12,0.000000,0.940000,4230,503
threshold,0.400000,,0.940000,13,0.000000,0.940000,4230,505
threshold,0.400000,,0.940000,14,0.000000,0.940000,4230,507
threshold,0.400000,,0.940000,15,0.000000,0.940000,4230,506
threshold,0.400000,,0.940000,16,0.000000,0.940000,4230,505
threshold,0.400000,,0.940000,17,0.000000,0.940000,4230,504
threshold,0.400000,,0.940000,18,0.000000,0.940000,4230,504
threshold,0.400000,,0.940000,19,0.000000,0.940000,4230,506
threshold,0.400000,,0.940000,20,0.000000,0.940000,4230,504
threshold,0.400000,,0.940000,21,0.000000,0.940000,4230,505
threshold,0.400000,,0.940000,22,0.000000,0.940000,4230,508
threshold,0.400000,,0.940000,23,0.000000,0.940000,4230,506
threshold,0.400000,,0.940000,24,0.000000,0.940000,4230,505
threshold,0.400000,,0.940000,25,0.000000,0.940000,4230,507
threshold,0.400000,,0.940000,26,0.000000,0.940000,4230,505
threshold,0.400000,,0.940000,27,0.000000,0.940000,4230,504
threshold,0.400000,,0.940000,28,0.000000,0.940000,4230,506
threshold,0.400000,,0.940000,29,0.000000,0.940000,4230,506
threshold,0.400000,,0.940000,30,0.000000,0.940000,4230,505
threshold,0.400000,,0.940000,31,0.000000,0.940000,4230,508
threshold,0.400000,,0.940000,32,0.000000,0.940000,4230,504
threshold,0.400000,,0.940000,33,0.000000,0.940000,4230,504
threshold,0.400000,,0.940000,34,0.000000,0.940000,4230,504
threshold,0.400000,,0.940000,35,0.000000,0.940000,4230,508
threshold,0.400000,,0.940000,36,0.000000,0.940000,4230,505
threshold,0.400000,,0.940000,37,0.000000,0.940000,4230,505
threshold,0.400000,,0.940000,38,0.000000,0.940000,4230,504
threshold,0.400000,,0.940000,39,0.000000,0.940000,4230,506
threshold,0.400000,,0.940000,40,0.000000,0.940000,4230,505
threshold,0.400000,,0.940000,41,0.000000,0.940000,4230,505
threshold,0.400000,,0.940000,42,0.000000,0.940000,4230,507
threshold,0.400000,,0.940000,43,0.000000,0.940000,4230,505
threshold,0.400000,,0.940000,44,0.000000,0.940000,4230,505
threshold,0.400000,,0.940000,45,0.000000,0.940000,4230,505
threshold,0.400000,,0.940000,46,0.000000,0.940000,4230,505
threshold,0.400000,,0.940000,47,0.000000,0.940000,4230,504
threshold,0.400000,,0.940000,48,0.000000,0.940000,4230,505
threshold,0.400000,,0.940000,49,0.000000,0.940000,4230,507
threshold,0.400000,,0.945000,0,0.000000,0.944889,4252,504
threshold,0.400000,,0.945000,1,0.000000,0.944889,4252,504
threshold,0.400000,,0.945000,2,0.000000,0.944889,4252,504
threshold,0.400000,,0.945000,3,0.000000,0.944889,4252,505
threshold,0.400000,,0.945000,4,0.000000,0.944889,4252,503
threshold,0.400000,,0.945000,5,0.000000,0.944889,4252,508
threshold,0.400000,,0.945000,6,0.000000,0.944889,4252,503
threshold,0.400000,,0.945000,7,0.000000,0.944889,4252,505
threshold,0.400000,,0.945000,8,0.000000,0.944889,4252,507
threshold,0.400000,,0.945000,9,0.000000,0.944889,4252,505
threshold,0.400000,,0.945000,10,0.000000,0.944889,4252,504
threshold,0.400000,,0.945000,11,0.000000,0.944889,4252,504
threshold,0.400000,,0.945000,12,0.000000,0.944889,4252,503
threshold,0.400000,,0.945000,13,0.000000,0.944889,4252,504
threshold,0.400000,,0.945000,14,0.000000,0.944889,4252,506
threshold,0.400000,,0.945000,15,0.000000,0.944889,4252,504
threshold,0.400000,,0.945000,16,0.000000,0.944889,4252,504
threshold,0.400000,,0.945000,17,0.000000,0.944889,4252,504
threshold,0.400000,,0.945000,18,0.000000,0.944889,4252,504
threshold,0.400000,,0.945000,19,0.000000,0.944889,4252,506
threshold,0.400000,,0.945000,20,0.000000,0.944889,4252,504
threshold,0.400000,,0.945000,21,0.000000,0.944889,4252,505
threshold,0.400000,,0.945000,22,0.000000,0.944889,4252,507
threshold,0.400000,,0.945000,23,0.000000,0.944889,4252,505
threshold,0.400000,,0.945000,24,0.000000,0.944889,4252,505
threshold,0.400000,,0.945000,25,0.000000,0.944889,4252,507
threshold,0.400000,,0.945000,26,0.000000,0.944889,4252,504
threshold,0.400000,,0.945000,27,0.000000,0.944889,4252,504
threshold,0.400000,,0.945000,28,0.000000,0.944889,4252,506
threshold,0.400000,,0.945000,29,0.000000,0.944889,4252,505
threshold,0.400000,,0.945000,30,0.000000,0.944889,4252,504
threshold,0.400000,,0.945000,31,0.000000,0.944889,4252,507
threshold,0.400000,,0.945000,32,0.000000,0.944889,4252,504
threshold,0.400000,,0.945000,33,0.000000,0.944889,4252,504
threshold,0.400000,,0.945000,34,0.000000,0.944889,4252,504
threshold,0.400000,,0.945000,35,0.000000,0.944889,4252,507
threshold,0.400000,,0.945000,36,0.000000,0.944889,4252,504
threshold,0.400000,,0.945000,37,0.000000,0.944889,4252,504
threshold,0.400000,,0.945000,38,0.000000,0.944889,4252,504
threshold,0.400000,,0.945000,39,0.000000,0.944889,4252,505
threshold,0.400000,,0.945000,40,0.000000,0.944889,4252,503
threshold,0.400000,,0.945000,41,0.000000,0.944889,4252,504
threshold,0.400000,,0.945000,42,0.000000,0.944889,4252,506
threshold,0.400000,,0.945000,43,0.000000,0.944889,4252,504
threshold,0.400000,,0.945000,44,0.000000,0.944889,4252,504
threshold,0.400000,,0.945000,45,0.000000,0.944889,4252,505
threshold,0.400000,,0.945000,46,0.000000,0.944889,4252,505
threshold,0.400000,,0.945000,47,0.000000,0.944889,4252,503
threshold,0.400000,,0.945000,48,0.000000,0.944889,4252,504
threshold,0.400000,,0.945000,49,0.000000,0.944889,4252,506
threshold,0.400000,,0.950000,0,0.000000,0.950000,4275,504
threshold,0.400000,,0.950000,1,0.000000,0.950000,4275,504
threshold,0.400000,,0.950000,2,0.000000,0.950000,4275,503
threshold,0.400000,,0.950000,3,0.000000,0.950000,4275,505
threshold,0.400000,,0.950000,4,0.000000,0.950000,4275,503
threshold,0.400000,,0.950000,5,0.000000,0.950000,4275,505
threshold,0.400000,,0.950000,6,0.000000,0.950000,4275,503
threshold,0.400000,,0.950000,7,0.000000,0.950000,4275,503
threshold,0.400000,,0.950000,8,0.000000,0.950000,4275,506
threshold,0.400000,,0.950000,9,0.000000,0.950000,4275,505
threshold,0.400000,,0.950000,10,0.000000,0.950000,4275,504
threshold,0.400000,,0.950000,11,0.000000,0.950000,4275,503
threshold,0.400000,,0.950000,12,0.000000,0.950000,4275,503
threshold,0.400000,,0.950000,13,0.000000,0.950000,4275,504
threshold,0.400000,,0.950000,14,0.000000,0.950000,4275,506
threshold,0.400000,,0.950000,15,0.000000,0.950000,4275,503
threshold,0.400000,,0.950000,16,0.000000,0.950000,4275,504
threshold,0.400000,,0.950000,17,0.000000,0.950000,4275,504
threshold,0.400000,,0.950000,18,0.000000,0.950000,4275,503
threshold,0.400000,,0.950000,19,0.000000,0.950000,4275,505
threshold,0.400000,,0.950000,20,0.000000,0.950000,4275,503
threshold,0.400000,,0.950000,21,0.000000,0.950000,4275,503
threshold,0.400000,,0.950000,22,0.000000,0.950000,4275,505
threshold,0.400000,,0.950000,23,0.000000,0.950000,4275,504
threshold,0.400000,,0.950000,24,0.000000,0.950000,4275,503
threshold,0.400000,,0.950000,25,0.000000,0.950000,4275,507
threshold,0.400000,,0.950000,26,0.000000,0.950000,4275,503
threshold,0.400000,,0.950000,27,0.000000,0.950000,4275,504
threshold,0.400000,,0.950000,28,0.000000,0.950000,4275,506
threshold,0.400000,,0.950000,29,0.000000,0.950000,4275,505
threshold,0.400000,,0.950000,30,0.000000,0.950000,4275,504
threshold,0.400000,,0.950000,31,0.000000,0.950000,4275,504
threshold,0.400000,,0.950000,32,0.000000,0.950000,4275,504
threshold,0.400000,,0.950000,33,0.000000,0.950000,4275,504
threshold,0.400000,,0.950000,34,0.000000,0.950000,4275,504
threshold,0.400000,,0.950000,35,0.000000,0.950000,4275,506
threshold,0.400000,,0.950000,36,0.000000,0.950000,4275,503
threshold,0.400000,,0.950000,37,0.000000,0.950000,4275,504
threshold,0.400000,,0.950000,38,0.000000,0.950000,4275,503
threshold,0.400000,,0.950000,39,0.000000,0.950000,4275,505
threshold,0.400000,,0.950000,40,0.000000,0.950000,4275,503
threshold,0.400000,,0.950000,41,0.000000,0.950000,4275,504
threshold,0.400000,,0.950000,42,0.000000,0.950000,4275,504
threshold,0.400000,,0.950000,43,0.000000,0.950000,4275,503
threshold,0.400000,,0.950000,44,0.000000,0.950000,4275,504
threshold,0.400000,,0.950000,45,0.000000,0.950000,4275,505
threshold,0.400000,,0.950000,46,0.000000,0.950000,4275,504
threshold,0.400000,,0.950000,47,0.000000,0.950000,4275,503
threshold,0.400000,,0.950000,48,0.000000,0.950000,4275,504
threshold,0.400000,,0.950000,49,0.000000,0.950000,4275,504
threshold,0.400000,,1.000000,0,0.000000,0.999778,4499,497
threshold,0.400000,,1.000000,1,0.000000,0.999778,4499,497
threshold,0.400000,,1.000000,2,0.000000,0.999778,4499,498
threshold,0.400000,,1.000000,3,0.000000,0.999778,4499,498
threshold,0.400000,,1.000000,4,0.000000,0.999778,4499,499
threshold,0.400000,,1.000000,5,0.000000,0.999778,4499,498
threshold,0.400000,,1.000000,6,0.000000,0.999778,4499,497
threshold,0.400000,,1.000000,7,0.000000,0.999778,4499,499
threshold,0.400000,,1.000000,8,0.000000,0.999778,4499,497
threshold,0.400000,,1.000000,9,0.000000,0.999778,4499,497
threshold,0.400000,,1.000000,10,0.000000,0.999778,4499,497
threshold,0.400000,,1.000000,11,0.000000,0.999778,4499,498
threshold,0.400000,,1.000000,12,0.000000,0.999778,4499,499
threshold,0.400000,,1.000000,13,0.000000,0.999778,4499,498
threshold,0.400000,,1.000000,14,0.000000,0.999778,4499,497
threshold,0.400000,,1.000000,15,0.000000,0.999778,4499,497
threshold,0.400000,,1.000000,16,0.000000,0.999778,4499,499
threshold,0.400000,,1.000000,17,0.000000,0.999778,4499,498
threshold,0.400000,,1.000000,18,0.000000,0.999778,4499,496
threshold,0.400000,,1.000000,19,0.000000,0.999778,4499,498
threshold,0.400000,,1.000000,20,0.000000,0.999778,4499,498
threshold,0.400000,,1.000000,21,0.000000,0.999778,4499,496
threshold,0.400000,,1.000000,22,0.000000,0.999778,4499,497
threshold,0.400000,,1.000000,23,0.000000,0.999778,4499,499
threshold,0.400000,,1.000000,24,0.000000,0.999778,4499,497
threshold,0.400000,,1.000000,25,0.000000,0.999778,4499,498
threshold,0.400000,,1.000000,26,0.000000,0.999778,4499,496
threshold,0.400000,,1.000000,27,0.000000,0.999778,4499,498
threshold,0.400000,,1.000000,28,0.000000,0.999778,4499,497
threshold,0.400000,,1.000000,29,0.000000,0.999778,4499,498
threshold,0.400000,,1.000000,30,0.000000,0.999778,4499,498
threshold,0.400000,,1.000000,31,0.000000,0.999778,4499,496
threshold,0.400000,,1.000000,32,0.000000,0.999778,4499,496
threshold,0.400000,,1.000000,33,0.000000,0.999778,4499,499
threshold,0.400000,,1.000000,34,0.000000,0.999778,4499,497
threshold,0.400000,,1.000000,35,0.000000,0.999778,4499,497
threshold,0.400000,,1.000000,36,0.000000,0.999778,4499,497
threshold,0.400000,,1.000000,37,0.000000,0.999778,4499,498
threshold,0.400000,,1.000000,38,0.000000,0.999778,4499,498
threshold,0.400000,,1.000000,39,0.000000,0.999778,4499,497
threshold,0.400000,,1.000000,40,0.000000,0.999778,4499,498
threshold,0.400000,,1.000000,41,0.000000,0.999778,4499,499
threshold,0.400000,,1.000000,42,0.000000,0.999778,4499,499
threshold,0.400000,,1.000000,43,0.000000,0.999778,4499,498
threshold,0.400000,,1.000000,44,0.000000,0.999778,4499,496
threshold,0.400000,,1.000000,45,0.000000,0.999778,4499,498
threshold,0.400000,,1.000000,46,0.000000,0.999778,4499,499
threshold,0.400000,,1.000000,47,0.000000,0.999778,4499,498
threshold,0.400000,,1.000000,48,0.000000,0.999778,4499,498
threshold,0.400000,,1.000000,49,0.000000,0.999778,4499,498
threshold,0.600000,,0.000000,0,0.639710,0.000000,0,133
threshold,0.600000,,0.000000,1,0.640153,0.000000,0,143
threshold,0.600000,,0.000000,2,0.640041,0.000000,0,132
threshold,0.600000,,0.000000,3,0.639538,0.000000,0,134
threshold,0.600000,,0.000000,4,0.640140,0.000000,0,118
threshold,0.600000,,0.000000,5,0.639501,0.000000,0,143
threshold,0.600000,,0.000000,6,0.639705,0.000000,0,143
threshold,0.600000,,0.000000,7,0.640962,0.000000,0,143
threshold,0.600000,,0.000000,8,0.640518,0.000000,0,131
threshold,0.600000,,0.000000,9,0.640416,0.000000,0,121
threshold,0.600000,,0.000000,10,0.639817,0.000000,0,136
threshold,0.600000,,0.000000,11,0.640380,0.000000,0,131
threshold,0.600000,,0.000000,12,0.639747,0.000000,0,143
threshold,0.600000,,0.000000,13,0.640033,0.000000,0,128
threshold,0.600000,,0.000000,14,0.641419,0.000000,0,125
threshold,0.600000,,0.000000,15,0.640689,0.000000,0,127
threshold,0.600000,,0.000000,16,0.640720,0.000000,0,116
threshold,0.600000,,0.000000,17,0.639555,0.000000,0,143
threshold,0.600000,,0.000000,18,0.639292,0.000000,0,143
threshold,0.600000,,0.000000,19,0.640933,0.000000,0,120
threshold,0.600000,,0.000000,20,0.640622,0.000000,0,125
threshold,0.600000,,0.000000,21,0.640112,0.000000,0,137
threshold,0.600000,,0.000000,22,0.641089,0.000000,0,132
threshold,0.600000,,0.000000,23,0.640874,0.000000,0,113
threshold,0.600000,,0.000000,24,0.640720,0.000000,0,127
threshold,0.600000,,0.000000,25,0.640772,0.000000,0,134
threshold,0.600000,,0.000000,26,0.640364,0.000000,0,140
threshold,0.600000,,0.000000,27,0.639616,0.000000,0,130
threshold,0.600000,,0.000000,28,0.640887,0.000000,0,129
threshold,0.600000,,0.000000,29,0.639634,0.000000,0,143
threshold,0.600000,,0.000000,30,0.640162,0.000000,0,143
threshold,0.600000,,0.000000,31,0.640713,0.000000,0,134
threshold,0.600000,,0.000000,32,0.639322,0.000000,0,147
threshold,0.600000,,0.000000,33,0.640722,0.000000,0,115
threshold,0.600000,,0.000000,34,0.640085,0.000000,0,143
threshold,0.600000,,0.000000,35,0.640349,0.000000,0,132
threshold,0.600000,,0.000000,36,0.639508,0.000000,0,143
threshold,0.600000,,0.000000,37,0.640502,0.000000,0,119
threshold,0.600000,,0.000000,38,0.640303,0.000000,0,134
threshold,0.600000,,0.000000,39,0.640231,0.000000,0,143
threshold,0.600000,,0.000000,40,0.640241,0.000000,0,126
threshold,0.600000,,0.000000,41,0.640655,0.000000,0,114
threshold,0.600000,,0.000000,42,0.640673,0.000000,0,115
threshold,0.600000,,0.000000,43,0.640730,0.000000,0,124
threshold,0.600000,,0.000000,44,0.640222,0.000000,0,138
threshold,0.600000,,0.000000,45,0.639814,0.000000,0,143
threshold,0.600000,,0.000000,46,0.639596,0.000000,0,143
threshold,0.600000,,0.000000,47,0.639777,0.000000,0,133
threshold,0.600000,,0.000000,48,0.639506,0.000000,0,143
threshold,0.600000,,0.000000,49,0.640338,0.000000,0,125
threshold,0.600000,,0.050000,0,0.624939,0.050000,225,156
threshold,0.600000,,0.050000,1,0.625423,0.050000,225,215
threshold,0.600000,,0.050000,2,0.625145,0.050000,225,157
threshold,0.600000,,0.050000,3,0.624425,0.050000,225,183
threshold,0.600000,,0.050000,4,0.625236,0.050000,225,191
threshold,0.600000,,0.050000,5,0.624463,0.050000,225,200
threshold,0.600000,,0.050000,6,0.624563,0.050000,225,161
threshold,0.600000,,0.050000,7,0.625863,0.050000,225,194
threshold,0.600000,,0.050000,8,0.625798,0.050000,225,156
threshold,0.600000,,0.050000,9,0.625397,0.050000,225,207
threshold,0.600000,,0.050000,10,0.625107,0.050000,225,156
threshold,0.600000,,0.050000,11,0.625593,0.050000,225,386
threshold,0.600000,,0.050000,12,0.624719,0.050000,225,159
threshold,0.600000,,0.050000,13,0.625140,0.050000,225,193
threshold,0.600000,,0.050000,14,0.626419,0.050000,225,156
threshold,0.600000,,0.050000,15,0.625784,0.050000,225,160
threshold,0.600000,,0.050000,16,0.625807,0.050000,225,196
threshold,0.600000,,0.050000,17,0.624569,0.050000,225,221
threshold,0.600000,,0.050000,18,0.623691,0.050000,225,199
threshold,0.600000,,0.050000,19,0.626084,0.050000,225,159
threshold,0.600000,,0.050000,20,0.625508,0.050000,225,189
threshold,0.600000,,0.050000,21,0.625182,0.050000,225,190
threshold,0.600000,,0.050000,22,0.626209,0.050000,225,217
threshold,0.600000,,0.050000,23,0.625560,0.050000,225,194
threshold,0.600000,,0.050000,24,0.625897,0.050000,225,156
threshold,0.600000,,0.050000,25,0.625311,0.050000,225,393
threshold,0.600000,,0.050000,26,0.625322,0.050000,225,163
threshold,0.600000,,0.050000,27,0.624874,0.050000,225,160
threshold,0.600000,,0.050000,28,0.625912,0.050000,225,190
threshold,0.600000,,0.050000,29,0.624648,0.050000,225,396
threshold,0.600000,,0.050000,30,0.625763,0.050000,225,153
threshold,0.600000,,0.050000,31,0.625952,0.050000,225,156
threshold,0.600000,,0.050000,32,0.624234,0.050000,225,203
threshold,0.600000,,0.050000,33,0.625575,0.050000,225,160
threshold,0.600000,,0.050000,34,0.625413,0.050000,225,160
threshold,0.600000,,0.050000,35,0.625553,0.050000,225,172
threshold,0.600000,,0.050000,36,0.624713,0.050000,225,161
threshold,0.600000,,0.050000,37,0.625161,0.050000,225,156
threshold,0.600000,,0.050000,38,0.625265,0.050000,225,162
threshold,0.600000,,0.050000,39,0.625717,0.050000,225,155
threshold,0.600000,,0.050000,40,0.625310,0.050000,225,195
threshold,0.600000,,0.050000,41,0.625798,0.050000,225,171
threshold,0.600000,,0.050000,42,0.625809,0.050000,225,156
threshold,0.600000,,0.050000,43,0.626182,0.050000,225,156
threshold,0.600000,,0.050000,44,0.625069,0.050000,225,156
threshold,0.600000,,0.050000,45,0.625102,0.050000,225,171
threshold,0.600000,,0.050000,46,0.624867,0.050000,225,164
threshold,0.600000,,0.050000,47,0.625133,0.050000,225,159
threshold,0.600000,,0.050000,48,0.624524,0.050000,225,191
threshold,0.600000,,0.050000,49,0.625370,0.050000,225,156
threshold,0.600000,,0.100000,0,0.608680,0.100000,450,217
threshold,0.600000,,0.100000,1,0.609080,0.100000,450,374
threshold,0.600000,,0.100000,2,0.609175,0.100000,450,251
threshold,0.600000,,0.100000,3,0.608899,0.100000,450,289
threshold,0.600000,,0.100000,4,0.609047,0.100000,450,193
threshold,0.600000,,0.100000,5,0.608804,0.100000,450,380
threshold,0.600000,,0.100000,6,0.608584,0.100000,450,211
threshold,0.600000,,0.100000,7,0.609245,0.100000,450,220
threshold,0.600000,,0.100000,8,0.608918,0.100000,450,218
threshold,0.600000,,0.100000,9,0.609591,0.100000,450,207
threshold,0.600000,,0.100000,10,0.608869,0.100000,450,211
threshold,0.600000,,0.100000,11,0.609261,0.100000,450,387
threshold,0.600000,,0.100000,12,0.608869,0.100000,450,395
threshold,0.600000,,0.100000,13,0.609278,0.100000,450,212
threshold,0.600000,,0.100000,14,0.609849,0.100000,450,182
threshold,0.600000,,0.100000,15,0.610267,0.100000,450,167
threshold,0.600000,,0.100000,16,0.609222,0.100000,450,213
threshold,0.600000,,0.100000,17,0.608417,0.100000,450,612
threshold,0.600000,,0.100000,18,0.607690,0.100000,450,207
threshold,0.600000,,0.100000,19,0.609676,0.100000,450,412
threshold,0.600000,,0.100000,20,0.609076,0.100000,450,208
threshold,0.600000,,0.100000,21,0.609360,0.100000,450,402
threshold,0.600000,,0.100000,22,0.610867,0.100000,450,340
threshold,0.600000,,0.100000,23,0.610196,0.100000,450,208
threshold,0.600000,,0.100000,24,0.609847,0.100000,450,413
threshold,0.600000,,0.100000,25,0.608838,0.100000,450,393
threshold,0.600000,,0.100000,26,0.609255,0.100000,450,208
threshold,0.600000,,0.100000,27,0.609156,0.100000,450,197
threshold,0.600000,,0.100000,28,0.609659,0.100000,450,370
threshold,0.600000,,0.100000,29,0.608493,0.100000,450,396
threshold,0.600000,,0.100000,30,0.609908,0.100000,450,159
threshold,0.600000,,0.100000,31,0.609785,0.100000,450,200
threshold,0.600000,,0.100000,32,0.607577,0.100000,450,217
threshold,0.600000,,0.100000,33,0.609857,0.100000,450,481
threshold,0.600000,,0.100000,34,0.609172,0.100000,450,194
threshold,0.600000,,0.100000,35,0.609530,0.100000,450,198
threshold,0.600000,,0.100000,36,0.608330,0.100000,450,214
threshold,0.600000,,0.100000,37,0.609124,0.100000,450,208
threshold,0.600000,,0.100000,38,0.608737,0.100000,450,199
threshold,0.600000,,0.100000,39,0.609327,0.100000,450,193
threshold,0.600000,,0.100000,40,0.609208,0.100000,450,216
threshold,0.600000,,0.100000,41,0.609804,0.100000,450,230
threshold,0.600000,,0.100000,42,0.609655,0.100000,450,232
threshold,0.600000,,0.100000,43,0.610495,0.100000,450,393
threshold,0.600000,,0.100000,44,0.608735,0.100000,450,158
threshold,0.600000,,0.100000,45,0.608779,0.100000,450,387
threshold,0.600000,,0.100000,46,0.609395,0.100000,450,168
threshold,0.600000,,0.100000,47,0.609573,0.100000,450,196
threshold,0.600000,,0.100000,48,0.608587,0.100000,450,192
threshold,0.600000,,0.100000,49,0.609763,0.100000,450,165
threshold,0.600000,,0.150000,0,0.591482,0.150000,675,412
threshold,0.600000,,0.150000,1,0.592186,0.150000,675,374
threshold,0.600000,,0.150000,2,0.591698,0.150000,675,251
threshold,0.600000,,0.150000,3,0.591571,0.150000,675,288
threshold,0.600000,,0.150000,4,0.592479,0.150000,675,234
threshold,0.600000,,0.150000,5,0.591169,0.150000,675,537
threshold,0.600000,,0.150000,6,0.591276,0.150000,675,223
threshold,0.600000,,0.150000,7,0.591870,0.150000,675,1500
threshold,0.600000,,0.150000,8,0.591724,0.150000,675,369
threshold,0.600000,,0.150000,9,0.592355,0.150000,675,541
threshold,0.600000,,0.150000,10,0.591884,0.150000,675,380
threshold,0.600000,,0.150000,11,0.592692,0.150000,675,448
threshold,0.600000,,0.150000,12,0.590285,0.150000,675,411
threshold,0.600000,,0.150000,13,0.592352,0.150000,675,290
threshold,0.600000,,0.150000,14,0.591829,0.150000,675,412
threshold,0.600000,,0.150000,15,0.594024,0.150000,675,416
threshold,0.600000,,0.150000,16,0.591443,0.150000,675,300
threshold,0.600000,,0.150000,17,0.591427,0.150000,675,614
threshold,0.600000,,0.150000,18,0.589705,0.150000,675,284
threshold,0.600000,,0.150000,19,0.592740,0.150000,675,457
threshold,0.600000,,0.150000,20,0.592215,0.150000,675,229
threshold,0.600000,,0.150000,21,0.591891,0.150000,675,448
threshold,0.600000,,0.150000,22,0.593409,0.150000,675,408
threshold,0.600000,,0.150000,23,0.592968,0.150000,675,413
threshold,0.600000,,0.150000,24,0.592712,0.150000,675,414
threshold,0.600000,,0.150000,25,0.591161,0.150000,675,402
threshold,0.600000,,0.150000,26,0.592534,0.150000,675,534
threshold,0.600000,,0.150000,27,0.591137,0.150000,675,247
threshold,0.600000,,0.150000,28,0.592296,0.150000,675,370
threshold,0.600000,,0.150000,29,0.590296,0.150000,675,1500
threshold,0.600000,,0.150000,30,0.592769,0.150000,675,232
threshold,0.600000,,0.150000,31,0.591400,0.150000,675,487
threshold,0.600000,,0.150000,32,0.590889,0.150000,675,429
threshold,0.600000,,0.150000,33,0.592705,0.150000,675,532
threshold,0.600000,,0.150000,34,0.591731,0.150000,675,402
threshold,0.600000,,0.150000,35,0.592085,0.150000,675,428
threshold,0.600000,,0.150000,36,0.591529,0.150000,675,426
threshold,0.600000,,0.150000,37,0.592279,0.150000,675,214
threshold,0.600000,,0.150000,38,0.592184,0.150000,675,426
threshold,0.600000,,0.150000,39,0.591007,0.150000,675,200
threshold,0.600000,,0.150000,40,0.592764,0.150000,675,398
threshold,0.600000,,0.150000,41,0.592559,0.150000,675,410
threshold,0.600000,,0.150000,42,0.592420,0.150000,675,484
threshold,0.600000,,0.150000,43,0.593450,0.150000,675,393
threshold,0.600000,,0.150000,44,0.591421,0.150000,675,386
threshold,0.600000,,0.150000,45,0.591901,0.150000,675,388
threshold,0.600000,,0.150000,46,0.591766,0.150000,675,386
threshold,0.600000,,0.150000,47,0.593225,0.150000,675,410
threshold,0.600000,,0.150000,48,0.592637,0.150000,675,254
threshold,0.600000,,0.150000,49,0.593584,0.150000,675,213
threshold,0.600000,,0.200000,0,0.573804,0.200000,900,725
threshold,0.600000,,0.200000,1,0.574137,0.200000,900,374
threshold,0.600000,,0.200000,2,0.573207,0.200000,900,426
threshold,0.600000,,0.200000,3,0.573525,0.200000,900,427
threshold,0.600000,,0.200000,4,0.574204,0.200000,900,449
threshold,0.600000,,0.200000,5,0.572928,0.200000,900,656
threshold,0.600000,,0.200000,6,0.573215,0.200000,900,1500
threshold,0.600000,,0.200000,7,0.574304,0.200000,900,1500
threshold,0.600000,,0.200000,8,0.572623,0.200000,900,427
threshold,0.600000,,0.200000,9,0.574152,0.200000,900,543
threshold,0.600000,,0.200000,10,0.573226,0.200000,900,410
threshold,0.600000,,0.200000,11,0.574830,0.200000,900,744
threshold,0.600000,,0.200000,12,0.572365,0.200000,900,499
threshold,0.600000,,0.200000,13,0.574279,0.200000,900,336
threshold,0.600000,,0.200000,14,0.572911,0.200000,900,412
threshold,0.600000,,0.200000,15,0.575831,0.200000,900,629
threshold,0.600000,,0.200000,16,0.572603,0.200000,900,1500
threshold,0.600000,,0.200000,17,0.573580,0.200000,900,617
threshold,0.600000,,0.200000,18,0.571279,0.200000,900,428
threshold,0.600000,,0.200000,19,0.573823,0.200000,900,810
threshold,0.600000,,0.200000,20,0.574485,0.200000,900,309
threshold,0.600000,,0.200000,21,0.573362,0.200000,900,1500
threshold,0.600000,,0.200000,22,0.574598,0.200000,900,450
threshold,0.600000,,0.200000,23,0.574447,0.200000,900,626
threshold,0.600000,,0.200000,24,0.574070,0.200000,900,483
threshold,0.600000,,0.200000,25,0.573732,0.200000,900,632
threshold,0.600000,,0.200000,26,0.575459,0.200000,900,627
threshold,0.600000,,0.200000,27,0.573208,0.200000,900,411
threshold,0.600000,,0.200000,28,0.573881,0.200000,900,427
threshold,0.600000,,0.200000,29,0.571970,0.200000,900,614
threshold,0.600000,,0.200000,30,0.574271,0.200000,900,449
threshold,0.600000,,0.200000,31,0.573285,0.200000,900,634
threshold,0.600000,,0.200000,32,0.572870,0.200000,900,484
threshold,0.600000,,0.200000,33,0.574110,0.200000,900,559
threshold,0.600000,,0.200000,34,0.573998,0.200000,900,398
threshold,0.600000,,0.200000,35,0.574001,0.200000,900,632
threshold,0.600000,,0.200000,36,0.574180,0.200000,900,459
threshold,0.600000,,0.200000,37,0.573909,0.200000,900,452
threshold,0.600000,,0.200000,38,0.574130,0.200000,900,479
threshold,0.600000,,0.200000,39,0.573371,0.200000,900,486
threshold,0.600000,,0.200000,40,0.574899,0.200000,900,411
threshold,0.600000,,0.200000,41,0.573716,0.200000,900,411
threshold,0.600000,,0.200000,42,0.574099,0.200000,900,485
threshold,0.600000,,0.200000,43,0.574846,0.200000,900,449
threshold,0.600000,,0.200000,44,0.573945,0.200000,900,532
threshold,0.600000,,0.200000,45,0.573271,0.200000,900,1500
threshold,0.600000,,0.200000,46,0.572046,0.200000,900,394
threshold,0.600000,,0.200000,47,0.573880,0.200000,900,524
threshold,0.600000,,0.200000,48,0.574508,0.200000,900,1500
threshold,0.600000,,0.200000,49,0.576176,0.200000,900,392
threshold,0.600000,,0.250000,0,0.554544,0.250000,1125,784
threshold,0.600000,,0.250000,1,0.554888,0.250000,1125,1500
threshold,0.600000,,0.250000,2,0.552491,0.250000,1125,1500
threshold,0.600000,,0.250000,3,0.552608,0.250000,1125,1204
threshold,0.600000,,0.250000,4,0.555941,0.250000,1125,483
threshold,0.600000,,0.250000,5,0.553402,0.250000,1125,1500
threshold,0.600000,,0.250000,6,0.553395,0.250000,1125,1500
threshold,0.600000,,0.250000,7,0.555201,0.250000,1125,1500
threshold,0.600000,,0.250000,8,0.554079,0.250000,1125,536
threshold,0.600000,,0.250000,9,0.554155,0.250000,1125,655
threshold,0.600000,,0.250000,10,0.553238,0.250000,1125,650
threshold,0.600000,,0.250000,11,0.555503,0.250000,1125,739
threshold,0.600000,,0.250000,12,0.552720,0.250000,1125,573
threshold,0.600000,,0.250000,13,0.553085,0.250000,1125,632
threshold,0.600000,,0.250000,14,0.552432,0.250000,1125,538
threshold,0.600000,,0.250000,15,0.556348,0.250000,1125,631
threshold,0.600000,,0.250000,16,0.553241,0.250000,1125,1500
threshold,0.600000,,0.250000,17,0.553128,0.250000,1125,1500
threshold,0.600000,,0.250000,18,0.552505,0.250000,1125,465
threshold,0.600000,,0.250000,19,0.554492,0.250000,1125,826
threshold,0.600000,,0.250000,20,0.554185,0.250000,1125,485
threshold,0.600000,,0.250000,21,0.553771,0.250000,1125,1500
threshold,0.600000,,0.250000,22,0.555032,0.250000,1125,532
threshold,0.600000,,0.250000,23,0.554143,0.250000,1125,1500
threshold,0.600000,,0.250000,24,0.555717,0.250000,1125,1500
threshold,0.600000,,0.250000,25,0.553043,0.250000,1125,1500
threshold,0.600000,,0.250000,26,0.555742,0.250000,1125,627
threshold,0.600000,,0.250000,27,0.553020,0.250000,1125,534
threshold,0.600000,,0.250000,28,0.554819,0.250000,1125,451
threshold,0.600000,,0.250000,29,0.552662,0.250000,1125,612
threshold,0.600000,,0.250000,30,0.554347,0.250000,1125,1155
threshold,0.600000,,0.250000,31,0.553677,0.250000,1125,678
threshold,0.600000,,0.250000,32,0.554142,0.250000,1125,535
threshold,0.600000,,0.250000,33,0.554631,0.250000,1125,677
threshold,0.600000,,0.250000,34,0.554584,0.250000,1125,1500
threshold,0.600000,,0.250000,35,0.554857,0.250000,1125,633
threshold,0.600000,,0.250000,36,0.554859,0.250000,1125,498
threshold,0.600000,,0.250000,37,0.554310,0.250000,1125,1500
threshold,0.600000,,0.250000,38,0.555119,0.250000,1125,480
threshold,0.600000,,0.250000,39,0.553558,0.250000,1125,535
threshold,0.600000,,0.250000,40,0.555748,0.250000,1125,541
threshold,0.600000,,0.250000,41,0.553973,0.250000,1125,426
threshold,0.600000,,0.250000,42,0.554745,0.250000,1125,543
threshold,0.600000,,0.250000,43,0.556588,0.250000,1125,481
threshold,0.600000,,0.250000,44,0.554910,0.250000,1125,532
threshold,0.600000,,0.250000,45,0.552619,0.250000,1125,1500
threshold,0.600000,,0.250000,46,0.551982,0.250000,1125,566
threshold,0.600000,,0.250000,47,0.554379,0.250000,1125,1500
threshold,0.600000,,0.250000,48,0.555126,0.250000,1125,1500
threshold,0.600000,,0.250000,49,0.556003,0.250000,1125,631
threshold,0.600000,,0.300000,0,0.533239,0.300000,1350,806
threshold,0.600000,,0.300000,1,0.534411,0.300000,1350,683
threshold,0.600000,,0.300000,2,0.530666,0.300000,1350,1500
threshold,0.600000,,0.300000,3,0.531023,0.300000,1350,1500
threshold,0.600000,,0.300000,4,0.535123,0.300000,1350,1500
threshold,0.600000,,0.300000,5,0.532631,0.300000,1350,1500
threshold,0.600000,,0.300000,6,0.532896,0.300000,1350,1500
threshold,0.600000,,0.300000,7,0.533971,0.300000,1350,497
threshold,0.600000,,0.300000,8,0.533127,0.300000,1350,536
threshold,0.600000,,0.300000,9,0.534097,0.300000,1350,1290
threshold,0.600000,,0.300000,10,0.532668,0.300000,1350,657
threshold,0.600000,,0.300000,11,0.533841,0.300000,1350,1500
threshold,0.600000,,0.300000,12,0.531751,0.300000,1350,613
threshold,0.600000,,0.300000,13,0.532321,0.300000,1350,632
threshold,0.600000,,0.300000,14,0.530532,0.300000,1350,895
threshold,0.600000,,0.300000,15,0.535428,0.300000,1350,640
threshold,0.600000,,0.300000,16,0.532617,0.300000,1350,665
threshold,0.600000,,0.300000,17,0.531359,0.300000,1350,1436
threshold,0.600000,,0.300000,18,0.532711,0.300000,1350,484
threshold,0.600000,,0.300000,19,0.533365,0.300000,1350,1500
threshold,0.600000,,0.300000,20,0.534407,0.300000,1350,624
threshold,0.600000,,0.300000,21,0.533620,0.300000,1350,1500
threshold,0.600000,,0.300000,22,0.534111,0.300000,1350,631
threshold,0.600000,,0.300000,23,0.533593,0.300000,1350,1500
threshold,0.600000,,0.300000,24,0.535786,0.300000,1350,1500
threshold,0.600000,,0.300000,25,0.531479,0.300000,1350,1437
threshold,0.600000,,0.300000,26,0.535278,0.300000,1350,710
threshold,0.600000,,0.300000,27,0.532266,0.300000,1350,626
threshold,0.600000,,0.300000,28,0.532730,0.300000,1350,703
threshold,0.600000,,0.300000,29,0.532174,0.300000,1350,639
threshold,0.600000,,0.300000,30,0.532499,0.300000,1350,1500
threshold,0.600000,,0.300000,31,0.533137,0.300000,1350,728
threshold,0.600000,,0.300000,32,0.532634,0.300000,1350,543
threshold,0.600000,,0.300000,33,0.534165,0.300000,1350,685
threshold,0.600000,,0.300000,34,0.533084,0.300000,1350,1500
threshold,0.600000,,0.300000,35,0.534288,0.300000,1350,623
threshold,0.600000,,0.300000,36,0.533496,0.300000,1350,542
threshold,0.600000,,0.300000,37,0.534113,0.300000,1350,1500
threshold,0.600000,,0.300000,38,0.534896,0.300000,1350,718
threshold,0.600000,,0.300000,39,0.532984,0.300000,1350,653
threshold,0.600000,,0.300000,40,0.534175,0.300000,1350,1500
threshold,0.600000,,0.300000,41,0.534083,0.300000,1350,445
threshold,0.600000,,0.300000,42,0.534319,0.300000,1350,532
threshold,0.600000,,0.300000,43,0.535414,0.300000,1350,1500
threshold,0.600000,,0.300000,44,0.533409,0.300000,1350,1500
threshold,0.600000,,0.300000,45,0.530996,0.300000,1350,1500
threshold,0.600000,,0.300000,46,0.532097,0.300000,1350,1500
threshold,0.600000,,0.300000,47,0.532473,0.300000,1350,1500
threshold,0.600000,,0.300000,48,0.533133,0.300000,1350,1500
threshold,0.600000,,0.300000,49,0.534230,0.300000,1350,1500
threshold,0.600000,,0.350000,0,0.510844,0.350000,1575,1500
threshold,0.600000,,0.350000,1,0.513984,0.350000,1575,685
threshold,0.600000,,0.350000,2,0.507940,0.350000,1575,1500
threshold,0.600000,,0.350000,3,0.509146,0.350000,1575,1500
threshold,0.600000,,0.350000,4,0.513415,0.350000,1575,1500
threshold,0.600000,,0.350000,5,0.511392,0.350000,1575,1500
threshold,0.600000,,0.350000,6,0.510460,0.350000,1575,1500
threshold,0.600000,,0.350000,7,0.512488,0.350000,1575,1500
threshold,0.600000,,0.350000,8,0.511398,0.350000,1575,614
threshold,0.600000,,0.350000,9,0.512693,0.350000,1575,1179
threshold,0.600000,,0.350000,10,0.509454,0.350000,1575,1500
threshold,0.600000,,0.350000,11,0.513508,0.350000,1575,1500
threshold,0.600000,,0.350000,12,0.509667,0.350000,1575,615
threshold,0.600000,,0.350000,13,0.509709,0.350000,1575,631
threshold,0.600000,,0.350000,14,0.508403,0.350000,1575,1500
threshold,0.600000,,0.350000,15,0.512019,0.350000,1575,1500
threshold,0.600000,,0.350000,16,0.510027,0.350000,1575,1500
threshold,0.600000,,0.350000,17,0.509793,0.350000,1575,1490
threshold,0.600000,,0.350000,18,0.511013,0.350000,1575,1500
threshold,0.600000,,0.350000,19,0.510013,0.350000,1575,631
threshold,0.600000,,0.350000,20,0.512309,0.350000,1575,1500
threshold,0.600000,,0.350000,21,0.511329,0.350000,1575,1500
threshold,0.600000,,0.350000,22,0.511347,0.350000,1575,866
threshold,0.600000,,0.350000,23,0.508953,0.350000,1575,1500
threshold,0.600000,,0.350000,24,0.513264,0.350000,1575,1500
threshold,0.600000,,0.350000,25,0.508486,0.350000,1575,1500
threshold,0.600000,,0.350000,26,0.513750,0.350000,1575,1500
threshold,0.600000,,0.350000,27,0.509870,0.350000,1575,1500
threshold,0.600000,,0.350000,28,0.510141,0.350000,1575,1500
threshold,0.600000,,0.350000,29,0.509282,0.350000,1575,1500
threshold,0.600000,,0.350000,30,0.509224,0.350000,1575,1500
threshold,0.600000,,0.350000,31,0.512182,0.350000,1575,1500
threshold,0.600000,,0.350000,32,0.511154,0.350000,1575,1500
threshold,0.600000,,0.350000,33,0.511776,0.350000,1575,1500
threshold,0.600000,,0.350000,34,0.511217,0.350000,1575,1500
threshold,0.600000,,0.350000,35,0.511740,0.350000,1575,629
threshold,0.600000,,0.350000,36,0.511370,0.350000,1575,1500
threshold,0.600000,,0.350000,37,0.512249,0.350000,1575,1500
threshold,0.600000,,0.350000,38,0.511871,0.350000,1575,1500
threshold,0.600000,,0.350000,39,0.510788,0.350000,1575,1500
threshold,0.600000,,0.350000,40,0.513157,0.350000,1575,564
threshold,0.600000,,0.350000,41,0.512046,0.350000,1575,1500
threshold,0.600000,,0.350000,42,0.510796,0.350000,1575,888
threshold,0.600000,,0.350000,43,0.513394,0.350000,1575,1500
threshold,0.600000,,0.350000,44,0.511346,0.350000,1575,1500
threshold,0.600000,,0.350000,45,0.509002,0.350000,1575,1182
threshold,0.600000,,0.350000,46,0.509432,0.350000,1575,1500
threshold,0.600000,,0.350000,47,0.510732,0.350000,1575,1500
threshold,0.600000,,0.350000,48,0.511404,0.350000,1575,1500
threshold,0.600000,,0.350000,49,0.512316,0.350000,1575,1500
threshold,0.600000,,0.400000,0,0.488129,0.399778,1799,1500
threshold,0.600000,,0.400000,1,0.489484,0.399778,1799,1500
threshold,0.600000,,0.400000,2,0.485167,0.399778,1799,1500
threshold,0.600000,,0.400000,3,0.486218,0.399778,1799,1500
threshold,0.600000,,0.400000,4,0.490237,0.399778,1799,1500
threshold,0.600000,,0.400000,5,0.487949,0.399778,1799,1500
threshold,0.600000,,0.400000,6,0.486393,0.399778,1799,708
threshold,0.600000,,0.400000,7,0.489942,0.399778,1799,849
threshold,0.600000,,0.400000,8,0.487284,0.399778,1799,1009
threshold,0.600000,,0.400000,9,0.489487,0.399778,1799,1500
threshold,0.600000,,0.400000,10,0.485331,0.399778,1799,1500
threshold,0.600000,,0.400000,11,0.489510,0.399778,1799,1500
threshold,0.600000,,0.400000,12,0.486925,0.399778,1799,1500
threshold,0.600000,,0.400000,13,0.487184,0.399778,1799,1500
threshold,0.600000,,0.400000,14,0.484275,0.399778,1799,1500
threshold,0.600000,,0.400000,15,0.488506,0.399778,1799,1500
threshold,0.600000,,0.400000,16,0.486841,0.399778,1799,1500
threshold,0.600000,,0.400000,17,0.486771,0.399778,1799,1500
threshold,0.600000,,0.400000,18,0.486724,0.399778,1799,1500
threshold,0.600000,,0.400000,19,0.486816,0.399778,1799,1500
threshold,0.600000,,0.400000,20,0.488760,0.399778,1799,1500
threshold,0.600000,,0.400000,21,0.487672,0.399778,1799,1500
threshold,0.600000,,0.400000,22,0.488623,0.399778,1799,1500
threshold,0.600000,,0.400000,23,0.485975,0.399778,1799,1500
threshold,0.600000,,0.400000,24,0.490890,0.399778,1799,1500
threshold,0.600000,,0.400000,25,0.485702,0.399778,1799,1500
threshold,0.600000,,0.400000,26,0.491133,0.399778,1799,1500
threshold,0.600000,,0.400000,27,0.486749,0.399778,1799,1500
threshold,0.600000,,0.400000,28,0.486502,0.399778,1799,1500
threshold,0.600000,,0.400000,29,0.486065,0.399778,1799,1500
threshold,0.600000,,0.400000,30,0.486777,0.399778,1799,1500
threshold,0.600000,,0.400000,31,0.488623,0.399778,1799,1500
threshold,0.600000,,0.400000,32,0.487204,0.399778,1799,1500
threshold,0.600000,,0.400000,33,0.488119,0.399778,1799,1500
threshold,0.600000,,0.400000,34,0.486697,0.399778,1799,1500
threshold,0.600000,,0.400000,35,0.487802,0.399778,1799,1500
threshold,0.600000,,0.400000,36,0.489210,0.399778,1799,788
threshold,0.600000,,0.400000,37,0.488312,0.399778,1799,1500
threshold,0.600000,,0.400000,38,0.488608,0.399778,1799,1500
threshold,0.600000,,0.400000,39,0.488021,0.399778,1799,1500
threshold,0.600000,,0.400000,40,0.490860,0.399778,1799,574
threshold,0.600000,,0.400000,41,0.487855,0.399778,1799,1500
threshold,0.600000,,0.400000,42,0.486094,0.399778,1799,1500
threshold,0.600000,,0.400000,43,0.487990,0.399778,1799,1500
threshold,0.600000,,0.400000,44,0.488196,0.399778,1799,1500
threshold,0.600000,,0.400000,45,0.486019,0.399778,1799,1500
threshold,0.600000,,0.400000,46,0.485310,0.399778,1799,1500
threshold,0.600000,,0.400000,47,0.485766,0.399778,1799,1500
threshold,0.600000,,0.400000,48,0.486496,0.399778,1799,1500
threshold,0.600000,,0.400000,49,0.488891,0.399778,1799,1500
threshold,0.600000,,0.450000,0,0.461350,0.449778,2024,1500
threshold,0.600000,,0.450000,1,0.463652,0.449778,2024,1500
threshold,0.600000,,0.450000,2,0.460023,0.449778,2024,1500
threshold,0.600000,,0.450000,3,0.462264,0.449778,2024,1500
threshold,0.600000,,0.450000,4,0.462817,0.449778,2024,1500
threshold,0.600000,,0.450000,5,0.462895,0.449778,2024,1500
threshold,0.600000,,0.450000,6,0.460218,0.449778,2024,1500
threshold,0.600000,,0.450000,7,0.462751,0.449778,2024,1500
threshold,0.600000,,0.450000,8,0.462063,0.449778,2024,1500
threshold,0.600000,,0.450000,9,0.464179,0.449778,2024,1500
threshold,0.600000,,0.450000,10,0.459326,0.449778,2024,1500
threshold,0.600000,,0.450000,11,0.464072,0.449778,2024,1500
threshold,0.600000,,0.450000,12,0.463440,0.449778,2024,1500
threshold,0.600000,,0.450000,13,0.461302,0.449778,2024,1500
threshold,0.600000,,0.450000,14,0.458746,0.449778,2024,1500
threshold,0.600000,,0.450000,15,0.462257,0.449778,2024,1500
threshold,0.600000,,0.450000,16,0.462023,0.449778,2024,1500
threshold,0.600000,,0.450000,17,0.460216,0.449778,2024,1500
threshold,0.600000,,0.450000,18,0.462226,0.449778,2024,1500
threshold,0.600000,,0.450000,19,0.460931,0.449778,2024,1500
threshold,0.600000,,0.450000,20,0.463215,0.449778,2024,1500
threshold,0.600000,,0.450000,21,0.462958,0.449778,2024,1500
threshold,0.600000,,0.450000,22,0.462456,0.449778,2024,1500
threshold,0.600000,,0.450000,23,0.460288,0.449778,2024,1500
threshold,0.600000,,0.450000,24,0.464606,0.449778,2024,1500
threshold,0.600000,,0.450000,25,0.460192,0.449778,2024,1500
threshold,0.600000,,0.450000,26,0.466014,0.449778,2024,1500
threshold,0.600000,,0.450000,27,0.462815,0.449778,2024,1500
threshold,0.600000,,0.450000,28,0.461896,0.449778,2024,1500
threshold,0.600000,,0.450000,29,0.459560,0.449778,2024,1500
threshold,0.600000,,0.450000,30,0.459975,0.449778,2024,1500
threshold,0.600000,,0.450000,31,0.461289,0.449778,2024,1500
threshold,0.600000,,0.450000,32,0.460295,0.449778,2024,1500
threshold,0.600000,,0.450000,33,0.463445,0.449778,2024,1500
threshold,0.600000,,0.450000,34,0.461714,0.449778,2024,1500
threshold,0.600000,,0.450000,35,0.462141,0.449778,2024,1500
threshold,0.600000,,0.450000,36,0.465451,0.449778,2024,1500
threshold,0.600000,,0.450000,37,0.462962,0.449778,2024,1500
threshold,0.600000,,0.450000,38,0.462725,0.449778,2024,1500
threshold,0.600000,,0.450000,39,0.462402,0.449778,2024,1500
threshold,0.600000,,0.450000,40,0.465201,0.449778,2024,1079
threshold,0.600000,,0.450000,41,0.462046,0.449778,2024,797
threshold,0.600000,,0.450000,42,0.461339,0.449778,2024,908
threshold,0.600000,,0.450000,43,0.463139,0.449778,2024,1500
threshold,0.600000,,0.450000,44,0.463265,0.449778,2024,1500
threshold,0.600000,,0.450000,45,0.462338,0.449778,2024,1500
threshold,0.600000,,0.450000,46,0.461375,0.449778,2024,1500
threshold,0.600000,,0.450000,47,0.460524,0.449778,2024,1500
threshold,0.600000,,0.450000,48,0.462191,0.449778,2024,1500
threshold,0.600000,,0.450000,49,0.460058,0.449778,2024,1500
threshold,0.600000,,0.500000,0,0.433934,0.499778,2249,1500
threshold,0.600000,,0.500000,1,0.436074,0.499778,2249,1500
threshold,0.600000,,0.500000,2,0.434503,0.499778,2249,1500
threshold,0.600000,,0.500000,3,0.432914,0.499778,2249,1500
threshold,0.600000,,0.500000,4,0.436566,0.499778,2249,1500
threshold,0.600000,,0.500000,5,0.434719,0.499778,2249,1500
threshold,0.600000,,0.500000,6,0.432170,0.499778,2249,1500
threshold,0.600000,,0.500000,7,0.437408,0.499778,2249,1500
threshold,0.600000,,0.500000,8,0.435186,0.499778,2249,1500
threshold,0.600000,,0.500000,9,0.436313,0.499778,2249,1500
threshold,0.600000,,0.500000,10,0.431401,0.499778,2249,1500
threshold,0.600000,,0.500000,11,0.436765,0.499778,2249,1500
threshold,0.600000,,0.500000,12,0.435948,0.499778,2249,1500
threshold,0.600000,,0.500000,13,0.434551,0.499778,2249,1500
threshold,0.600000,,0.500000,14,0.430519,0.499778,2249,1500
threshold,0.600000,,0.500000,15,0.433495,0.499778,2249,1500
threshold,0.600000,,0.500000,16,0.435482,0.499778,2249,1500
threshold,0.600000,,0.500000,17,0.432245,0.499778,2249,1500
threshold,0.600000,,0.500000,18,0.434771,0.499778,2249,1500
threshold,0.600000,,0.500000,19,0.434233,0.499778,2249,1500
threshold,0.600000,,0.500000,20,0.435000,0.499778,2249,1500
threshold,0.600000,,0.500000,21,0.435239,0.499778,2249,1500
threshold,0.600000,,0.500000,22,0.434641,0.499778,2249,1500
threshold,0.600000,,0.500000,23,0.434577,0.499778,2249,1500
threshold,0.600000,,0.500000,24,0.437193,0.499778,2249,1500
threshold,0.600000,,0.500000,25,0.432756,0.499778,2249,1500
threshold,0.600000,,0.500000,26,0.438729,0.499778,2249,1500
threshold,0.600000,,0.500000,27,0.436457,0.499778,2249,1500
threshold,0.600000,,0.500000,28,0.436557,0.499778,2249,1500
threshold,0.600000,,0.500000,29,0.430298,0.499778,2249,1500
threshold,0.600000,,0.500000,30,0.431442,0.499778,2249,1500
threshold,0.600000,,0.500000,31,0.434545,0.499778,2249,1500
threshold,0.600000,,0.500000,32,0.433720,0.499778,2249,1500
threshold,0.600000,,0.500000,33,0.435595,0.499778,2249,1500
threshold,0.600000,,0.500000,34,0.433807,0.499778,2249,1500
threshold,0.600000,,0.500000,35,0.435578,0.499778,2249,1500
threshold,0.600000,,0.500000,36,0.439634,0.499778,2249,1500
threshold,0.600000,,0.500000,37,0.435413,0.499778,2249,1500
threshold,0.600000,,0.500000,38,0.435334,0.499778,2249,1500
threshold,0.600000,,0.500000,39,0.436036,0.499778,2249,1500
threshold,0.600000,,0.500000,40,0.438275,0.499778,2249,1500
threshold,0.600000,,0.500000,41,0.434362,0.499778,2249,1500
threshold,0.600000,,0.500000,42,0.434512,0.499778,2249,1500
threshold,0.600000,,0.500000,43,0.435781,0.499778,2249,1500
threshold,0.600000,,0.500000,44,0.435911,0.499778,2249,1500
threshold,0.600000,,0.500000,45,0.435493,0.499778,2249,1500
threshold,0.600000,,0.500000,46,0.432934,0.499778,2249,1500
threshold,0.600000,,0.500000,47,0.431521,0.499778,2249,1500
threshold,0.600000,,0.500000,48,0.435353,0.499778,2249,1500
threshold,0.600000,,0.500000,49,0.431608,0.499778,2249,1500
threshold,0.600000,,0.550000,0,0.404224,0.549778,2474,1500
threshold,0.600000,,0.550000,1,0.407141,0.549778,2474,1500
threshold,0.600000,,0.550000,2,0.405334,0.549778,2474,1500
threshold,0.600000,,0.550000,3,0.405744,0.549778,2474,1500
threshold,0.600000,,0.550000,4,0.406024,0.549778,2474,1500
threshold,0.600000,,0.550000,5,0.405180,0.549778,2474,1500
threshold,0.600000,,0.550000,6,0.401968,0.549778,2474,1500
threshold,0.600000,,0.550000,7,0.409584,0.549778,2474,1500
threshold,0.600000,,0.550000,8,0.406616,0.549778,2474,1500
threshold,0.600000,,0.550000,9,0.408320,0.549778,2474,1500
threshold,0.600000,,0.550000,10,0.402612,0.549778,2474,1500
threshold,0.600000,,0.550000,11,0.407939,0.549778,2474,1500
threshold,0.600000,,0.550000,12,0.407498,0.549778,2474,1500
threshold,0.600000,,0.550000,13,0.406492,0.549778,2474,1500
threshold,0.600000,,0.550000,14,0.402309,0.549778,2474,1500
threshold,0.600000,,0.550000,15,0.404615,0.549778,2474,1500
threshold,0.600000,,0.550000,16,0.406850,0.549778,2474,1500
threshold,0.600000,,0.550000,17,0.404153,0.549778,2474,1500
threshold,0.600000,,0.550000,18,0.405836,0.549778,2474,1500
threshold,0.600000,,0.550000,19,0.406429,0.549778,2474,1500
threshold,0.600000,,0.550000,20,0.406970,0.549778,2474,1500
threshold,0.600000,,0.550000,21,0.406185,0.549778,2474,1500
threshold,0.600000,,0.550000,22,0.407427,0.549778,2474,1500
threshold,0.600000,,0.550000,23,0.405056,0.549778,2474,1500
threshold,0.600000,,0.550000,24,0.409444,0.549778,2474,1500
threshold,0.600000,,0.550000,25,0.405406,0.549778,2474,1500
threshold,0.600000,,0.550000,26,0.408449,0.549778,2474,1500
threshold,0.600000,,0.550000,27,0.408273,0.549778,2474,1500
threshold,0.600000,,0.550000,28,0.405696,0.549778,2474,1500
threshold,0.600000,,0.550000,29,0.399223,0.549778,2474,1500
threshold,0.600000,,0.550000,30,0.400797,0.549778,2474,1500
threshold,0.600000,,0.550000,31,0.405305,0.549778,2474,1500
threshold,0.600000,,0.550000,32,0.405100,0.549778,2474,1500
threshold,0.600000,,0.550000,33,0.407438,0.549778,2474,1500
threshold,0.600000,,0.550000,34,0.405299,0.549778,2474,1500
threshold,0.600000,,0.550000,35,0.407113,0.549778,2474,1500
threshold,0.600000,,0.550000,36,0.410832,0.549778,2474,1500
threshold,0.600000,,0.550000,37,0.408421,0.549778,2474,1500
threshold,0.600000,,0.550000,38,0.406773,0.549778,2474,1500
threshold,0.600000,,0.550000,39,0.406010,0.549778,2474,1500
threshold,0.600000,,0.550000,40,0.407823,0.549778,2474,1500
threshold,0.600000,,0.550000,41,0.405898,0.549778,2474,1500
threshold,0.600000,,0.550000,42,0.403912,0.549778,2474,1500
threshold,0.600000,,0.550000,43,0.406236,0.549778,2474,1500
threshold,0.600000,,0.550000,44,0.407471,0.549778,2474,1500
threshold,0.600000,,0.550000,45,0.406332,0.549778,2474,1500
threshold,0.600000,,0.550000,46,0.404119,0.549778,2474,1500
threshold,0.600000,,0.550000,47,0.401307,0.549778,2474,1500
threshold,0.600000,,0.550000,48,0.408735,0.549778,2474,1500
threshold,0.600000,,0.550000,49,0.402835,0.549778,2474,1500
threshold,0.600000,,0.600000,0,0.371906,0.599778,2699,1500
threshold,0.600000,,0.600000,1,0.376056,0.599778,2699,1500
threshold,0.600000,,0.600000,2,0.375191,0.599778,2699,1500
threshold,0.600000,,0.600000,3,0.374868,0.599778,2699,1500
threshold,0.600000,,0.600000,4,0.374366,0.599778,2699,1500
threshold,0.600000,,0.600000,5,0.372436,0.599778,2699,1500
threshold,0.600000,,0.600000,6,0.370824,0.599778,2699,1500
threshold,0.600000,,0.600000,7,0.377755,0.599778,2699,1500
threshold,0.600000,,0.600000,8,0.375619,0.599778,2699,1500
threshold,0.600000,,0.600000,9,0.377742,0.599778,2699,1500
threshold,0.600000,,0.600000,10,0.372263,0.599778,2699,1500
threshold,0.600000,,0.600000,11,0.376794,0.599778,2699,1500
threshold,0.600000,,0.600000,12,0.375158,0.599778,2699,1500
threshold,0.600000,,0.600000,13,0.374384,0.599778,2699,1500
threshold,0.600000,,0.600000,14,0.373304,0.599778,2699,1500
threshold,0.600000,,0.600000,15,0.372833,0.599778,2699,1500
threshold,0.600000,,0.600000,16,0.375665,0.599778,2699,1500
threshold,0.600000,,0.600000,17,0.373325,0.599778,2699,1500
threshold,0.600000,,0.600000,18,0.374590,0.599778,2699,1500
threshold,0.600000,,0.600000,19,0.373253,0.599778,2699,1500
threshold,0.600000,,0.600000,20,0.376190,0.599778,2699,1500
threshold,0.600000,,0.600000,21,0.374799,0.599778,2699,1500
threshold,0.600000,,0.600000,22,0.375729,0.599778,2699,1500
threshold,0.600000,,0.600000,23,0.373590,0.599778,2699,1500
threshold,0.600000,,0.600000,24,0.376248,0.599778,2699,1500
threshold,0.600000,,0.600000,25,0.373422,0.599778,2699,1500
threshold,0.600000,,0.600000,26,0.375859,0.599778,2699,1500
threshold,0.600000,,0.600000,27,0.376273,0.599778,2699,1500
threshold,0.600000,,0.600000,28,0.375735,0.599778,2699,1500
threshold,0.600000,,0.600000,29,0.369176,0.599778,2699,1500
threshold,0.600000,,0.600000,30,0.369503,0.599778,2699,1500
threshold,0.600000,,0.600000,31,0.373317,0.599778,2699,1500
threshold,0.600000,,0.600000,32,0.372209,0.599778,2699,1500
threshold,0.600000,,0.600000,33,0.377058,0.599778,2699,1500
threshold,0.600000,,0.600000,34,0.376185,0.599778,2699,1500
threshold,0.600000,,0.600000,35,0.375754,0.599778,2699,1500
threshold,0.600000,,0.600000,36,0.378721,0.599778,2699,1500
threshold,0.600000,,0.600000,37,0.377985,0.599778,2699,1500
threshold,0.600000,,0.600000,38,0.376404,0.599778,2699,1500
threshold,0.600000,,0.600000,39,0.373857,0.599778,2699,1500
threshold,0.600000,,0.600000,40,0.374514,0.599778,2699,1500
threshold,0.600000,,0.600000,41,0.376430,0.599778,2699,1500
threshold,0.600000,,0.600000,42,0.373345,0.599778,2699,1500
threshold,0.600000,,0.600000,43,0.375367,0.599778,2699,1500
threshold,0.600000,,0.600000,44,0.375954,0.599778,2699,1500
threshold,0.600000,,0.600000,45,0.374626,0.599778,2699,1500
threshold,0.600000,,0.600000,46,0.373181,0.599778,2699,1500
threshold,0.600000,,0.600000,47,0.370861,0.599778,2699,1500
threshold,0.600000,,0.600000,48,0.375244,0.599778,2699,1500
threshold,0.600000,,0.600000,49,0.371236,0.599778,2699,1500
threshold,0.600000,,0.650000,0,0.334901,0.649778,2924,1500
threshold,0.600000,,0.650000,1,0.338137,0.649778,2924,1500
threshold,0.600000,,0.650000,2,0.340963,0.649778,2924,1500
threshold,0.600000,,0.650000,3,0.340839,0.649778,2924,1500
threshold,0.600000,,0.650000,4,0.341135,0.649778,2924,1500
threshold,0.600000,,0.650000,5,0.338154,0.649778,2924,1500
threshold,0.600000,,0.650000,6,0.336774,0.649778,2924,1500
threshold,0.600000,,0.650000,7,0.343633,0.649778,2924,1500
threshold,0.600000,,0.650000,8,0.340596,0.649778,2924,1500
threshold,0.600000,,0.650000,9,0.341341,0.649778,2924,1500
threshold,0.600000,,0.650000,10,0.338517,0.649778,2924,1500
threshold,0.600000,,0.650000,11,0.341317,0.649778,2924,1500
threshold,0.600000,,0.650000,12,0.340769,0.649778,2924,1500
threshold,0.600000,,0.650000,13,0.338975,0.649778,2924,1500
threshold,0.600000,,0.650000,14,0.339584,0.649778,2924,1500
threshold,0.600000,,0.650000,15,0.337469,0.649778,2924,1500
threshold,0.600000,,0.650000,16,0.343007,0.649778,2924,1500
threshold,0.600000,,0.650000,17,0.337776,0.649778,2924,1500
threshold,0.600000,,0.650000,18,0.342451,0.649778,2924,1500
threshold,0.600000,,0.650000,19,0.341652,0.649778,2924,1500
threshold,0.600000,,0.650000,20,0.340963,0.649778,2924,1500
threshold,0.600000,,0.650000,21,0.341244,0.649778,2924,1500
threshold,0.600000,,0.650000,22,0.342270,0.649778,2924,1500
threshold,0.600000,,0.650000,23,0.339609,0.649778,2924,1500
threshold,0.600000,,0.650000,24,0.341627,0.649778,2924,1500
threshold,0.600000,,0.650000,25,0.340675,0.649778,2924,1500
threshold,0.600000,,0.650000,26,0.342047,0.649778,2924,1500
threshold,0.600000,,0.650000,27,0.342784,0.649778,2924,1500
threshold,0.600000,,0.650000,28,0.340677,0.649778,2924,1500
threshold,0.600000,,0.650000,29,0.333284,0.649778,2924,1500
threshold,0.600000,,0.650000,30,0.334827,0.649778,2924,1500
threshold,0.600000,,0.650000,31,0.340456,0.649778,2924,1500
threshold,0.600000,,0.650000,32,0.337856,0.649778,2924,1500
threshold,0.600000,,0.650000,33,0.343013,0.649778,2924,1500
threshold,0.600000,,0.650000,34,0.342914,0.649778,2924,1500
threshold,0.600000,,0.650000,35,0.342662,0.649778,2924,1500
threshold,0.600000,,0.650000,36,0.344074,0.649778,2924,1500
threshold,0.600000,,0.650000,37,0.343029,0.649778,2924,1500
threshold,0.600000,,0.650000,38,0.340204,0.649778,2924,1500
threshold,0.600000,,0.650000,39,0.339807,0.649778,2924,1500
threshold,0.600000,,0.650000,40,0.340182,0.649778,2924,1500
threshold,0.600000,,0.650000,41,0.342439,0.649778,2924,1500
threshold,0.600000,,0.650000,42,0.339545,0.649778,2924,1500
threshold,0.600000,,0.650000,43,0.341524,0.649778,2924,1500
threshold,0.600000,,0.650000,44,0.342751,0.649778,2924,1500
threshold,0.600000,,0.650000,45,0.343134,0.649778,2924,1500
threshold,0.600000,,0.650000,46,0.337726,0.649778,2924,1500
threshold,0.600000,,0.650000,47,0.335427,0.649778,2924,1500
threshold,0.600000,,0.650000,48,0.341821,0.649778,2924,1500
threshold,0.600000,,0.650000,49,0.337033,0.649778,2924,1500
threshold,0.600000,,0.700000,0,0.297238,0.700000,3150,1500
threshold,0.600000,,0.700000,1,0.299385,0.700000,3150,1500
threshold,0.600000,,0.700000,2,0.304610,0.700000,3150,1500
threshold,0.600000,,0.700000,3,0.304045,0.700000,3150,1500
threshold,0.600000,,0.700000,4,0.303261,0.700000,3150,1500
threshold,0.600000,,0.700000,5,0.300960,0.700000,3150,1500
threshold,0.600000,,0.700000,6,0.300783,0.700000,3150,1500
threshold,0.600000,,0.700000,7,0.306916,0.700000,3150,1500
threshold,0.600000,,0.700000,8,0.302171,0.700000,3150,1500
threshold,0.600000,,0.700000,9,0.305122,0.700000,3150,1500
threshold,0.600000,,0.700000,10,0.299801,0.700000,3150,1500
threshold,0.600000,,0.700000,11,0.303408,0.700000,3150,1500
threshold,0.600000,,0.700000,12,0.300898,0.700000,3150,1500
threshold,0.600000,,0.700000,13,0.302228,0.700000,3150,1500
threshold,0.600000,,0.700000,14,0.302713,0.700000,3150,1500
threshold,0.600000,,0.700000,15,0.300859,0.700000,3150,1500
threshold,0.600000,,0.700000,16,0.308731,0.700000,3150,1500
threshold,0.600000,,0.700000,17,0.299038,0.700000,3150,1500
threshold,0.600000,,0.700000,18,0.304078,0.700000,3150,1500
threshold,0.600000,,0.700000,19,0.301884,0.700000,3150,1500
threshold,0.600000,,0.700000,20,0.302606,0.700000,3150,1500
threshold,0.600000,,0.700000,21,0.304274,0.700000,3150,1500
threshold,0.600000,,0.700000,22,0.304903,0.700000,3150,1500
threshold,0.600000,,0.700000,23,0.302281,0.700000,3150,1500
threshold,0.600000,,0.700000,24,0.303552,0.700000,3150,1500
threshold,0.600000,,0.700000,25,0.304106,0.700000,3150,1500
threshold,0.600000,,0.700000,26,0.303856,0.700000,3150,1500
threshold,0.600000,,0.700000,27,0.306386,0.700000,3150,1500
threshold,0.600000,,0.700000,28,0.304181,0.700000,3150,1500
threshold,0.600000,,0.700000,29,0.296077,0.700000,3150,1500
threshold,0.600000,,0.700000,30,0.297660,0.700000,3150,1500
threshold,0.600000,,0.700000,31,0.302914,0.700000,3150,1500
threshold,0.600000,,0.700000,32,0.299830,0.700000,3150,1500
threshold,0.600000,,0.700000,33,0.304895,0.700000,3150,1500
threshold,0.600000,,0.700000,34,0.306218,0.700000,3150,1500
threshold,0.600000,,0.700000,35,0.305796,0.700000,3150,1500
threshold,0.600000,,0.700000,36,0.306013,0.700000,3150,1500
threshold,0.600000,,0.700000,37,0.305989,0.700000,3150,1500
threshold,0.600000,,0.700000,38,0.301880,0.700000,3150,1500
threshold,0.600000,,0.700000,39,0.302270,0.700000,3150,1500
threshold,0.600000,,0.700000,40,0.303477,0.700000,3150,1500
threshold,0.600000,,0.700000,41,0.305228,0.700000,3150,1500
threshold,0.600000,,0.700000,42,0.300162,0.700000,3150,1500
threshold,0.600000,,0.700000,43,0.304124,0.700000,3150,1500
threshold,0.600000,,0.700000,44,0.305420,0.700000,3150,1500
threshold,0.600000,,0.700000,45,0.305844,0.700000,3150,1500
threshold,0.600000,,0.700000,46,0.302685,0.700000,3150,1500
threshold,0.600000,,0.700000,47,0.298034,0.700000,3150,1500
threshold,0.600000,,0.700000,48,0.304321,0.700000,3150,1500
threshold,0.600000,,0.700000,49,0.301359,0.700000,3150,1500
threshold,0.600000,,0.750000,0,0.254510,0.750000,3375,1500
threshold,0.600000,,0.750000,1,0.255850,0.750000,3375,1500
threshold,0.600000,,0.750000,2,0.262819,0.750000,3375,1500
threshold,0.600000,,0.750000,3,0.263068,0.750000,3375,1500
threshold,0.600000,,0.750000,4,0.258988,0.750000,3375,1500
threshold,0.600000,,0.750000,5,0.257755,0.750000,3375,1500
threshold,0.600000,,0.750000,6,0.261357,0.750000,3375,1500
threshold,0.600000,,0.750000,7,0.265781,0.750000,3375,1500
threshold,0.600000,,0.750000,8,0.258199,0.750000,3375,1500
threshold,0.600000,,0.750000,9,0.264746,0.750000,3375,1500
threshold,0.600000,,0.750000,10,0.259185,0.750000,3375,1500
threshold,0.600000,,0.750000,11,0.260657,0.750000,3375,1500
threshold,0.600000,,0.750000,12,0.257747,0.750000,3375,1500
threshold,0.600000,,0.750000,13,0.264983,0.750000,3375,1500
threshold,0.600000,,0.750000,14,0.259593,0.750000,3375,1500
threshold,0.600000,,0.750000,15,0.257164,0.750000,3375,1500
threshold,0.600000,,0.750000,16,0.266085,0.750000,3375,1500
threshold,0.600000,,0.750000,17,0.256183,0.750000,3375,1500
threshold,0.600000,,0.750000,18,0.263539,0.750000,3375,1500
threshold,0.600000,,0.750000,19,0.260410,0.750000,3375,1500
threshold,0.600000,,0.750000,20,0.264065,0.750000,3375,1500
threshold,0.600000,,0.750000,21,0.262789,0.750000,3375,1500
threshold,0.600000,,0.750000,22,0.262981,0.750000,3375,1500
threshold,0.600000,,0.750000,23,0.260305,0.750000,3375,1500
threshold,0.600000,,0.750000,24,0.262043,0.750000,3375,1500
threshold,0.600000,,0.750000,25,0.263163,0.750000,3375,1500
threshold,0.600000,,0.750000,26,0.259126,0.750000,3375,1500
threshold,0.600000,,0.750000,27,0.265759,0.750000,3375,1500
threshold,0.600000,,0.750000,28,0.264462,0.750000,3375,1500
threshold,0.600000,,0.750000,29,0.255643,0.750000,3375,1500
threshold,0.600000,,0.750000,30,0.257016,0.750000,3375,1500
threshold,0.600000,,0.750000,31,0.261056,0.750000,3375,1500
threshold,0.600000,,0.750000,32,0.257069,0.750000,3375,1500
threshold,0.600000,,0.750000,33,0.262356,0.750000,3375,1500
threshold,0.600000,,0.750000,34,0.265410,0.750000,3375,1500
threshold,0.600000,,0.750000,35,0.265174,0.750000,3375,1500
threshold,0.600000,,0.750000,36,0.267201,0.750000,3375,1500
threshold,0.600000,,0.750000,37,0.266387,0.750000,3375,1500
threshold,0.600000,,0.750000,38,0.261487,0.750000,3375,1500
threshold,0.600000,,0.750000,39,0.260762,0.750000,3375,1500
threshold,0.600000,,0.750000,40,0.263032,0.750000,3375,1500
threshold,0.600000,,0.750000,41,0.263091,0.750000,3375,1500
threshold,0.600000,,0.750000,42,0.261439,0.750000,3375,1500
threshold,0.600000,,0.750000,43,0.264259,0.750000,3375,1500
threshold,0.600000,,0.750000,44,0.264370,0.750000,3375,1500
threshold,0.600000,,0.750000,45,0.265847,0.750000,3375,1500
threshold,0.600000,,0.750000,46,0.260729,0.750000,3375,1500
threshold,0.600000,,0.750000,47,0.258261,0.750000,3375,1500
threshold,0.600000,,0.750000,48,0.261011,0.750000,3375,1500
threshold,0.600000,,0.750000,49,0.263411,0.750000,3375,1500
threshold,0.600000,,0.755000,0,0.250346,0.754889,3397,1500
threshold,0.600000,,0.755000,1,0.251417,0.754889,3397,1500
threshold,0.600000,,0.755000,2,0.258669,0.754889,3397,1500
threshold,0.600000,,0.755000,3,0.258626,0.754889,3397,1500
threshold,0.600000,,0.755000,4,0.253722,0.754889,3397,1500
threshold,0.600000,,0.755000,5,0.253818,0.754889,3397,1500
threshold,0.600000,,0.755000,6,0.257398,0.754889,3397,1500
threshold,0.600000,,0.755000,7,0.261841,0.754889,3397,1500
threshold,0.600000,,0.755000,8,0.254003,0.754889,3397,1500
threshold,0.600000,,0.755000,9,0.260123,0.754889,3397,1500
threshold,0.600000,,0.755000,10,0.254815,0.754889,3397,1500
threshold,0.600000,,0.755000,11,0.256030,0.754889,3397,1500
threshold,0.600000,,0.755000,12,0.252771,0.754889,3397,1500
threshold,0.600000,,0.755000,13,0.260825,0.754889,3397,1500
threshold,0.600000,,0.755000,14,0.255228,0.754889,3397,1500
threshold,0.600000,,0.755000,15,0.253626,0.754889,3397,1500
threshold,0.600000,,0.755000,16,0.261892,0.754889,3397,1500
threshold,0.600000,,0.755000,17,0.251230,0.754889,3397,1500
threshold,0.600000,,0.755000,18,0.259310,0.754889,3397,1500
threshold,0.600000,,0.755000,19,0.255948,0.754889,3397,1500
threshold,0.600000,,0.755000,20,0.259386,0.754889,3397,1500
threshold,0.600000,,0.755000,21,0.258956,0.754889,3397,1500
threshold,0.600000,,0.755000,22,0.259281,0.754889,3397,1500
threshold,0.600000,,0.755000,23,0.255554,0.754889,3397,1500
threshold,0.600000,,0.755000,24,0.257843,0.754889,3397,1500
threshold,0.600000,,0.755000,25,0.259202,0.754889,3397,1500
threshold,0.600000,,0.755000,26,0.253499,0.754889,3397,1500
threshold,0.600000,,0.755000,27,0.261704,0.754889,3397,1500
threshold,0.600000,,0.755000,28,0.260479,0.754889,3397,1500
threshold,0.600000,,0.755000,29,0.250910,0.754889,3397,1500
threshold,0.600000,,0.755000,30,0.253002,0.754889,3397,1500
threshold,0.600000,,0.755000,31,0.256639,0.754889,3397,1500
threshold,0.600000,,0.755000,32,0.252800,0.754889,3397,1500
threshold,0.600000,,0.755000,33,0.258465,0.754889,3397,1500
threshold,0.600000,,0.755000,34,0.261156,0.754889,3397,1500
threshold,0.600000,,0.755000,35,0.260898,0.754889,3397,1500
threshold,0.600000,,0.755000,36,0.263534,0.754889,3397,1500
threshold,0.600000,,0.755000,37,0.261518,0.754889,3397,1500
threshold,0.600000,,0.755000,38,0.256892,0.754889,3397,1500
threshold,0.600000,,0.755000,39,0.255724,0.754889,3397,1500
threshold,0.600000,,0.755000,40,0.258331,0.754889,3397,1500
threshold,0.600000,,0.755000,41,0.259517,0.754889,3397,1500
threshold,0.600000,,0.755000,42,0.256793,0.754889,3397,1500
threshold,0.600000,,0.755000,43,0.259853,0.754889,3397,1500
threshold,0.600000,,0.755000,44,0.259946,0.754889,3397,1500
threshold,0.600000,,0.755000,45,0.261750,0.754889,3397,1500
threshold,0.600000,,0.755000,46,0.256010,0.754889,3397,1500
threshold,0.600000,,0.755000,47,0.254275,0.754889,3397,1500
threshold,0.600000,,0.755000,48,0.256176,0.754889,3397,1500
threshold,0.600000,,0.755000,49,0.258839,0.754889,3397,1500
threshold,0.600000,,0.760000,0,0.246317,0.760000,3420,1500
threshold,0.600000,,0.760000,1,0.246338,0.760000,3420,1500
threshold,0.600000,,0.760000,2,0.253564,0.760000,3420,1500
threshold,0.600000,,0.760000,3,0.253148,0.760000,3420,1500
threshold,0.600000,,0.760000,4,0.249258,0.760000,3420,1500
threshold,0.600000,,0.760000,5,0.248887,0.760000,3420,1500
threshold,0.600000,,0.760000,6,0.253653,0.760000,3420,1500
threshold,0.600000,,0.760000,7,0.256983,0.760000,3420,1500
threshold,0.600000,,0.760000,8,0.249906,0.760000,3420,1500
threshold,0.600000,,0.760000,9,0.255898,0.760000,3420,1500
threshold,0.600000,,0.760000,10,0.250805,0.760000,3420,1500
threshold,0.600000,,0.760000,11,0.250580,0.760000,3420,1500
threshold,0.600000,,0.760000,12,0.248613,0.760000,3420,1500
threshold,0.600000,,0.760000,13,0.256447,0.760000,3420,1500
threshold,0.600000,,0.760000,14,0.250985,0.760000,3420,1500
threshold,0.600000,,0.760000,15,0.249219,0.760000,3420,1500
threshold,0.600000,,0.760000,16,0.257106,0.760000,3420,1500
threshold,0.600000,,0.760000,17,0.246322,0.760000,3420,1500
threshold,0.600000,,0.760000,18,0.254991,0.760000,3420,1500
threshold,0.600000,,0.760000,19,0.251741,0.760000,3420,1500
threshold,0.600000,,0.760000,20,0.254480,0.760000,3420,1500
threshold,0.600000,,0.760000,21,0.254310,0.760000,3420,1500
threshold,0.600000,,0.760000,22,0.254655,0.760000,3420,1500
threshold,0.600000,,0.760000,23,0.249880,0.760000,3420,1500
threshold,0.600000,,0.760000,24,0.253402,0.760000,3420,1500
threshold,0.600000,,0.760000,25,0.254602,0.760000,3420,1500
threshold,0.600000,,0.760000,26,0.249269,0.760000,3420,1500
threshold,0.600000,,0.760000,27,0.257181,0.760000,3420,1500
threshold,0.600000,,0.760000,28,0.255703,0.760000,3420,1500
threshold,0.600000,,0.760000,29,0.247043,0.760000,3420,1500
threshold,0.600000,,0.760000,30,0.248088,0.760000,3420,1500
threshold,0.600000,,0.760000,31,0.252057,0.760000,3420,1500
threshold,0.600000,,0.760000,32,0.248223,0.760000,3420,1500
threshold,0.600000,,0.760000,33,0.253381,0.760000,3420,1500
threshold,0.600000,,0.760000,34,0.256659,0.760000,3420,1500
threshold,0.600000,,0.760000,35,0.257002,0.760000,3420,1500
threshold,0.600000,,0.760000,36,0.258157,0.760000,3420,1500
threshold,0.600000,,0.760000,37,0.256883,0.760000,3420,1500
threshold,0.600000,,0.760000,38,0.251774,0.760000,3420,1500
threshold,0.600000,,0.760000,39,0.250728,0.760000,3420,1500
threshold,0.600000,,0.760000,40,0.253014,0.760000,3420,1500
threshold,0.600000,,0.760000,41,0.254836,0.760000,3420,1500
threshold,0.600000,,0.760000,42,0.251031,0.760000,3420,1500
threshold,0.600000,,0.760000,43,0.254298,0.760000,3420,1500
threshold,0.600000,,0.760000,44,0.255893,0.760000,3420,1500
threshold,0.600000,,0.760000,45,0.257377,0.760000,3420,1500
threshold,0.600000,,0.760000,46,0.251875,0.760000,3420,1500
threshold,0.600000,,0.760000,47,0.249875,0.760000,3420,1500
threshold,0.600000,,0.760000,48,0.251634,0.760000,3420,1500
threshold,0.600000,,0.760000,49,0.254454,0.760000,3420,1500
threshold,0.600000,,0.765000,0,0.242490,0.764889,3442,1500
threshold,0.600000,,0.765000,1,0.242499,0.764889,3442,1500
threshold,0.600000,,0.765000,2,0.248896,0.764889,3442,1500
threshold,0.600000,,0.765000,3,0.248280,0.764889,3442,1500
threshold,0.600000,,0.765000,4,0.244399,0.764889,3442,1500
threshold,0.600000,,0.765000,5,0.244556,0.764889,3442,1500
threshold,0.600000,,0.765000,6,0.249003,0.764889,3442,1500
threshold,0.600000,,0.765000,7,0.251842,0.764889,3442,1500
threshold,0.600000,,0.765000,8,0.245979,0.764889,3442,1500
threshold,0.600000,,0.765000,9,0.251622,0.764889,3442,1500
threshold,0.600000,,0.765000,10,0.246588,0.764889,3442,1500
threshold,0.600000,,0.765000,11,0.246700,0.764889,3442,1500
threshold,0.600000,,0.765000,12,0.245176,0.764889,3442,1500
threshold,0.600000,,0.765000,13,0.251580,0.764889,3442,1500
threshold,0.600000,,0.765000,14,0.247103,0.764889,3442,1500
threshold,0.600000,,0.765000,15,0.244507,0.764889,3442,1500
threshold,0.600000,,0.765000,16,0.253251,0.764889,3442,1500
threshold,0.600000,,0.765000,17,0.241894,0.764889,3442,1500
threshold,0.600000,,0.765000,18,0.251289,0.764889,3442,1500
threshold,0.600000,,0.765000,19,0.247862,0.764889,3442,1500
threshold,0.600000,,0.765000,20,0.250164,0.764889,3442,1500
threshold,0.600000,,0.765000,21,0.250398,0.764889,3442,1500
threshold,0.600000,,0.765000,22,0.250988,0.764889,3442,1500
threshold,0.600000,,0.765000,23,0.245703,0.764889,3442,1500
threshold,0.600000,,0.765000,24,0.248797,0.764889,3442,1500
threshold,0.600000,,0.765000,25,0.249615,0.764889,3442,1500
threshold,0.600000,,0.765000,26,0.243860,0.764889,3442,1500
threshold,0.600000,,0.765000,27,0.252367,0.764889,3442,1500
threshold,0.600000,,0.765000,28,0.251288,0.764889,3442,1500
threshold,0.600000,,0.765000,29,0.242860,0.764889,3442,1500
threshold,0.600000,,0.765000,30,0.243918,0.764889,3442,1500
threshold,0.600000,,0.765000,31,0.247839,0.764889,3442,1500
threshold,0.600000,,0.765000,32,0.243746,0.764889,3442,1500
threshold,0.600000,,0.765000,33,0.248632,0.764889,3442,1500
threshold,0.600000,,0.765000,34,0.252307,0.764889,3442,1500
threshold,0.600000,,0.765000,35,0.252249,0.764889,3442,1500
threshold,0.600000,,0.765000,36,0.253877,0.764889,3442,1500
threshold,0.600000,,0.765000,37,0.251942,0.764889,3442,1500
threshold,0.600000,,0.765000,38,0.247693,0.764889,3442,1500
threshold,0.600000,,0.765000,39,0.246542,0.764889,3442,1500
threshold,0.600000,,0.765000,40,0.248064,0.764889,3442,1500
threshold,0.600000,,0.765000,41,0.250702,0.764889,3442,1500
threshold,0.600000,,0.765000,42,0.247202,0.764889,3442,1500
threshold,0.600000,,0.765000,43,0.250475,0.764889,3442,1500
threshold,0.600000,,0.765000,44,0.250452,0.764889,3442,1500
threshold,0.600000,,0.765000,45,0.252926,0.764889,3442,1500
threshold,0.600000,,0.765000,46,0.246921,0.764889,3442,1500
threshold,0.600000,,0.765000,47,0.245971,0.764889,3442,1500
threshold,0.600000,,0.765000,48,0.247105,0.764889,3442,1500
threshold,0.600000,,0.765000,49,0.250537,0.764889,3442,1500
threshold,0.600000,,0.770000,0,0.237409,0.770000,3465,1500
threshold,0.600000,,0.770000,1,0.238623,0.770000,3465,1500
threshold,0.600000,,0.770000,2,0.244053,0.770000,3465,1500
threshold,0.600000,,0.770000,3,0.243980,0.770000,3465,1500
threshold,0.600000,,0.770000,4,0.239553,0.770000,3465,1500
threshold,0.600000,,0.770000,5,0.239978,0.770000,3465,1500
threshold,0.600000,,0.770000,6,0.245275,0.770000,3465,1500
threshold,0.600000,,0.770000,7,0.247422,0.770000,3465,1500
threshold,0.600000,,0.770000,8,0.240684,0.770000,3465,1500
threshold,0.600000,,0.770000,9,0.246904,0.770000,3465,1500
threshold,0.600000,,0.770000,10,0.242626,0.770000,3465,1500
threshold,0.600000,,0.770000,11,0.242251,0.770000,3465,1500
threshold,0.600000,,0.770000,12,0.240712,0.770000,3465,1500
threshold,0.600000,,0.770000,13,0.247739,0.770000,3465,1500
threshold,0.600000,,0.770000,14,0.241534,0.770000,3465,1500
threshold,0.600000,,0.770000,15,0.239612,0.770000,3465,1500
threshold,0.600000,,0.770000,16,0.248233,0.770000,3465,1500
threshold,0.600000,,0.770000,17,0.234972,0.770000,3465,1500
threshold,0.600000,,0.770000,18,0.246640,0.770000,3465,1500
threshold,0.600000,,0.770000,19,0.243416,0.770000,3465,1500
threshold,0.600000,,0.770000,20,0.245993,0.770000,3465,1500
threshold,0.600000,,0.770000,21,0.246267,0.770000,3465,1500
threshold,0.600000,,0.770000,22,0.246459,0.770000,3465,1500
threshold,0.600000,,0.770000,23,0.240943,0.770000,3465,1500
threshold,0.600000,,0.770000,24,0.244488,0.770000,3465,1500
threshold,0.600000,,0.770000,25,0.245108,0.770000,3465,1500
threshold,0.600000,,0.770000,26,0.237839,0.770000,3465,1500
threshold,0.600000,,0.770000,27,0.247610,0.770000,3465,1500
threshold,0.600000,,0.770000,28,0.247250,0.770000,3465,1500
threshold,0.600000,,0.770000,29,0.238345,0.770000,3465,1500
threshold,0.600000,,0.770000,30,0.239581,0.770000,3465,1500
threshold,0.600000,,0.770000,31,0.242916,0.770000,3465,1500
threshold,0.600000,,0.770000,32,0.238268,0.770000,3465,1500
threshold,0.600000,,0.770000,33,0.244280,0.770000,3465,1500
threshold,0.600000,,0.770000,34,0.246945,0.770000,3465,1500
threshold,0.600000,,0.770000,35,0.247895,0.770000,3465,1500
threshold,0.600000,,0.770000,36,0.249544,0.770000,3465,1500
threshold,0.600000,,0.770000,37,0.247480,0.770000,3465,1500
threshold,0.600000,,0.770000,38,0.243180,0.770000,3465,1500
threshold,0.600000,,0.770000,39,0.241687,0.770000,3465,1500
threshold,0.600000,,0.770000,40,0.243561,0.770000,3465,1500
threshold,0.600000,,0.770000,41,0.246352,0.770000,3465,1500
threshold,0.600000,,0.770000,42,0.242474,0.770000,3465,1500
threshold,0.600000,,0.770000,43,0.245752,0.770000,3465,1500
threshold,0.600000,,0.770000,44,0.245930,0.770000,3465,1500
threshold,0.600000,,0.770000,45,0.247580,0.770000,3465,1500
threshold,0.600000,,0.770000,46,0.242388,0.770000,3465,1500
threshold,0.600000,,0.770000,47,0.241181,0.770000,3465,1500
threshold,0.600000,,0.770000,48,0.242788,0.770000,3465,1500
threshold,0.600000,,0.770000,49,0.246723,0.770000,3465,1500
threshold,0.600000,,0.775000,0,0.233396,0.774889,3487,1500
threshold,0.600000,,0.775000,1,0.233911,0.774889,3487,1500
threshold,0.600000,,0.775000,2,0.238149,0.774889,3487,1500
threshold,0.600000,,0.775000,3,0.239625,0.774889,3487,1500
threshold,0.600000,,0.775000,4,0.235651,0.774889,3487,1500
threshold,0.600000,,0.775000,5,0.235000,0.774889,3487,1500
threshold,0.600000,,0.775000,6,0.241328,0.774889,3487,1500
threshold,0.600000,,0.775000,7,0.242831,0.774889,3487,1500
threshold,0.600000,,0.775000,8,0.236068,0.774889,3487,1500
threshold,0.600000,,0.775000,9,0.242510,0.774889,3487,1500
threshold,0.600000,,0.775000,10,0.237641,0.774889,3487,1500
threshold,0.600000,,0.775000,11,0.238357,0.774889,3487,1500
threshold,0.600000,,0.775000,12,0.236385,0.774889,3487,1500
threshold,0.600000,,0.775000,13,0.242788,0.774889,3487,1500
threshold,0.600000,,0.775000,14,0.236761,0.774889,3487,1500
threshold,0.600000,,0.775000,15,0.235212,0.774889,3487,1500
threshold,0.600000,,0.775000,16,0.244064,0.774889,3487,1500
threshold,0.600000,,0.775000,17,0.230715,0.774889,3487,1500
threshold,0.600000,,0.775000,18,0.241262,0.774889,3487,1500
threshold,0.600000,,0.775000,19,0.239485,0.774889,3487,1500
threshold,0.600000,,0.775000,20,0.240975,0.774889,3487,1500
threshold,0.600000,,0.775000,21,0.241655,0.774889,3487,1500
threshold,0.600000,,0.775000,22,0.242155,0.774889,3487,1500
threshold,0.600000,,0.775000,23,0.236790,0.774889,3487,1500
threshold,0.600000,,0.775000,24,0.239212,0.774889,3487,1500
threshold,0.600000,,0.775000,25,0.241584,0.774889,3487,1500
threshold,0.600000,,0.775000,26,0.233457,0.774889,3487,1500
threshold,0.600000,,0.775000,27,0.243310,0.774889,3487,1500
threshold,0.600000,,0.775000,28,0.242363,0.774889,3487,1500
threshold,0.600000,,0.775000,29,0.233639,0.774889,3487,1500
threshold,0.600000,,0.775000,30,0.235085,0.774889,3487,1500
threshold,0.600000,,0.775000,31,0.238575,0.774889,3487,1500
threshold,0.600000,,0.775000,32,0.233678,0.774889,3487,1500
threshold,0.600000,,0.775000,33,0.240087,0.774889,3487,1500
threshold,0.600000,,0.775000,34,0.241801,0.774889,3487,1500
threshold,0.600000,,0.775000,35,0.242972,0.774889,3487,1500
threshold,0.600000,,0.775000,36,0.245652,0.774889,3487,1500
threshold,0.600000,,0.775000,37,0.243050,0.774889,3487,1500
threshold,0.600000,,0.775000,38,0.238460,0.774889,3487,1500
threshold,0.600000,,0.775000,39,0.237311,0.774889,3487,1500
threshold,0.600000,,0.775000,40,0.239202,0.774889,3487,1500
threshold,0.600000,,0.775000,41,0.242300,0.774889,3487,1500
threshold,0.600000,,0.775000,42,0.237546,0.774889,3487,1500
threshold,0.600000,,0.775000,43,0.241038,0.774889,3487,1500
threshold,0.600000,,0.775000,44,0.241522,0.774889,3487,1500
threshold,0.600000,,0.775000,45,0.243534,0.774889,3487,1500
threshold,0.600000,,0.775000,46,0.238019,0.774889,3487,1500
threshold,0.600000,,0.775000,47,0.237232,0.774889,3487,1500
threshold,0.600000,,0.775000,48,0.237257,0.774889,3487,1500
threshold,0.600000,,0.775000,49,0.241876,0.774889,3487,1500
threshold,0.600000,,0.780000,0,0.228587,0.780000,3510,1500
threshold,0.600000,,0.780000,1,0.229814,0.780000,3510,1500
threshold,0.600000,,0.780000,2,0.234180,0.780000,3510,1500
threshold,0.600000,,0.780000,3,0.234761,0.780000,3510,1500
threshold,0.600000,,0.780000,4,0.230726,0.780000,3510,1500
threshold,0.600000,,0.780000,5,0.230308,0.780000,3510,1500
threshold,0.600000,,0.780000,6,0.236326,0.780000,3510,1500
threshold,0.600000,,0.780000,7,0.238447,0.780000,3510,1500
threshold,0.600000,,0.780000,8,0.230593,0.780000,3510,1500
threshold,0.600000,,0.780000,9,0.237080,0.780000,3510,1500
threshold,0.600000,,0.780000,10,0.233090,0.780000,3510,1500
threshold,0.600000,,0.780000,11,0.233806,0.780000,3510,1500
threshold,0.600000,,0.780000,12,0.231879,0.780000,3510,1500
threshold,0.600000,,0.780000,13,0.238439,0.780000,3510,1500
threshold,0.600000,,0.780000,14,0.231668,0.780000,3510,1500
threshold,0.600000,,0.780000,15,0.230774,0.780000,3510,1500
threshold,0.600000,,0.780000,16,0.239876,0.780000,3510,1500
threshold,0.600000,,0.780000,17,0.225832,0.780000,3510,1500
threshold,0.600000,,0.780000,18,0.236899,0.780000,3510,1500
threshold,0.600000,,0.780000,19,0.234101,0.780000,3510,1500
threshold,0.600000,,0.780000,20,0.236281,0.780000,3510,1500
threshold,0.600000,,0.780000,21,0.237084,0.780000,3510,1500
threshold,0.600000,,0.780000,22,0.237342,0.780000,3510,1500
threshold,0.600000,,0.780000,23,0.232101,0.780000,3510,1500
threshold,0.600000,,0.780000,24,0.234608,0.780000,3510,1500
threshold,0.600000,,0.780000,25,0.237124,0.780000,3510,1500
threshold,0.600000,,0.780000,26,0.228266,0.780000,3510,1500
threshold,0.600000,,0.780000,27,0.237482,0.780000,3510,1500
threshold,0.600000,,0.780000,28,0.237988,0.780000,3510,1500
threshold,0.600000,,0.780000,29,0.229498,0.780000,3510,1500
threshold,0.600000,,0.780000,30,0.230374,0.780000,3510,1500
threshold,0.600000,,0.780000,31,0.233949,0.780000,3510,1500
threshold,0.600000,,0.780000,32,0.229975,0.780000,3510,1500
threshold,0.600000,,0.780000,33,0.235209,0.780000,3510,1500
threshold,0.600000,,0.780000,34,0.236667,0.780000,3510,1500
threshold,0.600000,,0.780000,35,0.238518,0.780000,3510,1500
threshold,0.600000,,0.780000,36,0.240387,0.780000,3510,1500
threshold,0.600000,,0.780000,37,0.239030,0.780000,3510,1500
threshold,0.600000,,0.780000,38,0.232763,0.780000,3510,1500
threshold,0.600000,,0.780000,39,0.232882,0.780000,3510,1500
threshold,0.600000,,0.780000,40,0.234475,0.780000,3510,1500
threshold,0.600000,,0.780000,41,0.238527,0.780000,3510,1500
threshold,0.600000,,0.780000,42,0.232440,0.780000,3510,1500
threshold,0.600000,,0.780000,43,0.236095,0.780000,3510,1500
threshold,0.600000,,0.780000,44,0.236556,0.780000,3510,1500
threshold,0.600000,,0.780000,45,0.238965,0.780000,3510,1500
threshold,0.600000,,0.780000,46,0.233258,0.780000,3510,1500
threshold,0.600000,,0.780000,47,0.232395,0.780000,3510,1500
threshold,0.600000,,0.780000,48,0.232185,0.780000,3510,1500
threshold,0.600000,,0.780000,49,0.237133,0.780000,3510,1500
threshold,0.600000,,0.785000,0,0.223921,0.784889,3532,1500
threshold,0.600000,,0.785000,1,0.225264,0.784889,3532,1500
threshold,0.600000,,0.785000,2,0.229598,0.784889,3532,1500
threshold,0.600000,,0.785000,3,0.230491,0.784889,3532,1500
threshold,0.600000,,0.785000,4,0.226490,0.784889,3532,1500
threshold,0.600000,,0.785000,5,0.225027,0.784889,3532,1500
threshold,0.600000,,0.785000,6,0.232183,0.784889,3532,1500
threshold,0.600000,,0.785000,7,0.232116,0.784889,3532,1500
threshold,0.600000,,0.785000,8,0.226530,0.784889,3532,1500
threshold,0.600000,,0.785000,9,0.232555,0.784889,3532,1500
threshold,0.600000,,0.785000,10,0.229028,0.784889,3532,1500
threshold,0.600000,,0.785000,11,0.228345,0.784889,3532,1500
threshold,0.600000,,0.785000,12,0.227622,0.784889,3532,1500
threshold,0.600000,,0.785000,13,0.233700,0.784889,3532,1500
threshold,0.600000,,0.785000,14,0.227609,0.784889,3532,1500
threshold,0.600000,,0.785000,15,0.226123,0.784889,3532,1500
threshold,0.600000,,0.785000,16,0.235501,0.784889,3532,1500
threshold,0.600000,,0.785000,17,0.221956,0.784889,3532,1500
threshold,0.600000,,0.785000,18,0.232984,0.784889,3532,1500
threshold,0.600000,,0.785000,19,0.229546,0.784889,3532,1500
threshold,0.600000,,0.785000,20,0.231097,0.784889,3532,1500
threshold,0.600000,,0.785000,21,0.232107,0.784889,3532,1500
threshold,0.600000,,0.785000,22,0.232813,0.784889,3532,1500
threshold,0.600000,,0.785000,23,0.227409,0.784889,3532,1500
threshold,0.600000,,0.785000,24,0.229821,0.784889,3532,1500
threshold,0.600000,,0.785000,25,0.233184,0.784889,3532,1500
threshold,0.600000,,0.785000,26,0.223641,0.784889,3532,1500
threshold,0.600000,,0.785000,27,0.232171,0.784889,3532,1500
threshold,0.600000,,0.785000,28,0.233105,0.784889,3532,1500
threshold,0.600000,,0.785000,29,0.225127,0.784889,3532,1500
threshold,0.600000,,0.785000,30,0.226409,0.784889,3532,1500
threshold,0.600000,,0.785000,31,0.229512,0.784889,3532,1500
threshold,0.600000,,0.785000,32,0.225479,0.784889,3532,1500
threshold,0.600000,,0.785000,33,0.230527,0.784889,3532,1500
threshold,0.600000,,0.785000,34,0.232269,0.784889,3532,1500
threshold,0.600000,,0.785000,35,0.233332,0.784889,3532,1500
threshold,0.600000,,0.785000,36,0.235909,0.784889,3532,1500
threshold,0.600000,,0.785000,37,0.234793,0.784889,3532,1500
threshold,0.600000,,0.785000,38,0.228576,0.784889,3532,1500
threshold,0.600000,,0.785000,39,0.228196,0.784889,3532,1500
threshold,0.600000,,0.785000,40,0.230422,0.784889,3532,1500
threshold,0.600000,,0.785000,41,0.233302,0.784889,3532,1500
threshold,0.600000,,0.785000,42,0.227945,0.784889,3532,1500
threshold,0.600000,,0.785000,43,0.231447,0.784889,3532,1500
threshold,0.600000,,0.785000,44,0.231106,0.784889,3532,1500
threshold,0.600000,,0.785000,45,0.234157,0.784889,3532,1500
threshold,0.600000,,0.785000,46,0.228496,0.784889,3532,1500
threshold,0.600000,,0.785000,47,0.227824,0.784889,3532,1500
threshold,0.600000,,0.785000,48,0.227458,0.784889,3532,1500
threshold,0.600000,,0.785000,49,0.232652,0.784889,3532,1500
threshold,0.600000,,0.790000,0,0.219029,0.790000,3555,1500
threshold,0.600000,,0.790000,1,0.220356,0.790000,3555,1500
threshold,0.600000,,0.790000,2,0.224862,0.790000,3555,1500
threshold,0.600000,,0.790000,3,0.224742,0.790000,3555,1500
threshold,0.600000,,0.790000,4,0.222215,0.790000,3555,1500
threshold,0.600000,,0.790000,5,0.220338,0.790000,3555,1500
threshold,0.600000,,0.790000,6,0.227441,0.790000,3555,1500
threshold,0.600000,,0.790000,7,0.226942,0.790000,3555,1500
threshold,0.600000,,0.790000,8,0.220786,0.790000,3555,1500
threshold,0.600000,,0.790000,9,0.227453,0.790000,3555,1500
threshold,0.600000,,0.790000,10,0.223913,0.790000,3555,1500
threshold,0.600000,,0.790000,11,0.223813,0.790000,3555,1500
threshold,0.600000,,0.790000,12,0.223021,0.790000,3555,1500
threshold,0.600000,,0.790000,13,0.229486,0.790000,3555,1500
threshold,0.600000,,0.790000,14,0.222741,0.790000,3555,1500
threshold,0.600000,,0.790000,15,0.220071,0.790000,3555,1500
threshold,0.600000,,0.790000,16,0.231169,0.790000,3555,1500
threshold,0.600000,,0.790000,17,0.217798,0.790000,3555,1500
threshold,0.600000,,0.790000,18,0.228300,0.790000,3555,1500
threshold,0.600000,,0.790000,19,0.224723,0.790000,3555,1500
threshold,0.600000,,0.790000,20,0.226050,0.790000,3555,1500
threshold,0.600000,,0.790000,21,0.226774,0.790000,3555,1500
threshold,0.600000,,0.790000,22,0.227925,0.790000,3555,1500
threshold,0.600000,,0.790000,23,0.223008,0.790000,3555,1500
threshold,0.600000,,0.790000,24,0.224363,0.790000,3555,1500
threshold,0.600000,,0.790000,25,0.228305,0.790000,3555,1500
threshold,0.600000,,0.790000,26,0.218756,0.790000,3555,1500
threshold,0.600000,,0.790000,27,0.226566,0.790000,3555,1500
threshold,0.600000,,0.790000,28,0.228155,0.790000,3555,1500
threshold,0.600000,,0.790000,29,0.220764,0.790000,3555,1500
threshold,0.600000,,0.790000,30,0.221414,0.790000,3555,1500
threshold,0.600000,,0.790000,31,0.224532,0.790000,3555,1500
threshold,0.600000,,0.790000,32,0.220895,0.790000,3555,1500
threshold,0.600000,,0.790000,33,0.225558,0.790000,3555,1500
threshold,0.600000,,0.790000,34,0.227076,0.790000,3555,1500
threshold,0.600000,,0.790000,35,0.228335,0.790000,3555,1500
threshold,0.600000,,0.790000,36,0.230646,0.790000,3555,1500
threshold,0.600000,,0.790000,37,0.228726,0.790000,3555,1500
threshold,0.600000,,0.790000,38,0.224108,0.790000,3555,1500
threshold,0.600000,,0.790000,39,0.222799,0.790000,3555,1500
threshold,0.600000,,0.790000,40,0.225375,0.790000,3555,1500
threshold,0.600000,,0.790000,41,0.228427,0.790000,3555,1500
threshold,0.600000,,0.790000,42,0.222982,0.790000,3555,1500
threshold,0.600000,,0.790000,43,0.227294,0.790000,3555,1500
threshold,0.600000,,0.790000,44,0.225587,0.790000,3555,1500
threshold,0.600000,,0.790000,45,0.229923,0.790000,3555,1500
threshold,0.600000,,0.790000,46,0.223291,0.790000,3555,1500
threshold,0.600000,,0.790000,47,0.223508,0.790000,3555,1500
threshold,0.600000,,0.790000,48,0.222355,0.790000,3555,1500
threshold,0.600000,,0.790000,49,0.227342,0.790000,3555,1500
threshold,0.600000,,0.795000,0,0.214258,0.794889,3577,1500
threshold,0.600000,,0.795000,1,0.215871,0.794889,3577,1500
threshold,0.600000,,0.795000,2,0.219684,0.794889,3577,1500
threshold,0.600000,,0.795000,3,0.220063,0.794889,3577,1500
threshold,0.600000,,0.795000,4,0.217965,0.794889,3577,1500
threshold,0.600000,,0.795000,5,0.215341,0.794889,3577,1500
threshold,0.600000,,0.795000,6,0.223440,0.794889,3577,1500
threshold,0.600000,,0.795000,7,0.222303,0.794889,3577,1500
threshold,0.600000,,0.795000,8,0.215050,0.794889,3577,1500
threshold,0.600000,,0.795000,9,0.223212,0.794889,3577,1500
threshold,0.600000,,0.795000,10,0.219040,0.794889,3577,1500
threshold,0.600000,,0.795000,11,0.219679,0.794889,3577,1500
threshold,0.600000,,0.795000,12,0.218036,0.794889,3577,1500
threshold,0.600000,,0.795000,13,0.225596,0.794889,3577,1500
threshold,0.600000,,0.795000,14,0.218713,0.794889,3577,1500
threshold,0.600000,,0.795000,15,0.213263,0.794889,3577,1500
threshold,0.600000,,0.795000,16,0.226409,0.794889,3577,1500
threshold,0.600000,,0.795000,17,0.212600,0.794889,3577,1500
threshold,0.600000,,0.795000,18,0.223524,0.794889,3577,1500
threshold,0.600000,,0.795000,19,0.220428,0.794889,3577,1500
threshold,0.600000,,0.795000,20,0.221458,0.794889,3577,1500
threshold,0.600000,,0.795000,21,0.221271,0.794889,3577,1500
threshold,0.600000,,0.795000,22,0.223389,0.794889,3577,1500
threshold,0.600000,,0.795000,23,0.218475,0.794889,3577,1500
threshold,0.600000,,0.795000,24,0.219616,0.794889,3577,1500
threshold,0.600000,,0.795000,25,0.222816,0.794889,3577,1500
threshold,0.600000,,0.795000,26,0.214703,0.794889,3577,1500
threshold,0.600000,,0.795000,27,0.221396,0.794889,3577,1500
threshold,0.600000,,0.795000,28,0.223782,0.794889,3577,1500
threshold,0.600000,,0.795000,29,0.216366,0.794889,3577,1500
threshold,0.600000,,0.795000,30,0.217140,0.794889,3577,1500
threshold,0.600000,,0.795000,31,0.219841,0.794889,3577,1500
threshold,0.600000,,0.795000,32,0.216828,0.794889,3577,1500
threshold,0.600000,,0.795000,33,0.220029,0.794889,3577,1500
threshold,0.600000,,0.795000,34,0.222808,0.794889,3577,1500
threshold,0.600000,,0.795000,35,0.223665,0.794889,3577,1500
threshold,0.600000,,0.795000,36,0.225938,0.794889,3577,1500
threshold,0.600000,,0.795000,37,0.224291,0.794889,3577,1500
threshold,0.600000,,0.795000,38,0.219781,0.794889,3577,1500
threshold,0.600000,,0.795000,39,0.217573,0.794889,3577,1500
threshold,0.600000,,0.795000,40,0.220009,0.794889,3577,1500
threshold,0.600000,,0.795000,41,0.223877,0.794889,3577,1500
threshold,0.600000,,0.795000,42,0.217874,0.794889,3577,1500
threshold,0.600000,,0.795000,43,0.222231,0.794889,3577,1500
threshold,0.600000,,0.795000,44,0.220782,0.794889,3577,1500
threshold,0.600000,,0.795000,45,0.225825,0.794889,3577,1500
threshold,0.600000,,0.795000,46,0.218899,0.794889,3577,1500
threshold,0.600000,,0.795000,47,0.218616,0.794889,3577,1500
threshold,0.600000,,0.795000,48,0.216959,0.794889,3577,1500
threshold,0.600000,,0.795000,49,0.222782,0.794889,3577,1500
threshold,0.600000,,0.800000,0,0.209419,0.800000,3600,1500
threshold,0.600000,,0.800000,1,0.211211,0.800000,3600,1500
threshold,0.600000,,0.800000,2,0.214461,0.800000,3600,1500
threshold,0.600000,,0.800000,3,0.214022,0.800000,3600,1500
threshold,0.600000,,0.800000,4,0.213624,0.800000,3600,1500
threshold,0.600000,,0.800000,5,0.210594,0.800000,3600,1500
threshold,0.600000,,0.800000,6,0.218230,0.800000,3600,1500
threshold,0.600000,,0.800000,7,0.217083,0.800000,3600,1500
threshold,0.600000,,0.800000,8,0.210137,0.800000,3600,1500
threshold,0.600000,,0.800000,9,0.218319,0.800000,3600,1500
threshold,0.600000,,0.800000,10,0.214403,0.800000,3600,1500
threshold,0.600000,,0.800000,11,0.215127,0.800000,3600,1500
threshold,0.600000,,0.800000,12,0.213035,0.800000,3600,1500
threshold,0.600000,,0.800000,13,0.220526,0.800000,3600,1500
threshold,0.600000,,0.800000,14,0.214398,0.800000,3600,1500
threshold,0.600000,,0.800000,15,0.208275,0.800000,3600,1500
threshold,0.600000,,0.800000,16,0.220290,0.800000,3600,1500
threshold,0.600000,,0.800000,17,0.208279,0.800000,3600,1500
threshold,0.600000,,0.800000,18,0.217340,0.800000,3600,1500
threshold,0.600000,,0.800000,19,0.215365,0.800000,3600,1500
threshold,0.600000,,0.800000,20,0.217226,0.800000,3600,1500
threshold,0.600000,,0.800000,21,0.215891,0.800000,3600,1500
threshold,0.600000,,0.800000,22,0.218158,0.800000,3600,1500
threshold,0.600000,,0.800000,23,0.213520,0.800000,3600,1500
threshold,0.600000,,0.800000,24,0.214966,0.800000,3600,1500
threshold,0.600000,,0.800000,25,0.218123,0.800000,3600,1500
threshold,0.600000,,0.800000,26,0.209363,0.800000,3600,1500
threshold,0.600000,,0.800000,27,0.216980,0.800000,3600,1500
threshold,0.600000,,0.800000,28,0.219439,0.800000,3600,1500
threshold,0.600000,,0.800000,29,0.210902,0.800000,3600,1500
threshold,0.600000,,0.800000,30,0.212116,0.800000,3600,1500
threshold,0.600000,,0.800000,31,0.215446,0.800000,3600,1500
threshold,0.600000,,0.800000,32,0.212574,0.800000,3600,1500
threshold,0.600000,,0.800000,33,0.214434,0.800000,3600,1500
threshold,0.600000,,0.800000,34,0.217349,0.800000,3600,1500
threshold,0.600000,,0.800000,35,0.219290,0.800000,3600,1500
threshold,0.600000,,0.800000,36,0.221495,0.800000,3600,1500
threshold,0.600000,,0.800000,37,0.219086,0.800000,3600,1500
threshold,0.600000,,0.800000,38,0.215093,0.800000,3600,1500
threshold,0.600000,,0.800000,39,0.211968,0.800000,3600,1500
threshold,0.600000,,0.800000,40,0.215017,0.800000,3600,1500
threshold,0.600000,,0.800000,41,0.218968,0.800000,3600,1500
threshold,0.600000,,0.800000,42,0.213464,0.800000,3600,1500
threshold,0.600000,,0.800000,43,0.216871,0.800000,3600,1500
threshold,0.600000,,0.800000,44,0.215493,0.800000,3600,1500
threshold,0.600000,,0.800000,45,0.221088,0.800000,3600,1500
threshold,0.600000,,0.800000,46,0.213553,0.800000,3600,1500
threshold,0.600000,,0.800000,47,0.214478,0.800000,3600,1500
threshold,0.600000,,0.800000,48,0.211975,0.800000,3600,1500
threshold,0.600000,,0.800000,49,0.217466,0.800000,3600,1500
threshold,0.600000,,0.805000,0,0.204108,0.804889,3622,1500
threshold,0.600000,,0.805000,1,0.206206,0.804889,3622,1500
threshold,0.600000,,0.805000,2,0.210458,0.804889,3622,1500
threshold,0.600000,,0.805000,3,0.208283,0.804889,3622,1500
threshold,0.600000,,0.805000,4,0.208258,0.804889,3622,1500
threshold,0.600000,,0.805000,5,0.206424,0.804889,3622,1500
threshold,0.600000,,0.805000,6,0.212246,0.804889,3622,1500
threshold,0.600000,,0.805000,7,0.212336,0.804889,3622,1500
threshold,0.600000,,0.805000,8,0.205284,0.804889,3622,1500
threshold,0.600000,,0.805000,9,0.213922,0.804889,3622,1500
threshold,0.600000,,0.805000,10,0.210305,0.804889,3622,1500
threshold,0.600000,,0.805000,11,0.210522,0.804889,3622,1500
threshold,0.600000,,0.805000,12,0.208018,0.804889,3622,1500
threshold,0.600000,,0.805000,13,0.215682,0.804889,3622,1500
threshold,0.600000,,0.805000,14,0.209560,0.804889,3622,1500
threshold,0.600000,,0.805000,15,0.203834,0.804889,3622,1500
threshold,0.600000,,0.805000,16,0.215831,0.804889,3622,1500
threshold,0.600000,,0.805000,17,0.202366,0.804889,3622,1500
threshold,0.600000,,0.805000,18,0.212210,0.804889,3622,1500
threshold,0.600000,,0.805000,19,0.210870,0.804889,3622,1500
threshold,0.600000,,0.805000,20,0.212254,0.804889,3622,1500
threshold,0.600000,,0.805000,21,0.210438,0.804889,3622,1500
threshold,0.600000,,0.805000,22,0.213111,0.804889,3622,1500
threshold,0.600000,,0.805000,23,0.208814,0.804889,3622,1500
threshold,0.600000,,0.805000,24,0.208727,0.804889,3622,1500
threshold,0.600000,,0.805000,25,0.213197,0.804889,3622,1500
threshold,0.600000,,0.805000,26,0.204658,0.804889,3622,1500
threshold,0.600000,,0.805000,27,0.212432,0.804889,3622,1500
threshold,0.600000,,0.805000,28,0.214417,0.804889,3622,1500
threshold,0.600000,,0.805000,29,0.206591,0.804889,3622,1500
threshold,0.600000,,0.805000,30,0.207444,0.804889,3622,1500
threshold,0.600000,,0.805000,31,0.210935,0.804889,3622,1500
threshold,0.600000,,0.805000,32,0.207508,0.804889,3622,1500
threshold,0.600000,,0.805000,33,0.209857,0.804889,3622,1500
threshold,0.600000,,0.805000,34,0.213084,0.804889,3622,1500
threshold,0.600000,,0.805000,35,0.214739,0.804889,3622,1500
threshold,0.600000,,0.805000,36,0.214698,0.804889,3622,1500
threshold,0.600000,,0.805000,37,0.213227,0.804889,3622,1500
threshold,0.600000,,0.805000,38,0.209561,0.804889,3622,1500
threshold,0.600000,,0.805000,39,0.206895,0.804889,3622,1500
threshold,0.600000,,0.805000,40,0.210045,0.804889,3622,1500
threshold,0.600000,,0.805000,41,0.213672,0.804889,3622,1500
threshold,0.600000,,0.805000,42,0.209001,0.804889,3622,1500
threshold,0.600000,,0.805000,43,0.212670,0.804889,3622,1500
threshold,0.600000,,0.805000,44,0.211195,0.804889,3622,1500
threshold,0.600000,,0.805000,45,0.216196,0.804889,3622,1500
threshold,0.600000,,0.805000,46,0.208960,0.804889,3622,1500
threshold,0.600000,,0.805000,47,0.208874,0.804889,3622,1500
threshold,0.600000,,0.805000,48,0.206750,0.804889,3622,1500
threshold,0.600000,,0.805000,49,0.212723,0.804889,3622,1500
threshold,0.600000,,0.810000,0,0.199523,0.810000,3645,1500
threshold,0.600000,,0.810000,1,0.201586,0.810000,3645,1500
threshold,0.600000,,0.810000,2,0.206009,0.810000,3645,1500
threshold,0.600000,,0.810000,3,0.203686,0.810000,3645,1500
threshold,0.600000,,0.810000,4,0.202509,0.810000,3645,1500
threshold,0.600000,,0.810000,5,0.200735,0.810000,3645,1500
threshold,0.600000,,0.810000,6,0.207089,0.810000,3645,1500
threshold,0.600000,,0.810000,7,0.207417,0.810000,3645,1500
threshold,0.600000,,0.810000,8,0.199899,0.810000,3645,1500
threshold,0.600000,,0.810000,9,0.209180,0.810000,3645,1500
threshold,0.600000,,0.810000,10,0.205878,0.810000,3645,1500
threshold,0.600000,,0.810000,11,0.205184,0.810000,3645,1500
threshold,0.600000,,0.810000,12,0.202637,0.810000,3645,1500
threshold,0.600000,,0.810000,13,0.211281,0.810000,3645,1500
threshold,0.600000,,0.810000,14,0.205088,0.810000,3645,1500
threshold,0.600000,,0.810000,15,0.198460,0.810000,3645,1500
threshold,0.600000,,0.810000,16,0.210504,0.810000,3645,1500
threshold,0.600000,,0.810000,17,0.197319,0.810000,3645,1500
threshold,0.600000,,0.810000,18,0.207486,0.810000,3645,1500
threshold,0.600000,,0.810000,19,0.206505,0.810000,3645,1500
threshold,0.600000,,0.810000,20,0.207354,0.810000,3645,1500
threshold,0.600000,,0.810000,21,0.205555,0.810000,3645,1500
threshold,0.600000,,0.810000,22,0.207840,0.810000,3645,1500
threshold,0.600000,,0.810000,23,0.204156,0.810000,3645,1500
threshold,0.600000,,0.810000,24,0.204046,0.810000,3645,1500
threshold,0.600000,,0.810000,25,0.208132,0.810000,3645,1500
threshold,0.600000,,0.810000,26,0.199259,0.810000,3645,1500
threshold,0.600000,,0.810000,27,0.208016,0.810000,3645,1500
threshold,0.600000,,0.810000,28,0.209387,0.810000,3645,1500
threshold,0.600000,,0.810000,29,0.201836,0.810000,3645,1500
threshold,0.600000,,0.810000,30,0.202725,0.810000,3645,1500
threshold,0.600000,,0.810000,31,0.205628,0.810000,3645,1500
threshold,0.600000,,0.810000,32,0.202529,0.810000,3645,1500
threshold,0.600000,,0.810000,33,0.205222,0.810000,3645,1500
threshold,0.600000,,0.810000,34,0.208580,0.810000,3645,1500
threshold,0.600000,,0.810000,35,0.208789,0.810000,3645,1500
threshold,0.600000,,0.810000,36,0.209045,0.810000,3645,1500
threshold,0.600000,,0.810000,37,0.207614,0.810000,3645,1500
threshold,0.600000,,0.810000,38,0.204698,0.810000,3645,1500
threshold,0.600000,,0.810000,39,0.202258,0.810000,3645,1500
threshold,0.600000,,0.810000,40,0.205377,0.810000,3645,1500
threshold,0.600000,,0.810000,41,0.208537,0.810000,3645,1500
threshold,0.600000,,0.810000,42,0.204531,0.810000,3645,1500
threshold,0.600000,,0.810000,43,0.207413,0.810000,3645,1500
threshold,0.600000,,0.810000,44,0.205273,0.810000,3645,1500
threshold,0.600000,,0.810000,45,0.210468,0.810000,3645,1500
threshold,0.600000,,0.810000,46,0.204103,0.810000,3645,1500
threshold,0.600000,,0.810000,47,0.204212,0.810000,3645,1500
threshold,0.600000,,0.810000,48,0.200336,0.810000,3645,1500
threshold,0.600000,,0.810000,49,0.208264,0.810000,3645,1500
threshold,0.600000,,0.815000,0,0.194572,0.814889,3667,1500
threshold,0.600000,,0.815000,1,0.196077,0.814889,3667,1500
threshold,0.600000,,0.815000,2,0.200911,0.814889,3667,1500
threshold,0.600000,,0.815000,3,0.198677,0.814889,3667,1500
threshold,0.600000,,0.815000,4,0.197216,0.814889,3667,1500
threshold,0.600000,,0.815000,5,0.195979,0.814889,3667,1500
threshold,0.600000,,0.815000,6,0.202016,0.814889,3667,1500
threshold,0.600000,,0.815000,7,0.203080,0.814889,3667,1500
threshold,0.600000,,0.815000,8,0.193803,0.814889,3667,1500
threshold,0.600000,,0.815000,9,0.203899,0.814889,3667,1500
threshold,0.600000,,0.815000,10,0.201130,0.814889,3667,1500
threshold,0.600000,,0.815000,11,0.200332,0.814889,3667,1500
threshold,0.600000,,0.815000,12,0.197861,0.814889,3667,1500
threshold,0.600000,,0.815000,13,0.205568,0.814889,3667,1500
threshold,0.600000,,0.815000,14,0.199378,0.814889,3667,1500
threshold,0.600000,,0.815000,15,0.193580,0.814889,3667,1500
threshold,0.600000,,0.815000,16,0.205695,0.814889,3667,1500
threshold,0.600000,,0.815000,17,0.191728,0.814889,3667,1500
threshold,0.600000,,0.815000,18,0.202615,0.814889,3667,1500
threshold,0.600000,,0.815000,19,0.201946,0.814889,3667,1500
threshold,0.600000,,0.815000,20,0.200920,0.814889,3667,1500
threshold,0.600000,,0.815000,21,0.200742,0.814889,3667,1500
threshold,0.600000,,0.815000,22,0.202817,0.814889,3667,1500
threshold,0.600000,,0.815000,23,0.199145,0.814889,3667,1500
threshold,0.600000,,0.815000,24,0.198336,0.814889,3667,1500
threshold,0.600000,,0.815000,25,0.203350,0.814889,3667,1500
threshold,0.600000,,0.815000,26,0.192676,0.814889,3667,1500
threshold,0.600000,,0.815000,27,0.203358,0.814889,3667,1500
threshold,0.600000,,0.815000,28,0.204229,0.814889,3667,1500
threshold,0.600000,,0.815000,29,0.196995,0.814889,3667,1500
threshold,0.600000,,0.815000,30,0.197710,0.814889,3667,1500
threshold,0.600000,,0.815000,31,0.201272,0.814889,3667,1500
threshold,0.600000,,0.815000,32,0.197098,0.814889,3667,1500
threshold,0.600000,,0.815000,33,0.200310,0.814889,3667,1500
threshold,0.600000,,0.815000,34,0.203147,0.814889,3667,1500
threshold,0.600000,,0.815000,35,0.203941,0.814889,3667,1500
threshold,0.600000,,0.815000,36,0.203972,0.814889,3667,1500
threshold,0.600000,,0.815000,37,0.202839,0.814889,3667,1500
threshold,0.600000,,0.815000,38,0.199726,0.814889,3667,1500
threshold,0.600000,,0.815000,39,0.197446,0.814889,3667,1500
threshold,0.600000,,0.815000,40,0.200443,0.814889,3667,1500
threshold,0.600000,,0.815000,41,0.203552,0.814889,3667,1500
threshold,0.600000,,0.815000,42,0.199582,0.814889,3667,1500
threshold,0.600000,,0.815000,43,0.202020,0.814889,3667,1500
threshold,0.600000,,0.815000,44,0.199629,0.814889,3667,1500
threshold,0.600000,,0.815000,45,0.205684,0.814889,3667,1500
threshold,0.600000,,0.815000,46,0.199802,0.814889,3667,1500
threshold,0.600000,,0.815000,47,0.199181,0.814889,3667,1500
threshold,0.600000,,0.815000,48,0.195202,0.814889,3667,1500
threshold,0.600000,,0.815000,49,0.203694,0.814889,3667,1500
threshold,0.600000,,0.820000,0,0.188919,0.820000,3690,1500
threshold,0.600000,,0.820000,1,0.190603,0.820000,3690,1500
threshold,0.600000,,0.820000,2,0.195470,0.820000,3690,1500
threshold,0.600000,,0.820000,3,0.192071,0.820000,3690,1500
threshold,0.600000,,0.820000,4,0.192523,0.820000,3690,1500
threshold,0.600000,,0.820000,5,0.189523,0.820000,3690,1500
threshold,0.600000,,0.820000,6,0.196830,0.820000,3690,1500
threshold,0.600000,,0.820000,7,0.198038,0.820000,3690,1500
threshold,0.600000,,0.820000,8,0.188624,0.820000,3690,1500
threshold,0.600000,,0.820000,9,0.198161,0.820000,3690,1500
threshold,0.600000,,0.820000,10,0.196159,0.820000,3690,1500
threshold,0.600000,,0.820000,11,0.194785,0.820000,3690,1500
threshold,0.600000,,0.820000,12,0.191831,0.820000,3690,1500
threshold,0.600000,,0.820000,13,0.200122,0.820000,3690,1500
threshold,0.600000,,0.820000,14,0.194738,0.820000,3690,1500
threshold,0.600000,,0.820000,15,0.188951,0.820000,3690,1500
threshold,0.600000,,0.820000,16,0.200412,0.820000,3690,1500
threshold,0.600000,,0.820000,17,0.186274,0.820000,3690,1500
threshold,0.600000,,0.820000,18,0.196742,0.820000,3690,1500
threshold,0.600000,,0.820000,19,0.195553,0.820000,3690,1500
threshold,0.600000,,0.820000,20,0.195884,0.820000,3690,1500
threshold,0.600000,,0.820000,21,0.195858,0.820000,3690,1500
threshold,0.600000,,0.820000,22,0.198051,0.820000,3690,1500
threshold,0.600000,,0.820000,23,0.193851,0.820000,3690,1500
threshold,0.600000,,0.820000,24,0.193074,0.820000,3690,1500
threshold,0.600000,,0.820000,25,0.197408,0.820000,3690,1500
threshold,0.600000,,0.820000,26,0.187719,0.820000,3690,1500
threshold,0.600000,,0.820000,27,0.198367,0.820000,3690,1500
threshold,0.600000,,0.820000,28,0.198164,0.820000,3690,1500
threshold,0.600000,,0.820000,29,0.191956,0.820000,3690,1500
threshold,0.600000,,0.820000,30,0.191770,0.820000,3690,1500
threshold,0.600000,,0.820000,31,0.196314,0.820000,3690,1500
threshold,0.600000,,0.820000,32,0.191297,0.820000,3690,1500
threshold,0.600000,,0.820000,33,0.194471,0.820000,3690,1500
threshold,0.600000,,0.820000,34,0.197704,0.820000,3690,1500
threshold,0.600000,,0.820000,35,0.199243,0.820000,3690,1500
threshold,0.600000,,0.820000,36,0.198177,0.820000,3690,1500
threshold,0.600000,,0.820000,37,0.196880,0.820000,3690,1500
threshold,0.600000,,0.820000,38,0.193604,0.820000,3690,1500
threshold,0.600000,,0.820000,39,0.192557,0.820000,3690,1500
threshold,0.600000,,0.820000,40,0.194714,0.820000,3690,1500
threshold,0.600000,,0.820000,41,0.198599,0.820000,3690,1500
threshold,0.600000,,0.820000,42,0.194413,0.820000,3690,1500
threshold,0.600000,,0.820000,43,0.196713,0.820000,3690,1500
threshold,0.600000,,0.820000,44,0.193983,0.820000,3690,1500
threshold,0.600000,,0.820000,45,0.200289,0.820000,3690,1500
threshold,0.600000,,0.820000,46,0.194792,0.820000,3690,1500
threshold,0.600000,,0.820000,47,0.194317,0.820000,3690,1500
threshold,0.600000,,0.820000,48,0.189644,0.820000,3690,1500
threshold,0.600000,,0.820000,49,0.198730,0.820000,3690,1500
threshold,0.600000,,0.825000,0,0.183916,0.824889,3712,1500
threshold,0.600000,,0.825000,1,0.185347,0.824889,3712,1500
threshold,0.600000,,0.825000,2,0.191133,0.824889,3712,1500
threshold,0.600000,,0.825000,3,0.187063,0.824889,3712,1500
threshold,0.600000,,0.825000,4,0.186056,0.824889,3712,1500
threshold,0.600000,,0.825000,5,0.185021,0.824889,3712,1500
threshold,0.600000,,0.825000,6,0.191429,0.824889,3712,1500
threshold,0.600000,,0.825000,7,0.192841,0.824889,3712,1500
threshold,0.600000,,0.825000,8,0.183701,0.824889,3712,1500
threshold,0.600000,,0.825000,9,0.193191,0.824889,3712,1500
threshold,0.600000,,0.825000,10,0.191451,0.824889,3712,1500
threshold,0.600000,,0.825000,11,0.189981,0.824889,3712,1500
threshold,0.600000,,0.825000,12,0.185646,0.824889,3712,1500
threshold,0.600000,,0.825000,13,0.195052,0.824889,3712,1500
threshold,0.600000,,0.825000,14,0.189320,0.824889,3712,1500
threshold,0.600000,,0.825000,15,0.182890,0.824889,3712,1500
threshold,0.600000,,0.825000,16,0.195952,0.824889,3712,1500
threshold,0.600000,,0.825000,17,0.181012,0.824889,3712,1500
threshold,0.600000,,0.825000,18,0.191668,0.824889,3712,1500
threshold,0.600000,,0.825000,19,0.189890,0.824889,3712,1500
threshold,0.600000,,0.825000,20,0.190736,0.824889,3712,1500
threshold,0.600000,,0.825000,21,0.191195,0.824889,3712,1500
threshold,0.600000,,0.825000,22,0.193281,0.824889,3712,1500
threshold,0.600000,,0.825000,23,0.189098,0.824889,3712,1500
threshold,0.600000,,0.825000,24,0.188044,0.824889,3712,1500
threshold,0.600000,,0.825000,25,0.192565,0.824889,3712,1500
threshold,0.600000,,0.825000,26,0.182468,0.824889,3712,1500
threshold,0.600000,,0.825000,27,0.193131,0.824889,3712,1500
threshold,0.600000,,0.825000,28,0.192866,0.824889,3712,1500
threshold,0.600000,,0.825000,29,0.186149,0.824889,3712,1500
threshold,0.600000,,0.825000,30,0.187623,0.824889,3712,1500
threshold,0.600000,,0.825000,31,0.191150,0.824889,3712,1500
threshold,0.600000,,0.825000,32,0.186790,0.824889,3712,1500
threshold,0.600000,,0.825000,33,0.187312,0.824889,3712,1500
threshold,0.600000,,0.825000,34,0.192282,0.824889,3712,1500
threshold,0.600000,,0.825000,35,0.194872,0.824889,3712,1500
threshold,0.600000,,0.825000,36,0.191907,0.824889,3712,1500
threshold,0.600000,,0.825000,37,0.191834,0.824889,3712,1500
threshold,0.600000,,0.825000,38,0.187449,0.824889,3712,1500
threshold,0.600000,,0.825000,39,0.187526,0.824889,3712,1500
threshold,0.600000,,0.825000,40,0.189492,0.824889,3712,1500
threshold,0.600000,,0.825000,41,0.192952,0.824889,3712,1500
threshold,0.600000,,0.825000,42,0.189390,0.824889,3712,1500
threshold,0.600000,,0.825000,43,0.191444,0.824889,3712,1500
threshold,0.600000,,0.825000,44,0.188931,0.824889,3712,1500
threshold,0.600000,,0.825000,45,0.194821,0.824889,3712,1500
threshold,0.600000,,0.825000,46,0.189578,0.824889,3712,1500
threshold,0.600000,,0.825000,47,0.189658,0.824889,3712,1500
threshold,0.600000,,0.825000,48,0.185008,0.824889,3712,1500
threshold,0.600000,,0.825000,49,0.194387,0.824889,3712,1500
threshold,0.600000,,0.830000,0,0.177654,0.830000,3735,1500
threshold,0.600000,,0.830000,1,0.179080,0.830000,3735,1500
threshold,0.600000,,0.830000,2,0.186077,0.830000,3735,1500
threshold,0.600000,,0.830000,3,0.181451,0.830000,3735,1500
threshold,0.600000,,0.830000,4,0.179760,0.830000,3735,1500
threshold,0.600000,,0.830000,5,0.179457,0.830000,3735,1500
threshold,0.600000,,0.830000,6,0.185629,0.830000,3735,1500
threshold,0.600000,,0.830000,7,0.187544,0.830000,3735,1500
threshold,0.600000,,0.830000,8,0.178817,0.830000,3735,1500
threshold,0.600000,,0.830000,9,0.188451,0.830000,3735,1500
threshold,0.600000,,0.830000,10,0.186376,0.830000,3735,1500
threshold,0.600000,,0.830000,11,0.184894,0.830000,3735,1500
threshold,0.600000,,0.830000,12,0.180537,0.830000,3735,1500
threshold,0.600000,,0.830000,13,0.190109,0.830000,3735,1500
threshold,0.600000,,0.830000,14,0.184433,0.830000,3735,1500
threshold,0.600000,,0.830000,15,0.177607,0.830000,3735,1500
threshold,0.600000,,0.830000,16,0.191550,0.830000,3735,1500
threshold,0.600000,,0.830000,17,0.175915,0.830000,3735,1500
threshold,0.600000,,0.830000,18,0.187019,0.830000,3735,1500
threshold,0.600000,,0.830000,19,0.184419,0.830000,3735,1500
threshold,0.600000,,0.830000,20,0.185340,0.830000,3735,1500
threshold,0.600000,,0.830000,21,0.186029,0.830000,3735,1500
threshold,0.600000,,0.830000,22,0.188006,0.830000,3735,1500
threshold,0.600000,,0.830000,23,0.183041,0.830000,3735,1500
threshold,0.600000,,0.830000,24,0.182753,0.830000,3735,1500
threshold,0.600000,,0.830000,25,0.186672,0.830000,3735,1500
threshold,0.600000,,0.830000,26,0.176822,0.830000,3735,1500
threshold,0.600000,,0.830000,27,0.185827,0.830000,3735,1500
threshold,0.600000,,0.830000,28,0.187507,0.830000,3735,1500
threshold,0.600000,,0.830000,29,0.181061,0.830000,3735,1500
threshold,0.600000,,0.830000,30,0.182257,0.830000,3735,1500
threshold,0.600000,,0.830000,31,0.185911,0.830000,3735,1500
threshold,0.600000,,0.830000,32,0.181207,0.830000,3735,1500
threshold,0.600000,,0.830000,33,0.181717,0.830000,3735,1500
threshold,0.600000,,0.830000,34,0.186809,0.830000,3735,1500
threshold,0.600000,,0.830000,35,0.188817,0.830000,3735,1500
threshold,0.600000,,0.830000,36,0.186352,0.830000,3735,1500
threshold,0.600000,,0.830000,37,0.186793,0.830000,3735,1500
threshold,0.600000,,0.830000,38,0.182213,0.830000,3735,1500
threshold,0.600000,,0.830000,39,0.182855,0.830000,3735,1500
threshold,0.600000,,0.830000,40,0.183765,0.830000,3735,1500
threshold,0.600000,,0.830000,41,0.187364,0.830000,3735,1500
threshold,0.600000,,0.830000,42,0.182926,0.830000,3735,1500
threshold,0.600000,,0.830000,43,0.185974,0.830000,3735,1500
threshold,0.600000,,0.830000,44,0.183796,0.830000,3735,1500
threshold,0.600000,,0.830000,45,0.189494,0.830000,3735,1500
threshold,0.600000,,0.830000,46,0.184401,0.830000,3735,1500
threshold,0.600000,,0.830000,47,0.184495,0.830000,3735,1500
threshold,0.600000,,0.830000,48,0.178970,0.830000,3735,1500
threshold,0.600000,,0.830000,49,0.188853,0.830000,3735,1500
threshold,0.600000,,0.835000,0,0.172893,0.834889,3757,1500
threshold,0.600000,,0.835000,1,0.173848,0.834889,3757,1500
threshold,0.600000,,0.835000,2,0.181037,0.834889,3757,1500
threshold,0.600000,,0.835000,3,0.175407,0.834889,3757,1500
threshold,0.600000,,0.835000,4,0.174504,0.834889,3757,1500
threshold,0.600000,,0.835000,5,0.174723,0.834889,3757,1500
threshold,0.600000,,0.835000,6,0.179755,0.834889,3757,1500
threshold,0.600000,,0.835000,7,0.182149,0.834889,3757,1500
threshold,0.600000,,0.835000,8,0.173002,0.834889,3757,1500
threshold,0.600000,,0.835000,9,0.182379,0.834889,3757,1500
threshold,0.600000,,0.835000,10,0.179954,0.834889,3757,1500
threshold,0.600000,,0.835000,11,0.180345,0.834889,3757,1500
threshold,0.600000,,0.835000,12,0.175069,0.834889,3757,1500
threshold,0.600000,,0.835000,13,0.184436,0.834889,3757,1500
threshold,0.600000,,0.835000,14,0.179429,0.834889,3757,1500
threshold,0.600000,,0.835000,15,0.172709,0.834889,3757,1500
threshold,0.600000,,0.835000,16,0.185511,0.834889,3757,1500
threshold,0.600000,,0.835000,17,0.170905,0.834889,3757,1500
threshold,0.600000,,0.835000,18,0.181442,0.834889,3757,1500
threshold,0.600000,,0.835000,19,0.179613,0.834889,3757,1500
threshold,0.600000,,0.835000,20,0.180327,0.834889,3757,1500
threshold,0.600000,,0.835000,21,0.181046,0.834889,3757,1500
threshold,0.600000,,0.835000,22,0.182520,0.834889,3757,1500
threshold,0.600000,,0.835000,23,0.178451,0.834889,3757,1500
threshold,0.600000,,0.835000,24,0.177537,0.834889,3757,1500
threshold,0.600000,,0.835000,25,0.181395,0.834889,3757,1500
threshold,0.600000,,0.835000,26,0.171356,0.834889,3757,1500
threshold,0.600000,,0.835000,27,0.180262,0.834889,3757,1500
threshold,0.600000,,0.835000,28,0.182800,0.834889,3757,1500
threshold,0.600000,,0.835000,29,0.176128,0.834889,3757,1500
threshold,0.600000,,0.835000,30,0.177152,0.834889,3757,1500
threshold,0.600000,,0.835000,31,0.181012,0.834889,3757,1500
threshold,0.600000,,0.835000,32,0.176356,0.834889,3757,1500
threshold,0.600000,,0.835000,33,0.176487,0.834889,3757,1500
threshold,0.600000,,0.835000,34,0.181558,0.834889,3757,1500
threshold,0.600000,,0.835000,35,0.183693,0.834889,3757,1500
threshold,0.600000,,0.835000,36,0.180769,0.834889,3757,1500
threshold,0.600000,,0.835000,37,0.181618,0.834889,3757,1500
threshold,0.600000,,0.835000,38,0.177208,0.834889,3757,1500
threshold,0.600000,,0.835000,39,0.176741,0.834889,3757,1500
threshold,0.600000,,0.835000,40,0.177611,0.834889,3757,1500
threshold,0.600000,,0.835000,41,0.182153,0.834889,3757,1500
threshold,0.600000,,0.835000,42,0.177486,0.834889,3757,1500
threshold,0.600000,,0.835000,43,0.180628,0.834889,3757,1500
threshold,0.600000,,0.835000,44,0.178432,0.834889,3757,1500
threshold,0.600000,,0.835000,45,0.184996,0.834889,3757,1500
threshold,0.600000,,0.835000,46,0.179123,0.834889,3757,1500
threshold,0.600000,,0.835000,47,0.179594,0.834889,3757,1500
threshold,0.600000,,0.835000,48,0.173691,0.834889,3757,1500
threshold,0.600000,,0.835000,49,0.184005,0.834889,3757,1500
threshold,0.600000,,0.840000,0,0.167516,0.840000,3780,1500
threshold,0.600000,,0.840000,1,0.168905,0.840000,3780,1500
threshold,0.600000,,0.840000,2,0.175371,0.840000,3780,1500
threshold,0.600000,,0.840000,3,0.169463,0.840000,3780,1500
threshold,0.600000,,0.840000,4,0.169264,0.840000,3780,1500
threshold,0.600000,,0.840000,5,0.169380,0.840000,3780,1500
threshold,0.600000,,0.840000,6,0.174351,0.840000,3780,1500
threshold,0.600000,,0.840000,7,0.176974,0.840000,3780,1500
threshold,0.600000,,0.840000,8,0.167252,0.840000,3780,1500
threshold,0.600000,,0.840000,9,0.176924,0.840000,3780,1500
threshold,0.600000,,0.840000,10,0.174788,0.840000,3780,1500
threshold,0.600000,,0.840000,11,0.175289,0.840000,3780,1500
threshold,0.600000,,0.840000,12,0.168545,0.840000,3780,1500
threshold,0.600000,,0.840000,13,0.178428,0.840000,3780,1500
threshold,0.600000,,0.840000,14,0.174707,0.840000,3780,1500
threshold,0.600000,,0.840000,15,0.167275,0.840000,3780,1500
threshold,0.600000,,0.840000,16,0.179194,0.840000,3780,1500
threshold,0.600000,,0.840000,17,0.164819,0.840000,3780,1500
threshold,0.600000,,0.840000,18,0.176116,0.840000,3780,1500
threshold,0.600000,,0.840000,19,0.174968,0.840000,3780,1500
threshold,0.600000,,0.840000,20,0.175125,0.840000,3780,1500
threshold,0.600000,,0.840000,21,0.175186,0.840000,3780,1500
threshold,0.600000,,0.840000,22,0.176690,0.840000,3780,1500
threshold,0.600000,,0.840000,23,0.173070,0.840000,3780,1500
threshold,0.600000,,0.840000,24,0.170159,0.840000,3780,1500
threshold,0.600000,,0.840000,25,0.176387,0.840000,3780,1500
threshold,0.600000,,0.840000,26,0.164220,0.840000,3780,1500
threshold,0.600000,,0.840000,27,0.174732,0.840000,3780,1500
threshold,0.600000,,0.840000,28,0.177707,0.840000,3780,1500
threshold,0.600000,,0.840000,29,0.170261,0.840000,3780,1500
threshold,0.600000,,0.840000,30,0.171581,0.840000,3780,1500
threshold,0.600000,,0.840000,31,0.175436,0.840000,3780,1500
threshold,0.600000,,0.840000,32,0.170740,0.840000,3780,1500
threshold,0.600000,,0.840000,33,0.170777,0.840000,3780,1500
threshold,0.600000,,0.840000,34,0.176936,0.840000,3780,1500
threshold,0.600000,,0.840000,35,0.178300,0.840000,3780,1500
threshold,0.600000,,0.840000,36,0.175177,0.840000,3780,1500
threshold,0.600000,,0.840000,37,0.176438,0.840000,3780,1500
threshold,0.600000,,0.840000,38,0.171675,0.840000,3780,1500
threshold,0.600000,,0.840000,39,0.171634,0.840000,3780,1500
threshold,0.600000,,0.840000,40,0.171943,0.840000,3780,1500
threshold,0.600000,,0.840000,41,0.176742,0.840000,3780,1500
threshold,0.600000,,0.840000,42,0.172704,0.840000,3780,1500
threshold,0.600000,,0.840000,43,0.174799,0.840000,3780,1500
threshold,0.600000,,0.840000,44,0.171961,0.840000,3780,1500
threshold,0.600000,,0.840000,45,0.179425,0.840000,3780,1500
threshold,0.600000,,0.840000,46,0.172688,0.840000,3780,1500
threshold,0.600000,,0.840000,47,0.173379,0.840000,3780,1500
threshold,0.600000,,0.840000,48,0.168564,0.840000,3780,1500
threshold,0.600000,,0.840000,49,0.178366,0.840000,3780,1500
threshold,0.600000,,0.845000,0,0.161576,0.844889,3802,1500
threshold,0.600000,,0.845000,1,0.163497,0.844889,3802,1500
threshold,0.600000,,0.845000,2,0.169930,0.844889,3802,1500
threshold,0.600000,,0.845000,3,0.164027,0.844889,3802,1500
threshold,0.600000,,0.845000,4,0.163086,0.844889,3802,1500
threshold,0.600000,,0.845000,5,0.163699,0.844889,3802,1500
threshold,0.600000,,0.845000,6,0.168649,0.844889,3802,1500
threshold,0.600000,,0.845000,7,0.172078,0.844889,3802,1500
threshold,0.600000,,0.845000,8,0.161666,0.844889,3802,1500
threshold,0.600000,,0.845000,9,0.171492,0.844889,3802,1500
threshold,0.600000,,0.845000,10,0.169989,0.844889,3802,1500
threshold,0.600000,,0.845000,11,0.170076,0.844889,3802,1500
threshold,0.600000,,0.845000,12,0.163269,0.844889,3802,1500
threshold,0.600000,,0.845000,13,0.173419,0.844889,3802,1500
threshold,0.600000,,0.845000,14,0.170026,0.844889,3802,1500
threshold,0.600000,,0.845000,15,0.161864,0.844889,3802,1500
threshold,0.600000,,0.845000,16,0.174345,0.844889,3802,1500
threshold,0.600000,,0.845000,17,0.159192,0.844889,3802,1500
threshold,0.600000,,0.845000,18,0.169559,0.844889,3802,1500
threshold,0.600000,,0.845000,19,0.169362,0.844889,3802,1500
threshold,0.600000,,0.845000,20,0.169535,0.844889,3802,1500
threshold,0.600000,,0.845000,21,0.169907,0.844889,3802,1500
threshold,0.600000,,0.845000,22,0.170740,0.844889,3802,1500
threshold,0.600000,,0.845000,23,0.167978,0.844889,3802,1500
threshold,0.600000,,0.845000,24,0.164544,0.844889,3802,1500
threshold,0.600000,,0.845000,25,0.171178,0.844889,3802,1500
threshold,0.600000,,0.845000,26,0.158024,0.844889,3802,1500
threshold,0.600000,,0.845000,27,0.167558,0.844889,3802,1500
threshold,0.600000,,0.845000,28,0.172416,0.844889,3802,1500
threshold,0.600000,,0.845000,29,0.165272,0.844889,3802,1500
threshold,0.600000,,0.845000,30,0.166692,0.844889,3802,1500
threshold,0.600000,,0.845000,31,0.169881,0.844889,3802,1500
threshold,0.600000,,0.845000,32,0.166045,0.844889,3802,1500
threshold,0.600000,,0.845000,33,0.166221,0.844889,3802,1500
threshold,0.600000,,0.845000,34,0.171419,0.844889,3802,1500
threshold,0.600000,,0.845000,35,0.172148,0.844889,3802,1500
threshold,0.600000,,0.845000,36,0.167994,0.844889,3802,1500
threshold,0.600000,,0.845000,37,0.171456,0.844889,3802,1500
threshold,0.600000,,0.845000,38,0.166015,0.844889,3802,1500
threshold,0.600000,,0.845000,39,0.165181,0.844889,3802,1500
threshold,0.600000,,0.845000,40,0.164701,0.844889,3802,1500
threshold,0.600000,,0.845000,41,0.171741,0.844889,3802,1500
threshold,0.600000,,0.845000,42,0.167546,0.844889,3802,1500
threshold,0.600000,,0.845000,43,0.169615,0.844889,3802,1500
threshold,0.600000,,0.845000,44,0.166710,0.844889,3802,1500
threshold,0.600000,,0.845000,45,0.174203,0.844889,3802,1500
threshold,0.600000,,0.845000,46,0.167339,0.844889,3802,1500
threshold,0.600000,,0.845000,47,0.168282,0.844889,3802,1500
threshold,0.600000,,0.845000,48,0.163184,0.844889,3802,1500
threshold,0.600000,,0.845000,49,0.172221,0.844889,3802,1500
threshold,0.600000,,0.850000,0,0.155910,0.850000,3825,1500
threshold,0.600000,,0.850000,1,0.156960,0.850000,3825,1500
threshold,0.600000,,0.850000,2,0.164254,0.850000,3825,1500
threshold,0.600000,,0.850000,3,0.158802,0.850000,3825,1500
threshold,0.600000,,0.850000,4,0.157071,0.850000,3825,1500
threshold,0.600000,,0.850000,5,0.157359,0.850000,3825,1500
threshold,0.600000,,0.850000,6,0.162846,0.850000,3825,1500
threshold,0.600000,,0.850000,7,0.163682,0.850000,3825,1500
threshold,0.600000,,0.850000,8,0.156305,0.850000,3825,1500
threshold,0.600000,,0.850000,9,0.165064,0.850000,3825,1500
threshold,0.600000,,0.850000,10,0.163707,0.850000,3825,1500
threshold,0.600000,,0.850000,11,0.164505,0.850000,3825,1500
threshold,0.600000,,0.850000,12,0.155894,0.850000,3825,1500
threshold,0.600000,,0.850000,13,0.168170,0.850000,3825,1500
threshold,0.600000,,0.850000,14,0.164557,0.850000,3825,1500
threshold,0.600000,,0.850000,15,0.155803,0.850000,3825,1500
threshold,0.600000,,0.850000,16,0.169284,0.850000,3825,1500
threshold,0.600000,,0.850000,17,0.154135,0.850000,3825,1500
threshold,0.600000,,0.850000,18,0.164146,0.850000,3825,1500
threshold,0.600000,,0.850000,19,0.163745,0.850000,3825,1500
threshold,0.600000,,0.850000,20,0.164463,0.850000,3825,1500
threshold,0.600000,,0.850000,21,0.164483,0.850000,3825,1500
threshold,0.600000,,0.850000,22,0.164256,0.850000,3825,1500
threshold,0.600000,,0.850000,23,0.160448,0.850000,3825,1500
threshold,0.600000,,0.850000,24,0.158441,0.850000,3825,1500
threshold,0.600000,,0.850000,25,0.164980,0.850000,3825,1500
threshold,0.600000,,0.850000,26,0.152618,0.850000,3825,1500
threshold,0.600000,,0.850000,27,0.161855,0.850000,3825,1500
threshold,0.600000,,0.850000,28,0.166730,0.850000,3825,1500
threshold,0.600000,,0.850000,29,0.159602,0.850000,3825,1500
threshold,0.600000,,0.850000,30,0.159848,0.850000,3825,1500
threshold,0.600000,,0.850000,31,0.163638,0.850000,3825,1500
threshold,0.600000,,0.850000,32,0.159848,0.850000,3825,1500
threshold,0.600000,,0.850000,33,0.160749,0.850000,3825,1500
threshold,0.600000,,0.850000,34,0.165758,0.850000,3825,1500
threshold,0.600000,,0.850000,35,0.165855,0.850000,3825,1500
threshold,0.600000,,0.850000,36,0.161738,0.850000,3825,1500
threshold,0.600000,,0.850000,37,0.165858,0.850000,3825,1500
threshold,0.600000,,0.850000,38,0.160548,0.850000,3825,1500
threshold,0.600000,,0.850000,39,0.159675,0.850000,3825,1500
threshold,0.600000,,0.850000,40,0.159697,0.850000,3825,1500
threshold,0.600000,,0.850000,41,0.166271,0.850000,3825,1500
threshold,0.600000,,0.850000,42,0.162516,0.850000,3825,1500
threshold,0.600000,,0.850000,43,0.163404,0.850000,3825,1500
threshold,0.600000,,0.850000,44,0.160737,0.850000,3825,1500
threshold,0.600000,,0.850000,45,0.168141,0.850000,3825,1500
threshold,0.600000,,0.850000,46,0.162237,0.850000,3825,1500
threshold,0.600000,,0.850000,47,0.162703,0.850000,3825,1500
threshold,0.600000,,0.850000,48,0.158023,0.850000,3825,1500
threshold,0.600000,,0.850000,49,0.166701,0.850000,3825,1500
threshold,0.600000,,0.855000,0,0.150241,0.854889,3847,1500
threshold,0.600000,,0.855000,1,0.151023,0.854889,3847,1500
threshold,0.600000,,0.855000,2,0.159191,0.854889,3847,1500
threshold,0.600000,,0.855000,3,0.153467,0.854889,3847,1500
threshold,0.600000,,0.855000,4,0.151713,0.854889,3847,1500
threshold,0.600000,,0.855000,5,0.151699,0.854889,3847,1500
threshold,0.600000,,0.855000,6,0.157763,0.854889,3847,1500
threshold,0.600000,,0.855000,7,0.158415,0.854889,3847,1500
threshold,0.600000,,0.855000,8,0.151344,0.854889,3847,1500
threshold,0.600000,,0.855000,9,0.158745,0.854889,3847,1500
threshold,0.600000,,0.855000,10,0.157861,0.854889,3847,1500
threshold,0.600000,,0.855000,11,0.159277,0.854889,3847,1500
threshold,0.600000,,0.855000,12,0.150301,0.854889,3847,1500
threshold,0.600000,,0.855000,13,0.162902,0.854889,3847,1500
threshold,0.600000,,0.855000,14,0.159443,0.854889,3847,1500
threshold,0.600000,,0.855000,15,0.150530,0.854889,3847,1500
threshold,0.600000,,0.855000,16,0.163606,0.854889,3847,1500
threshold,0.600000,,0.855000,17,0.148577,0.854889,3847,1500
threshold,0.600000,,0.855000,18,0.158714,0.854889,3847,1500
threshold,0.600000,,0.855000,19,0.158270,0.854889,3847,1500
threshold,0.600000,,0.855000,20,0.158086,0.854889,3847,1500
threshold,0.600000,,0.855000,21,0.159254,0.854889,3847,1500
threshold,0.600000,,0.855000,22,0.158069,0.854889,3847,1500
threshold,0.600000,,0.855000,23,0.153754,0.854889,3847,1500
threshold,0.600000,,0.855000,24,0.152442,0.854889,3847,1500
threshold,0.600000,,0.855000,25,0.158895,0.854889,3847,1500
threshold,0.600000,,0.855000,26,0.147603,0.854889,3847,1500
threshold,0.600000,,0.855000,27,0.156430,0.854889,3847,1500
threshold,0.600000,,0.855000,28,0.161693,0.854889,3847,1500
threshold,0.600000,,0.855000,29,0.153405,0.854889,3847,1500
threshold,0.600000,,0.855000,30,0.154610,0.854889,3847,1500
threshold,0.600000,,0.855000,31,0.158207,0.854889,3847,1500
threshold,0.600000,,0.855000,32,0.154219,0.854889,3847,1500
threshold,0.600000,,0.855000,33,0.154923,0.854889,3847,1500
threshold,0.600000,,0.855000,34,0.160135,0.854889,3847,1500
threshold,0.600000,,0.855000,35,0.160081,0.854889,3847,1500
threshold,0.600000,,0.855000,36,0.155122,0.854889,3847,1500
threshold,0.600000,,0.855000,37,0.160413,0.854889,3847,1500
threshold,0.600000,,0.855000,38,0.154861,0.854889,3847,1500
threshold,0.600000,,0.855000,39,0.153975,0.854889,3847,1500
threshold,0.600000,,0.855000,40,0.152426,0.854889,3847,1500
threshold,0.600000,,0.855000,41,0.160424,0.854889,3847,1500
threshold,0.600000,,0.855000,42,0.157079,0.854889,3847,1500
threshold,0.600000,,0.855000,43,0.157617,0.854889,3847,1500
threshold,0.600000,,0.855000,44,0.154912,0.854889,3847,1500
threshold,0.600000,,0.855000,45,0.162444,0.854889,3847,1500
threshold,0.600000,,0.855000,46,0.155720,0.854889,3847,1500
threshold,0.600000,,0.855000,47,0.158190,0.854889,3847,1500
threshold,0.600000,,0.855000,48,0.152612,0.854889,3847,1500
threshold,0.600000,,0.855000,49,0.161609,0.854889,3847,1500
threshold,0.600000,,0.860000,0,0.144044,0.860000,3870,1500
threshold,0.600000,,0.860000,1,0.144612,0.860000,3870,1500
threshold,0.600000,,0.860000,2,0.152702,0.860000,3870,1500
threshold,0.600000,,0.860000,3,0.147075,0.860000,3870,1500
threshold,0.600000,,0.860000,4,0.145832,0.860000,3870,1500
threshold,0.600000,,0.860000,5,0.145409,0.860000,3870,1500
threshold,0.600000,,0.860000,6,0.150863,0.860000,3870,1500
threshold,0.600000,,0.860000,7,0.152366,0.860000,3870,1500
threshold,0.600000,,0.860000,8,0.145979,0.860000,3870,1500
threshold,0.600000,,0.860000,9,0.152207,0.860000,3870,1500
threshold,0.600000,,0.860000,10,0.151875,0.860000,3870,1500
threshold,0.600000,,0.860000,11,0.153576,0.860000,3870,1500
threshold,0.600000,,0.860000,12,0.144622,0.860000,3870,1500
threshold,0.600000,,0.860000,13,0.156506,0.860000,3870,1500
threshold,0.600000,,0.860000,14,0.154089,0.860000,3870,1500
threshold,0.600000,,0.860000,15,0.144873,0.860000,3870,1500
threshold,0.600000,,0.860000,16,0.156670,0.860000,3870,1500
threshold,0.600000,,0.860000,17,0.142368,0.860000,3870,1500
threshold,0.600000,,0.860000,18,0.152416,0.860000,3870,1500
threshold,0.600000,,0.860000,19,0.152660,0.860000,3870,1500
threshold,0.600000,,0.860000,20,0.152204,0.860000,3870,1500
threshold,0.600000,,0.860000,21,0.152934,0.860000,3870,1500
threshold,0.600000,,0.860000,22,0.152250,0.860000,3870,1500
threshold,0.600000,,0.860000,23,0.148250,0.860000,3870,1500
threshold,0.600000,,0.860000,24,0.146909,0.860000,3870,1500
threshold,0.600000,,0.860000,25,0.152979,0.860000,3870,1500
threshold,0.600000,,0.860000,26,0.142093,0.860000,3870,1500
threshold,0.600000,,0.860000,27,0.146585,0.860000,3870,1500
threshold,0.600000,,0.860000,28,0.156165,0.860000,3870,1500
threshold,0.600000,,0.860000,29,0.147733,0.860000,3870,1500
threshold,0.600000,,0.860000,30,0.148750,0.860000,3870,1500
threshold,0.600000,,0.860000,31,0.152458,0.860000,3870,1500
threshold,0.600000,,0.860000,32,0.148362,0.860000,3870,1500
threshold,0.600000,,0.860000,33,0.148563,0.860000,3870,1500
threshold,0.600000,,0.860000,34,0.154595,0.860000,3870,1500
threshold,0.600000,,0.860000,35,0.153469,0.860000,3870,1500
threshold,0.600000,,0.860000,36,0.147104,0.860000,3870,1500
threshold,0.600000,,0.860000,37,0.154652,0.860000,3870,1500
threshold,0.600000,,0.860000,38,0.149048,0.860000,3870,1500
threshold,0.600000,,0.860000,39,0.148661,0.860000,3870,1500
threshold,0.600000,,0.860000,40,0.146347,0.860000,3870,1500
threshold,0.600000,,0.860000,41,0.154691,0.860000,3870,1500
threshold,0.600000,,0.860000,42,0.150652,0.860000,3870,1500
threshold,0.600000,,0.860000,43,0.151342,0.860000,3870,1500
threshold,0.600000,,0.860000,44,0.149179,0.860000,3870,1500
threshold,0.600000,,0.860000,45,0.156571,0.860000,3870,1500
threshold,0.600000,,0.860000,46,0.150423,0.860000,3870,1500
threshold,0.600000,,0.860000,47,0.152505,0.860000,3870,1500
threshold,0.600000,,0.860000,48,0.147241,0.860000,3870,1500
threshold,0.600000,,0.860000,49,0.155384,0.860000,3870,1500
threshold,0.600000,,0.865000,0,0.138606,0.864889,3892,1500
threshold,0.600000,,0.865000,1,0.139336,0.864889,3892,1500
threshold,0.600000,,0.865000,2,0.146748,0.864889,3892,1500
threshold,0.600000,,0.865000,3,0.141814,0.864889,3892,1500
threshold,0.600000,,0.865000,4,0.140281,0.864889,3892,1500
threshold,0.600000,,0.865000,5,0.138519,0.864889,3892,1500
threshold,0.600000,,0.865000,6,0.144656,0.864889,3892,1500
threshold,0.600000,,0.865000,7,0.147091,0.864889,3892,1500
threshold,0.600000,,0.865000,8,0.140303,0.864889,3892,1500
threshold,0.600000,,0.865000,9,0.147030,0.864889,3892,1500
threshold,0.600000,,0.865000,10,0.146104,0.864889,3892,1500
threshold,0.600000,,0.865000,11,0.148214,0.864889,3892,1500
threshold,0.600000,,0.865000,12,0.138525,0.864889,3892,1500
threshold,0.600000,,0.865000,13,0.151038,0.864889,3892,1500
threshold,0.600000,,0.865000,14,0.148090,0.864889,3892,1500
threshold,0.600000,,0.865000,15,0.138510,0.864889,3892,1500
threshold,0.600000,,0.865000,16,0.150805,0.864889,3892,1500
threshold,0.600000,,0.865000,17,0.136387,0.864889,3892,1500
threshold,0.600000,,0.865000,18,0.144674,0.864889,3892,1500
threshold,0.600000,,0.865000,19,0.146385,0.864889,3892,1500
threshold,0.600000,,0.865000,20,0.145897,0.864889,3892,1500
threshold,0.600000,,0.865000,21,0.146532,0.864889,3892,1500
threshold,0.600000,,0.865000,22,0.146231,0.864889,3892,1500
threshold,0.600000,,0.865000,23,0.142553,0.864889,3892,1500
threshold,0.600000,,0.865000,24,0.140261,0.864889,3892,1500
threshold,0.600000,,0.865000,25,0.147661,0.864889,3892,1500
threshold,0.600000,,0.865000,26,0.136197,0.864889,3892,1500
threshold,0.600000,,0.865000,27,0.140390,0.864889,3892,1500
threshold,0.600000,,0.865000,28,0.150602,0.864889,3892,1500
threshold,0.600000,,0.865000,29,0.142061,0.864889,3892,1500
threshold,0.600000,,0.865000,30,0.143334,0.864889,3892,1500
threshold,0.600000,,0.865000,31,0.146643,0.864889,3892,1500
threshold,0.600000,,0.865000,32,0.141893,0.864889,3892,1500
threshold,0.600000,,0.865000,33,0.142685,0.864889,3892,1500
threshold,0.600000,,0.865000,34,0.148421,0.864889,3892,1500
threshold,0.600000,,0.865000,35,0.147711,0.864889,3892,1500
threshold,0.600000,,0.865000,36,0.141157,0.864889,3892,1500
threshold,0.600000,,0.865000,37,0.147308,0.864889,3892,1500
threshold,0.600000,,0.865000,38,0.143607,0.864889,3892,1500
threshold,0.600000,,0.865000,39,0.143716,0.864889,3892,1500
threshold,0.600000,,0.865000,40,0.140494,0.864889,3892,1500
threshold,0.600000,,0.865000,41,0.147412,0.864889,3892,1500
threshold,0.600000,,0.865000,42,0.144790,0.864889,3892,1500
threshold,0.600000,,0.865000,43,0.146272,0.864889,3892,1500
threshold,0.600000,,0.865000,44,0.142801,0.864889,3892,1500
threshold,0.600000,,0.865000,45,0.151260,0.864889,3892,1500
threshold,0.600000,,0.865000,46,0.143845,0.864889,3892,1500
threshold,0.600000,,0.865000,47,0.146685,0.864889,3892,1500
threshold,0.600000,,0.865000,48,0.141050,0.864889,3892,1500
threshold,0.600000,,0.865000,49,0.149440,0.864889,3892,1500
threshold,0.600000,,0.870000,0,0.132769,0.870000,3915,1500
threshold,0.600000,,0.870000,1,0.133458,0.870000,3915,1500
threshold,0.600000,,0.870000,2,0.140748,0.870000,3915,1500
threshold,0.600000,,0.870000,3,0.135422,0.870000,3915,1500
threshold,0.600000,,0.870000,4,0.134412,0.870000,3915,1500
threshold,0.600000,,0.870000,5,0.131068,0.870000,3915,1500
threshold,0.600000,,0.870000,6,0.137784,0.870000,3915,1500
threshold,0.600000,,0.870000,7,0.140992,0.870000,3915,1500
threshold,0.600000,,0.870000,8,0.134776,0.870000,3915,1500
threshold,0.600000,,0.870000,9,0.140019,0.870000,3915,1500
threshold,0.600000,,0.870000,10,0.140370,0.870000,3915,1500
threshold,0.600000,,0.870000,11,0.141180,0.870000,3915,1500
threshold,0.600000,,0.870000,12,0.132733,0.870000,3915,1500
threshold,0.600000,,0.870000,13,0.144170,0.870000,3915,1500
threshold,0.600000,,0.870000,14,0.142512,0.870000,3915,1500
threshold,0.600000,,0.870000,15,0.132426,0.870000,3915,1500
threshold,0.600000,,0.870000,16,0.143977,0.870000,3915,1500
threshold,0.600000,,0.870000,17,0.130167,0.870000,3915,1500
threshold,0.600000,,0.870000,18,0.138249,0.870000,3915,1500
threshold,0.600000,,0.870000,19,0.140493,0.870000,3915,1500
threshold,0.600000,,0.870000,20,0.139491,0.870000,3915,1500
threshold,0.600000,,0.870000,21,0.140372,0.870000,3915,1500
threshold,0.600000,,0.870000,22,0.140003,0.870000,3915,1500
threshold,0.600000,,0.870000,23,0.134386,0.870000,3915,1500
threshold,0.600000,,0.870000,24,0.134538,0.870000,3915,1500
threshold,0.600000,,0.870000,25,0.141317,0.870000,3915,1500
threshold,0.600000,,0.870000,26,0.129378,0.870000,3915,1500
threshold,0.600000,,0.870000,27,0.133970,0.870000,3915,1500
threshold,0.600000,,0.870000,28,0.144417,0.870000,3915,1500
threshold,0.600000,,0.870000,29,0.135624,0.870000,3915,1500
threshold,0.600000,,0.870000,30,0.136129,0.870000,3915,1500
threshold,0.600000,,0.870000,31,0.140800,0.870000,3915,1500
threshold,0.600000,,0.870000,32,0.136326,0.870000,3915,1500
threshold,0.600000,,0.870000,33,0.136330,0.870000,3915,1500
threshold,0.600000,,0.870000,34,0.142064,0.870000,3915,1500
threshold,0.600000,,0.870000,35,0.141149,0.870000,3915,1500
threshold,0.600000,,0.870000,36,0.135362,0.870000,3915,1500
threshold,0.600000,,0.870000,37,0.141165,0.870000,3915,1500
threshold,0.600000,,0.870000,38,0.137344,0.870000,3915,1500
threshold,0.600000,,0.870000,39,0.137873,0.870000,3915,1500
threshold,0.600000,,0.870000,40,0.134669,0.870000,3915,1500
threshold,0.600000,,0.870000,41,0.140439,0.870000,3915,1500
threshold,0.600000,,0.870000,42,0.138713,0.870000,3915,1500
threshold,0.600000,,0.870000,43,0.140497,0.870000,3915,1500
threshold,0.600000,,0.870000,44,0.137625,0.870000,3915,1500
threshold,0.600000,,0.870000,45,0.145380,0.870000,3915,1500
threshold,0.600000,,0.870000,46,0.138083,0.870000,3915,1500
threshold,0.600000,,0.870000,47,0.140332,0.870000,3915,1500
threshold,0.600000,,0.870000,48,0.135142,0.870000,3915,1500
threshold,0.600000,,0.870000,49,0.143324,0.870000,3915,1500
threshold,0.600000,,0.875000,0,0.127315,0.874889,3937,1500
threshold,0.600000,,0.875000,1,0.127690,0.874889,3937,1500
threshold,0.600000,,0.875000,2,0.134476,0.874889,3937,1500
threshold,0.600000,,0.875000,3,0.129333,0.874889,3937,1500
threshold,0.600000,,0.875000,4,0.128800,0.874889,3937,1500
threshold,0.600000,,0.875000,5,0.125221,0.874889,3937,1500
threshold,0.600000,,0.875000,6,0.131522,0.874889,3937,1500
threshold,0.600000,,0.875000,7,0.134733,0.874889,3937,1314
threshold,0.600000,,0.875000,8,0.129083,0.874889,3937,1500
threshold,0.600000,,0.875000,9,0.134055,0.874889,3937,1500
threshold,0.600000,,0.875000,10,0.134953,0.874889,3937,1500
threshold,0.600000,,0.875000,11,0.134884,0.874889,3937,1500
threshold,0.600000,,0.875000,12,0.126004,0.874889,3937,1500
threshold,0.600000,,0.875000,13,0.138035,0.874889,3937,1500
threshold,0.600000,,0.875000,14,0.137226,0.874889,3937,1500
threshold,0.600000,,0.875000,15,0.126943,0.874889,3937,1500
threshold,0.600000,,0.875000,16,0.137361,0.874889,3937,1500
threshold,0.600000,,0.875000,17,0.123912,0.874889,3937,1500
threshold,0.600000,,0.875000,18,0.132553,0.874889,3937,1500
threshold,0.600000,,0.875000,19,0.134527,0.874889,3937,1500
threshold,0.600000,,0.875000,20,0.132831,0.874889,3937,1500
threshold,0.600000,,0.875000,21,0.134978,0.874889,3937,1500
threshold,0.600000,,0.875000,22,0.134286,0.874889,3937,1500
threshold,0.600000,,0.875000,23,0.128077,0.874889,3937,1500
threshold,0.600000,,0.875000,24,0.128446,0.874889,3937,1500
threshold,0.600000,,0.875000,25,0.135596,0.874889,3937,1500
threshold,0.600000,,0.875000,26,0.123182,0.874889,3937,1500
threshold,0.600000,,0.875000,27,0.127470,0.874889,3937,1500
threshold,0.600000,,0.875000,28,0.137958,0.874889,3937,1500
threshold,0.600000,,0.875000,29,0.129509,0.874889,3937,1500
threshold,0.600000,,0.875000,30,0.129942,0.874889,3937,1500
threshold,0.600000,,0.875000,31,0.135199,0.874889,3937,1500
threshold,0.600000,,0.875000,32,0.130903,0.874889,3937,1500
threshold,0.600000,,0.875000,33,0.130228,0.874889,3937,1500
threshold,0.600000,,0.875000,34,0.135334,0.874889,3937,1500
threshold,0.600000,,0.875000,35,0.134938,0.874889,3937,1500
threshold,0.600000,,0.875000,36,0.129683,0.874889,3937,1500
threshold,0.600000,,0.875000,37,0.134344,0.874889,3937,1500
threshold,0.600000,,0.875000,38,0.131385,0.874889,3937,1500
threshold,0.600000,,0.875000,39,0.131340,0.874889,3937,1500
threshold,0.600000,,0.875000,40,0.127784,0.874889,3937,1500
threshold,0.600000,,0.875000,41,0.134653,0.874889,3937,1500
threshold,0.600000,,0.875000,42,0.132729,0.874889,3937,1500
threshold,0.600000,,0.875000,43,0.134383,0.874889,3937,1500
threshold,0.600000,,0.875000,44,0.132054,0.874889,3937,1500
threshold,0.600000,,0.875000,45,0.139267,0.874889,3937,1500
threshold,0.600000,,0.875000,46,0.131716,0.874889,3937,1500
threshold,0.600000,,0.875000,47,0.133192,0.874889,3937,1500
threshold,0.600000,,0.875000,48,0.128877,0.874889,3937,1500
threshold,0.600000,,0.875000,49,0.138214,0.874889,3937,1500
threshold,0.600000,,0.880000,0,0.121556,0.880000,3960,1500
threshold,0.600000,,0.880000,1,0.121346,0.880000,3960,1500
threshold,0.600000,,0.880000,2,0.127430,0.880000,3960,1500
threshold,0.600000,,0.880000,3,0.122641,0.880000,3960,1500
threshold,0.600000,,0.880000,4,0.121473,0.880000,3960,1500
threshold,0.600000,,0.880000,5,0.118016,0.880000,3960,1500
threshold,0.600000,,0.880000,6,0.124731,0.880000,3960,1500
threshold,0.600000,,0.880000,7,0.126412,0.880000,3960,1500
threshold,0.600000,,0.880000,8,0.123213,0.880000,3960,1500
threshold,0.600000,,0.880000,9,0.127212,0.880000,3960,1500
threshold,0.600000,,0.880000,10,0.128950,0.880000,3960,1500
threshold,0.600000,,0.880000,11,0.129214,0.880000,3960,1500
threshold,0.600000,,0.880000,12,0.119379,0.880000,3960,1500
threshold,0.600000,,0.880000,13,0.132212,0.880000,3960,1500
threshold,0.600000,,0.880000,14,0.131284,0.880000,3960,1500
threshold,0.600000,,0.880000,15,0.120265,0.880000,3960,1500
threshold,0.600000,,0.880000,16,0.130861,0.880000,3960,1500
threshold,0.600000,,0.880000,17,0.117378,0.880000,3960,1500
threshold,0.600000,,0.880000,18,0.126236,0.880000,3960,1500
threshold,0.600000,,0.880000,19,0.127726,0.880000,3960,1500
threshold,0.600000,,0.880000,20,0.125898,0.880000,3960,1500
threshold,0.600000,,0.880000,21,0.128846,0.880000,3960,1500
threshold,0.600000,,0.880000,22,0.128094,0.880000,3960,1500
threshold,0.600000,,0.880000,23,0.121400,0.880000,3960,1500
threshold,0.600000,,0.880000,24,0.122367,0.880000,3960,1500
threshold,0.600000,,0.880000,25,0.128575,0.880000,3960,1500
threshold,0.600000,,0.880000,26,0.116873,0.880000,3960,1500
threshold,0.600000,,0.880000,27,0.120809,0.880000,3960,1500
threshold,0.600000,,0.880000,28,0.132022,0.880000,3960,1500
threshold,0.600000,,0.880000,29,0.123424,0.880000,3960,1500
threshold,0.600000,,0.880000,30,0.124020,0.880000,3960,1500
threshold,0.600000,,0.880000,31,0.129538,0.880000,3960,1500
threshold,0.600000,,0.880000,32,0.124408,0.880000,3960,1500
threshold,0.600000,,0.880000,33,0.123351,0.880000,3960,1500
threshold,0.600000,,0.880000,34,0.129496,0.880000,3960,1500
threshold,0.600000,,0.880000,35,0.129192,0.880000,3960,1500
threshold,0.600000,,0.880000,36,0.122740,0.880000,3960,1500
threshold,0.600000,,0.880000,37,0.127090,0.880000,3960,1500
threshold,0.600000,,0.880000,38,0.125218,0.880000,3960,1500
threshold,0.600000,,0.880000,39,0.124783,0.880000,3960,1500
threshold,0.600000,,0.880000,40,0.120572,0.880000,3960,1500
threshold,0.600000,,0.880000,41,0.127661,0.880000,3960,1500
threshold,0.600000,,0.880000,42,0.125872,0.880000,3960,1500
threshold,0.600000,,0.880000,43,0.128739,0.880000,3960,1500
threshold,0.600000,,0.880000,44,0.125539,0.880000,3960,1500
threshold,0.600000,,0.880000,45,0.133247,0.880000,3960,1500
threshold,0.600000,,0.880000,46,0.125420,0.880000,3960,1500
threshold,0.600000,,0.880000,47,0.127398,0.880000,3960,1500
threshold,0.600000,,0.880000,48,0.122182,0.880000,3960,1500
threshold,0.600000,,0.880000,49,0.130994,0.880000,3960,1500
threshold,0.600000,,0.885000,0,0.114429,0.884889,3982,1500
threshold,0.600000,,0.885000,1,0.114435,0.884889,3982,1500
threshold,0.600000,,0.885000,2,0.120507,0.884889,3982,1500
threshold,0.600000,,0.885000,3,0.115826,0.884889,3982,1500
threshold,0.600000,,0.885000,4,0.113844,0.884889,3982,1500
threshold,0.600000,,0.885000,5,0.111815,0.884889,3982,1500
threshold,0.600000,,0.885000,6,0.118790,0.884889,3982,1500
threshold,0.600000,,0.885000,7,0.120246,0.884889,3982,1500
threshold,0.600000,,0.885000,8,0.117308,0.884889,3982,1500
threshold,0.600000,,0.885000,9,0.120976,0.884889,3982,1500
threshold,0.600000,,0.885000,10,0.123058,0.884889,3982,1500
threshold,0.600000,,0.885000,11,0.123307,0.884889,3982,1500
threshold,0.600000,,0.885000,12,0.112724,0.884889,3982,1500
threshold,0.600000,,0.885000,13,0.125926,0.884889,3982,1500
threshold,0.600000,,0.885000,14,0.124785,0.884889,3982,1500
threshold,0.600000,,0.885000,15,0.114037,0.884889,3982,1500
threshold,0.600000,,0.885000,16,0.124056,0.884889,3982,1500
threshold,0.600000,,0.885000,17,0.109040,0.884889,3982,1500
threshold,0.600000,,0.885000,18,0.119527,0.884889,3982,1500
threshold,0.600000,,0.885000,19,0.121377,0.884889,3982,1500
threshold,0.600000,,0.885000,20,0.120244,0.884889,3982,1500
threshold,0.600000,,0.885000,21,0.123203,0.884889,3982,1500
threshold,0.600000,,0.885000,22,0.121719,0.884889,3982,1500
threshold,0.600000,,0.885000,23,0.115347,0.884889,3982,1500
threshold,0.600000,,0.885000,24,0.115743,0.884889,3982,1500
threshold,0.600000,,0.885000,25,0.122650,0.884889,3982,1500
threshold,0.600000,,0.885000,26,0.111141,0.884889,3982,1500
threshold,0.600000,,0.885000,27,0.114308,0.884889,3982,1500
threshold,0.600000,,0.885000,28,0.125741,0.884889,3982,1500
threshold,0.600000,,0.885000,29,0.116613,0.884889,3982,1500
threshold,0.600000,,0.885000,30,0.118156,0.884889,3982,1500
threshold,0.600000,,0.885000,31,0.123745,0.884889,3982,1500
threshold,0.600000,,0.885000,32,0.118089,0.884889,3982,1500
threshold,0.600000,,0.885000,33,0.116931,0.884889,3982,1500
threshold,0.600000,,0.885000,34,0.122893,0.884889,3982,1500
threshold,0.600000,,0.885000,35,0.121675,0.884889,3982,1500
threshold,0.600000,,0.885000,36,0.115827,0.884889,3982,1500
threshold,0.600000,,0.885000,37,0.119850,0.884889,3982,1500
threshold,0.600000,,0.885000,38,0.119543,0.884889,3982,1500
threshold,0.600000,,0.885000,39,0.117845,0.884889,3982,1500
threshold,0.600000,,0.885000,40,0.115182,0.884889,3982,1500
threshold,0.600000,,0.885000,41,0.121620,0.884889,3982,1500
threshold,0.600000,,0.885000,42,0.119332,0.884889,3982,1500
threshold,0.600000,,0.885000,43,0.122890,0.884889,3982,1500
threshold,0.600000,,0.885000,44,0.119121,0.884889,3982,1500
threshold,0.600000,,0.885000,45,0.126314,0.884889,3982,1500
threshold,0.600000,,0.885000,46,0.119468,0.884889,3982,1500
threshold,0.600000,,0.885000,47,0.121484,0.884889,3982,1500
threshold,0.600000,,0.885000,48,0.116286,0.884889,3982,1500
threshold,0.600000,,0.885000,49,0.123874,0.884889,3982,1500
threshold,0.600000,,0.890000,0,0.108195,0.890000,4005,1500
threshold,0.600000,,0.890000,1,0.108015,0.890000,4005,1500
threshold,0.600000,,0.890000,2,0.113439,0.890000,4005,1500
threshold,0.600000,,0.890000,3,0.107670,0.890000,4005,1500
threshold,0.600000,,0.890000,4,0.107495,0.890000,4005,1500
threshold,0.600000,,0.890000,5,0.104484,0.890000,4005,1500
threshold,0.600000,,0.890000,6,0.112352,0.890000,4005,1500
threshold,0.600000,,0.890000,7,0.112857,0.890000,4005,1500
threshold,0.600000,,0.890000,8,0.110597,0.890000,4005,1500
threshold,0.600000,,0.890000,9,0.112187,0.890000,4005,1500
threshold,0.600000,,0.890000,10,0.115845,0.890000,4005,1500
threshold,0.600000,,0.890000,11,0.116022,0.890000,4005,1500
threshold,0.600000,,0.890000,12,0.105984,0.890000,4005,1500
threshold,0.600000,,0.890000,13,0.119432,0.890000,4005,1500
threshold,0.600000,,0.890000,14,0.118913,0.890000,4005,1500
threshold,0.600000,,0.890000,15,0.107282,0.890000,4005,1500
threshold,0.600000,,0.890000,16,0.117512,0.890000,4005,1500
threshold,0.600000,,0.890000,17,0.102035,0.890000,4005,1500
threshold,0.600000,,0.890000,18,0.111990,0.890000,4005,1500
threshold,0.600000,,0.890000,19,0.114381,0.890000,4005,1500
threshold,0.600000,,0.890000,20,0.113108,0.890000,4005,1500
threshold,0.600000,,0.890000,21,0.117051,0.890000,4005,1500
threshold,0.600000,,0.890000,22,0.115076,0.890000,4005,1500
threshold,0.600000,,0.890000,23,0.108909,0.890000,4005,1500
threshold,0.600000,,0.890000,24,0.109590,0.890000,4005,1500
threshold,0.600000,,0.890000,25,0.115648,0.890000,4005,1500
threshold,0.600000,,0.890000,26,0.104715,0.890000,4005,1500
threshold,0.600000,,0.890000,27,0.107376,0.890000,4005,1500
threshold,0.600000,,0.890000,28,0.118584,0.890000,4005,1500
threshold,0.600000,,0.890000,29,0.110452,0.890000,4005,1500
threshold,0.600000,,0.890000,30,0.112067,0.890000,4005,1500
threshold,0.600000,,0.890000,31,0.116646,0.890000,4005,1500
threshold,0.600000,,0.890000,32,0.110832,0.890000,4005,1500
threshold,0.600000,,0.890000,33,0.108949,0.890000,4005,1500
threshold,0.600000,,0.890000,34,0.113718,0.890000,4005,1500
threshold,0.600000,,0.890000,35,0.114970,0.890000,4005,1500
threshold,0.600000,,0.890000,36,0.108385,0.890000,4005,1500
threshold,0.600000,,0.890000,37,0.113115,0.890000,4005,1500
threshold,0.600000,,0.890000,38,0.112717,0.890000,4005,1500
threshold,0.600000,,0.890000,39,0.110715,0.890000,4005,1500
threshold,0.600000,,0.890000,40,0.108143,0.890000,4005,1500
threshold,0.600000,,0.890000,41,0.114452,0.890000,4005,1500
threshold,0.600000,,0.890000,42,0.113238,0.890000,4005,1500
threshold,0.600000,,0.890000,43,0.117177,0.890000,4005,1500
threshold,0.600000,,0.890000,44,0.111985,0.890000,4005,1500
threshold,0.600000,,0.890000,45,0.118850,0.890000,4005,1500
threshold,0.600000,,0.890000,46,0.113071,0.890000,4005,1500
threshold,0.600000,,0.890000,47,0.115040,0.890000,4005,1500
threshold,0.600000,,0.890000,48,0.109733,0.890000,4005,1500
threshold,0.600000,,0.890000,49,0.117126,0.890000,4005,1500
threshold,0.600000,,0.895000,0,0.100994,0.894889,4027,1500
threshold,0.600000,,0.895000,1,0.101883,0.894889,4027,1500
threshold,0.600000,,0.895000,2,0.107431,0.894889,4027,1500
threshold,0.600000,,0.895000,3,0.099181,0.894889,4027,1500
threshold,0.600000,,0.895000,4,0.100414,0.894889,4027,1500
threshold,0.600000,,0.895000,5,0.098635,0.894889,4027,1500
threshold,0.600000,,0.895000,6,0.105553,0.894889,4027,1500
threshold,0.600000,,0.895000,7,0.106319,0.894889,4027,1500
threshold,0.600000,,0.895000,8,0.104157,0.894889,4027,1500
threshold,0.600000,,0.895000,9,0.105086,0.894889,4027,1500
threshold,0.600000,,0.895000,10,0.108290,0.894889,4027,1500
threshold,0.600000,,0.895000,11,0.109330,0.894889,4027,1500
threshold,0.600000,,0.895000,12,0.099677,0.894889,4027,1500
threshold,0.600000,,0.895000,13,0.112709,0.894889,4027,1500
threshold,0.600000,,0.895000,14,0.112466,0.894889,4027,1500
threshold,0.600000,,0.895000,15,0.100621,0.894889,4027,1500
threshold,0.600000,,0.895000,16,0.111174,0.894889,4027,1500
threshold,0.600000,,0.895000,17,0.095543,0.894889,4027,1500
threshold,0.600000,,0.895000,18,0.104702,0.894889,4027,1500
threshold,0.600000,,0.895000,19,0.107475,0.894889,4027,1500
threshold,0.600000,,0.895000,20,0.105542,0.894889,4027,1500
threshold,0.600000,,0.895000,21,0.110069,0.894889,4027,1500
threshold,0.600000,,0.895000,22,0.108904,0.894889,4027,1500
threshold,0.600000,,0.895000,23,0.103103,0.894889,4027,1500
threshold,0.600000,,0.895000,24,0.102808,0.894889,4027,1500
threshold,0.600000,,0.895000,25,0.107459,0.894889,4027,1500
threshold,0.600000,,0.895000,26,0.098292,0.894889,4027,1500
threshold,0.600000,,0.895000,27,0.100382,0.894889,4027,1500
threshold,0.600000,,0.895000,28,0.112109,0.894889,4027,1500
threshold,0.600000,,0.895000,29,0.104604,0.894889,4027,1500
threshold,0.600000,,0.895000,30,0.105952,0.894889,4027,1500
threshold,0.600000,,0.895000,31,0.110291,0.894889,4027,1500
threshold,0.600000,,0.895000,32,0.105254,0.894889,4027,1500
threshold,0.600000,,0.895000,33,0.102488,0.894889,4027,1500
threshold,0.600000,,0.895000,34,0.106825,0.894889,4027,1500
threshold,0.600000,,0.895000,35,0.107890,0.894889,4027,1500
threshold,0.600000,,0.895000,36,0.101431,0.894889,4027,1500
threshold,0.600000,,0.895000,37,0.106328,0.894889,4027,1500
threshold,0.600000,,0.895000,38,0.106920,0.894889,4027,1500
threshold,0.600000,,0.895000,39,0.104531,0.894889,4027,1500
threshold,0.600000,,0.895000,40,0.100832,0.894889,4027,1500
threshold,0.600000,,0.895000,41,0.107874,0.894889,4027,1500
threshold,0.600000,,0.895000,42,0.107075,0.894889,4027,1500
threshold,0.600000,,0.895000,43,0.110986,0.894889,4027,1500
threshold,0.600000,,0.895000,44,0.104039,0.894889,4027,1500
threshold,0.600000,,0.895000,45,0.113194,0.894889,4027,1500
threshold,0.600000,,0.895000,46,0.107332,0.894889,4027,1500
threshold,0.600000,,0.895000,47,0.109191,0.894889,4027,1500
threshold,0.600000,,0.895000,48,0.103359,0.894889,4027,1500
threshold,0.600000,,0.895000,49,0.110484,0.894889,4027,1500
threshold,0.600000,,0.900000,0,0.094933,0.900000,4050,1500
threshold,0.600000,,0.900000,1,0.095303,0.900000,4050,1500
threshold,0.600000,,0.900000,2,0.099987,0.900000,4050,1500
threshold,0.600000,,0.900000,3,0.092040,0.900000,4050,1500
threshold,0.600000,,0.900000,4,0.093389,0.900000,4050,1500
threshold,0.600000,,0.900000,5,0.091157,0.900000,4050,1500
threshold,0.600000,,0.900000,6,0.097958,0.900000,4050,1500
threshold,0.600000,,0.900000,7,0.099357,0.900000,4050,1500
threshold,0.600000,,0.900000,8,0.097779,0.900000,4050,1500
threshold,0.600000,,0.900000,9,0.097472,0.900000,4050,1500
threshold,0.600000,,0.900000,10,0.102316,0.900000,4050,1500
threshold,0.600000,,0.900000,11,0.101361,0.900000,4050,1500
threshold,0.600000,,0.900000,12,0.092263,0.900000,4050,1500
threshold,0.600000,,0.900000,13,0.106248,0.900000,4050,1500
threshold,0.600000,,0.900000,14,0.106139,0.900000,4050,1500
threshold,0.600000,,0.900000,15,0.093953,0.900000,4050,1500
threshold,0.600000,,0.900000,16,0.103520,0.900000,4050,1500
threshold,0.600000,,0.900000,17,0.088926,0.900000,4050,1500
threshold,0.600000,,0.900000,18,0.097140,0.900000,4050,1500
threshold,0.600000,,0.900000,19,0.100560,0.900000,4050,1500
threshold,0.600000,,0.900000,20,0.098197,0.900000,4050,1500
threshold,0.600000,,0.900000,21,0.103293,0.900000,4050,1500
threshold,0.600000,,0.900000,22,0.101933,0.900000,4050,1500
threshold,0.600000,,0.900000,23,0.095713,0.900000,4050,1500
threshold,0.600000,,0.900000,24,0.096233,0.900000,4050,1500
threshold,0.600000,,0.900000,25,0.100205,0.900000,4050,1500
threshold,0.600000,,0.900000,26,0.091818,0.900000,4050,1500
threshold,0.600000,,0.900000,27,0.092823,0.900000,4050,1500
threshold,0.600000,,0.900000,28,0.103830,0.900000,4050,1500
threshold,0.600000,,0.900000,29,0.098017,0.900000,4050,1500
threshold,0.600000,,0.900000,30,0.099373,0.900000,4050,1500
threshold,0.600000,,0.900000,31,0.103549,0.900000,4050,1500
threshold,0.600000,,0.900000,32,0.097899,0.900000,4050,1500
threshold,0.600000,,0.900000,33,0.094823,0.900000,4050,1500
threshold,0.600000,,0.900000,34,0.100257,0.900000,4050,1500
threshold,0.600000,,0.900000,35,0.101001,0.900000,4050,1500
threshold,0.600000,,0.900000,36,0.093704,0.900000,4050,1500
threshold,0.600000,,0.900000,37,0.099562,0.900000,4050,1500
threshold,0.600000,,0.900000,38,0.100174,0.900000,4050,1500
threshold,0.600000,,0.900000,39,0.097607,0.900000,4050,1500
threshold,0.600000,,0.900000,40,0.093945,0.900000,4050,1500
threshold,0.600000,,0.900000,41,0.099280,0.900000,4050,1500
threshold,0.600000,,0.900000,42,0.100251,0.900000,4050,1500
threshold,0.600000,,0.900000,43,0.104424,0.900000,4050,1500
threshold,0.600000,,0.900000,44,0.097633,0.900000,4050,1500
threshold,0.600000,,0.900000,45,0.106758,0.900000,4050,1500
threshold,0.600000,,0.900000,46,0.100167,0.900000,4050,1500
threshold,0.600000,,0.900000,47,0.102892,0.900000,4050,1500
threshold,0.600000,,0.900000,48,0.096619,0.900000,4050,1500
threshold,0.600000,,0.900000,49,0.103537,0.900000,4050,1500
threshold,0.600000,,0.905000,0,0.087929,0.904889,4072,1500
threshold,0.600000,,0.905000,1,0.089584,0.904889,4072,1500
threshold,0.600000,,0.905000,2,0.091885,0.904889,4072,1500
threshold,0.600000,,0.905000,3,0.082868,0.904889,4072,1500
threshold,0.600000,,0.905000,4,0.086318,0.904889,4072,1500
threshold,0.600000,,0.905000,5,0.084854,0.904889,4072,1500
threshold,0.600000,,0.905000,6,0.091394,0.904889,4072,1500
threshold,0.600000,,0.905000,7,0.092151,0.904889,4072,1500
threshold,0.600000,,0.905000,8,0.091517,0.904889,4072,1500
threshold,0.600000,,0.905000,9,0.090005,0.904889,4072,1500
threshold,0.600000,,0.905000,10,0.095534,0.904889,4072,1500
threshold,0.600000,,0.905000,11,0.092550,0.904889,4072,1500
threshold,0.600000,,0.905000,12,0.084429,0.904889,4072,1500
threshold,0.600000,,0.905000,13,0.098078,0.904889,4072,1500
threshold,0.600000,,0.905000,14,0.099642,0.904889,4072,1500
threshold,0.600000,,0.905000,15,0.087684,0.904889,4072,1500
threshold,0.600000,,0.905000,16,0.097411,0.904889,4072,1500
threshold,0.600000,,0.905000,17,0.081549,0.904889,4072,1500
threshold,0.600000,,0.905000,18,0.089861,0.904889,4072,1500
threshold,0.600000,,0.905000,19,0.093326,0.904889,4072,1500
threshold,0.600000,,0.905000,20,0.090155,0.904889,4072,1500
threshold,0.600000,,0.905000,21,0.095769,0.904889,4072,1500
threshold,0.600000,,0.905000,22,0.093969,0.904889,4072,1500
threshold,0.600000,,0.905000,23,0.087618,0.904889,4072,1500
threshold,0.600000,,0.905000,24,0.089083,0.904889,4072,1500
threshold,0.600000,,0.905000,25,0.093650,0.904889,4072,1500
threshold,0.600000,,0.905000,26,0.084784,0.904889,4072,1500
threshold,0.600000,,0.905000,27,0.085619,0.904889,4072,1500
threshold,0.600000,,0.905000,28,0.097699,0.904889,4072,1500
threshold,0.600000,,0.905000,29,0.091764,0.904889,4072,1500
threshold,0.600000,,0.905000,30,0.093100,0.904889,4072,1500
threshold,0.600000,,0.905000,31,0.095144,0.904889,4072,1500
threshold,0.600000,,0.905000,32,0.090907,0.904889,4072,1500
threshold,0.600000,,0.905000,33,0.087882,0.904889,4072,1500
threshold,0.600000,,0.905000,34,0.093623,0.904889,4072,1500
threshold,0.600000,,0.905000,35,0.094486,0.904889,4072,1500
threshold,0.600000,,0.905000,36,0.085940,0.904889,4072,1500
threshold,0.600000,,0.905000,37,0.092213,0.904889,4072,1500
threshold,0.600000,,0.905000,38,0.093412,0.904889,4072,1500
threshold,0.600000,,0.905000,39,0.091173,0.904889,4072,1500
threshold,0.600000,,0.905000,40,0.087742,0.904889,4072,1500
threshold,0.600000,,0.905000,41,0.093258,0.904889,4072,1500
threshold,0.600000,,0.905000,42,0.092912,0.904889,4072,1500
threshold,0.600000,,0.905000,43,0.097962,0.904889,4072,1500
threshold,0.600000,,0.905000,44,0.091231,0.904889,4072,1500
threshold,0.600000,,0.905000,45,0.098758,0.904889,4072,1500
threshold,0.600000,,0.905000,46,0.093381,0.904889,4072,1500
threshold,0.600000,,0.905000,47,0.096179,0.904889,4072,1500
threshold,0.600000,,0.905000,48,0.089875,0.904889,4072,1500
threshold,0.600000,,0.905000,49,0.097184,0.904889,4072,1500
threshold,0.600000,,0.910000,0,0.079748,0.910000,4095,1500
threshold,0.600000,,0.910000,1,0.081672,0.910000,4095,1500
threshold,0.600000,,0.910000,2,0.083731,0.910000,4095,1500
threshold,0.600000,,0.910000,3,0.076543,0.910000,4095,1500
threshold,0.600000,,0.910000,4,0.077508,0.910000,4095,1500
threshold,0.600000,,0.910000,5,0.075363,0.910000,4095,1500
threshold,0.600000,,0.910000,6,0.083893,0.910000,4095,1500
threshold,0.600000,,0.910000,7,0.084622,0.910000,4095,1500
threshold,0.600000,,0.910000,8,0.084486,0.910000,4095,1500
threshold,0.600000,,0.910000,9,0.080816,0.910000,4095,1500
threshold,0.600000,,0.910000,10,0.087625,0.910000,4095,1500
threshold,0.600000,,0.910000,11,0.085407,0.910000,4095,1500
threshold,0.600000,,0.910000,12,0.075732,0.910000,4095,1500
threshold,0.600000,,0.910000,13,0.089780,0.910000,4095,1500
threshold,0.600000,,0.910000,14,0.092369,0.910000,4095,1500
threshold,0.600000,,0.910000,15,0.080485,0.910000,4095,1500
threshold,0.600000,,0.910000,16,0.090274,0.910000,4095,1500
threshold,0.600000,,0.910000,17,0.072969,0.910000,4095,1500
threshold,0.600000,,0.910000,18,0.081559,0.910000,4095,1500
threshold,0.600000,,0.910000,19,0.086424,0.910000,4095,1500
threshold,0.600000,,0.910000,20,0.082294,0.910000,4095,1500
threshold,0.600000,,0.910000,21,0.088292,0.910000,4095,1500
threshold,0.600000,,0.910000,22,0.086598,0.910000,4095,1500
threshold,0.600000,,0.910000,23,0.079696,0.910000,4095,1500
threshold,0.600000,,0.910000,24,0.078907,0.910000,4095,1500
threshold,0.600000,,0.910000,25,0.086753,0.910000,4095,1500
threshold,0.600000,,0.910000,26,0.075468,0.910000,4095,1500
threshold,0.600000,,0.910000,27,0.077226,0.910000,4095,1500
threshold,0.600000,,0.910000,28,0.089392,0.910000,4095,1500
threshold,0.600000,,0.910000,29,0.084495,0.910000,4095,1500
threshold,0.600000,,0.910000,30,0.085237,0.910000,4095,1500
threshold,0.600000,,0.910000,31,0.086850,0.910000,4095,1500
threshold,0.600000,,0.910000,32,0.082812,0.910000,4095,1500
threshold,0.600000,,0.910000,33,0.080861,0.910000,4095,1500
threshold,0.600000,,0.910000,34,0.086554,0.910000,4095,1500
threshold,0.600000,,0.910000,35,0.087273,0.910000,4095,1500
threshold,0.600000,,0.910000,36,0.078363,0.910000,4095,1500
threshold,0.600000,,0.910000,37,0.085074,0.910000,4095,1500
threshold,0.600000,,0.910000,38,0.086148,0.910000,4095,1500
threshold,0.600000,,0.910000,39,0.083479,0.910000,4095,1500
threshold,0.600000,,0.910000,40,0.080976,0.910000,4095,1500
threshold,0.600000,,0.910000,41,0.085641,0.910000,4095,1500
threshold,0.600000,,0.910000,42,0.085699,0.910000,4095,1500
threshold,0.600000,,0.910000,43,0.090188,0.910000,4095,1500
threshold,0.600000,,0.910000,44,0.084584,0.910000,4095,1500
threshold,0.600000,,0.910000,45,0.092337,0.910000,4095,1500
threshold,0.600000,,0.910000,46,0.084310,0.910000,4095,1500
threshold,0.600000,,0.910000,47,0.088869,0.910000,4095,1500
threshold,0.600000,,0.910000,48,0.082725,0.910000,4095,1500
threshold,0.600000,,0.910000,49,0.089313,0.910000,4095,1500
threshold,0.600000,,0.915000,0,0.071403,0.914889,4117,1500
threshold,0.600000,,0.915000,1,0.074090,0.914889,4117,1500
threshold,0.600000,,0.915000,2,0.077044,0.914889,4117,1500
threshold,0.600000,,0.915000,3,0.069350,0.914889,4117,1494
threshold,0.600000,,0.915000,4,0.067497,0.914889,4117,1500
threshold,0.600000,,0.915000,5,0.066242,0.914889,4117,1500
threshold,0.600000,,0.915000,6,0.076846,0.914889,4117,1500
threshold,0.600000,,0.915000,7,0.078490,0.914889,4117,1500
threshold,0.600000,,0.915000,8,0.076760,0.914889,4117,1500
threshold,0.600000,,0.915000,9,0.071668,0.914889,4117,1500
threshold,0.600000,,0.915000,10,0.079052,0.914889,4117,1500
threshold,0.600000,,0.915000,11,0.077146,0.914889,4117,1500
threshold,0.600000,,0.915000,12,0.069098,0.914889,4117,1500
threshold,0.600000,,0.915000,13,0.081680,0.914889,4117,1500
threshold,0.600000,,0.915000,14,0.085983,0.914889,4117,1500
threshold,0.600000,,0.915000,15,0.074120,0.914889,4117,1500
threshold,0.600000,,0.915000,16,0.083223,0.914889,4117,1500
threshold,0.600000,,0.915000,17,0.066618,0.914889,4117,1500
threshold,0.600000,,0.915000,18,0.074394,0.914889,4117,1500
threshold,0.600000,,0.915000,19,0.079261,0.914889,4117,1500
threshold,0.600000,,0.915000,20,0.074136,0.914889,4117,1500
threshold,0.600000,,0.915000,21,0.081310,0.914889,4117,1500
threshold,0.600000,,0.915000,22,0.079647,0.914889,4117,1500
threshold,0.600000,,0.915000,23,0.070898,0.914889,4117,1500
threshold,0.600000,,0.915000,24,0.070573,0.914889,4117,1500
threshold,0.600000,,0.915000,25,0.078887,0.914889,4117,1500
threshold,0.600000,,0.915000,26,0.067869,0.914889,4117,1500
threshold,0.600000,,0.915000,27,0.000000,0.914889,4117,546
threshold,0.600000,,0.915000,28,0.083278,0.914889,4117,1500
threshold,0.600000,,0.915000,29,0.077975,0.914889,4117,1500
threshold,0.600000,,0.915000,30,0.077103,0.914889,4117,1500
threshold,0.600000,,0.915000,31,0.077631,0.914889,4117,1500
threshold,0.600000,,0.915000,32,0.074552,0.914889,4117,1500
threshold,0.600000,,0.915000,33,0.074112,0.914889,4117,1500
threshold,0.600000,,0.915000,34,0.079621,0.914889,4117,1500
threshold,0.600000,,0.915000,35,0.078539,0.914889,4117,1500
threshold,0.600000,,0.915000,36,0.070540,0.914889,4117,1500
threshold,0.600000,,0.915000,37,0.077724,0.914889,4117,1500
threshold,0.600000,,0.915000,38,0.079709,0.914889,4117,1500
threshold,0.600000,,0.915000,39,0.075365,0.914889,4117,1500
threshold,0.600000,,0.915000,40,0.072735,0.914889,4117,1500
threshold,0.600000,,0.915000,41,0.077759,0.914889,4117,1500
threshold,0.600000,,0.915000,42,0.078011,0.914889,4117,1500
threshold,0.600000,,0.915000,43,0.083745,0.914889,4117,1500
threshold,0.600000,,0.915000,44,0.075698,0.914889,4117,1500
threshold,0.600000,,0.915000,45,0.086307,0.914889,4117,1500
threshold,0.600000,,0.915000,46,0.076013,0.914889,4117,1500
threshold,0.600000,,0.915000,47,0.081893,0.914889,4117,1500
threshold,0.600000,,0.915000,48,0.074484,0.914889,4117,1500
threshold,0.600000,,0.915000,49,0.081722,0.914889,4117,1500
threshold,0.600000,,0.920000,0,0.065896,0.920000,4140,1500
threshold,0.600000,,0.920000,1,0.062615,0.920000,4140,1500
threshold,0.600000,,0.920000,2,0.069494,0.920000,4140,1500
threshold,0.600000,,0.920000,3,0.060045,0.920000,4140,1500
threshold,0.600000,,0.920000,4,0.059228,0.920000,4140,1500
threshold,0.600000,,0.920000,5,0.055558,0.920000,4140,1500
threshold,0.600000,,0.920000,6,0.068721,0.920000,4140,1500
threshold,0.600000,,0.920000,7,0.071579,0.920000,4140,1500
threshold,0.600000,,0.920000,8,0.068977,0.920000,4140,1500
threshold,0.600000,,0.920000,9,0.063766,0.920000,4140,1500
threshold,0.600000,,0.920000,10,0.070094,0.920000,4140,1500
threshold,0.600000,,0.920000,11,0.069843,0.920000,4140,1500
threshold,0.600000,,0.920000,12,0.061142,0.920000,4140,1500
threshold,0.600000,,0.920000,13,0.069961,0.920000,4140,1500
threshold,0.600000,,0.920000,14,0.078125,0.920000,4140,1500
threshold,0.600000,,0.920000,15,0.065767,0.920000,4140,1500
threshold,0.600000,,0.920000,16,0.075765,0.920000,4140,1500
threshold,0.600000,,0.920000,17,0.058275,0.920000,4140,1500
threshold,0.600000,,0.920000,18,0.065690,0.920000,4140,1500
threshold,0.600000,,0.920000,19,0.071334,0.920000,4140,1500
threshold,0.600000,,0.920000,20,0.062896,0.920000,4140,1500
threshold,0.600000,,0.920000,21,0.073137,0.920000,4140,1500
threshold,0.600000,,0.920000,22,0.071661,0.920000,4140,1500
threshold,0.600000,,0.920000,23,0.057868,0.920000,4140,1500
threshold,0.600000,,0.920000,24,0.000000,0.920000,4140,561
threshold,0.600000,,0.920000,25,0.069323,0.920000,4140,1500
threshold,0.600000,,0.920000,26,0.058944,0.920000,4140,1500
threshold,0.600000,,0.920000,27,0.000000,0.920000,4140,521
threshold,0.600000,,0.920000,28,0.075046,0.920000,4140,1500
threshold,0.600000,,0.920000,29,0.070035,0.920000,4140,1500
threshold,0.600000,,0.920000,30,0.068969,0.920000,4140,1500
threshold,0.600000,,0.920000,31,0.070002,0.920000,4140,1500
threshold,0.600000,,0.920000,32,0.066214,0.920000,4140,1500
threshold,0.600000,,0.920000,33,0.062275,0.920000,4140,1500
threshold,0.600000,,0.920000,34,0.071346,0.920000,4140,1500
threshold,0.600000,,0.920000,35,0.069026,0.920000,4140,1500
threshold,0.600000,,0.920000,36,0.058242,0.920000,4140,1500
threshold,0.600000,,0.920000,37,0.068511,0.920000,4140,1500
threshold,0.600000,,0.920000,38,0.072209,0.920000,4140,1500
threshold,0.600000,,0.920000,39,0.065653,0.920000,4140,1500
threshold,0.600000,,0.920000,40,0.065967,0.920000,4140,1500
threshold,0.600000,,0.920000,41,0.070035,0.920000,4140,1500
threshold,0.600000,,0.920000,42,0.070194,0.920000,4140,1500
threshold,0.600000,,0.920000,43,0.075909,0.920000,4140,1500
threshold,0.600000,,0.920000,44,0.066942,0.920000,4140,1500
threshold,0.600000,,0.920000,45,0.078273,0.920000,4140,1500
threshold,0.600000,,0.920000,46,0.068184,0.920000,4140,1500
threshold,0.600000,,0.920000,47,0.073389,0.920000,4140,1500
threshold,0.600000,,0.920000,48,0.066195,0.920000,4140,1500
threshold,0.600000,,0.920000,49,0.072537,0.920000,4140,1500
threshold,0.600000,,0.925000,0,0.051336,0.924889,4162,1500
threshold,0.600000,,0.925000,1,0.054952,0.924889,4162,1500
threshold,0.600000,,0.925000,2,0.052272,0.924889,4162,1500
threshold,0.600000,,0.925000,3,0.000000,0.924889,4162,519
threshold,0.600000,,0.925000,4,0.050797,0.924889,4162,1500
threshold,0.600000,,0.925000,5,0.000000,0.924889,4162,532
threshold,0.600000,,0.925000,6,0.061840,0.924889,4162,1500
threshold,0.600000,,0.925000,7,0.064169,0.924889,4162,1500
threshold,0.600000,,0.925000,8,0.060225,0.924889,4162,1500
threshold,0.600000,,0.925000,9,0.056058,0.924889,4162,1500
threshold,0.600000,,0.925000,10,0.000000,0.924889,4162,540
threshold,0.600000,,0.925000,11,0.062083,0.924889,4162,1500
threshold,0.600000,,0.925000,12,0.002418,0.924889,4162,1500
threshold,0.600000,,0.925000,13,0.054510,0.924889,4162,1500
threshold,0.600000,,0.925000,14,0.071171,0.924889,4162,1433
threshold,0.600000,,0.925000,15,0.056623,0.924889,4162,1500
threshold,0.600000,,0.925000,16,0.069079,0.924889,4162,1500
threshold,0.600000,,0.925000,17,0.050560,0.924889,4162,1500
threshold,0.600000,,0.925000,18,0.000000,0.924889,4162,528
threshold,0.600000,,0.925000,19,0.005438,0.924889,4162,1500
threshold,0.600000,,0.925000,20,0.050177,0.924889,4162,1500
threshold,0.600000,,0.925000,21,0.000000,0.924889,4162,525
threshold,0.600000,,0.925000,22,0.063714,0.924889,4162,1500
threshold,0.600000,,0.925000,23,0.013366,0.924889,4162,1500
threshold,0.600000,,0.925000,24,0.000000,0.924889,4162,519
threshold,0.600000,,0.925000,25,0.062410,0.924889,4162,1500
threshold,0.600000,,0.925000,26,0.000000,0.924889,4162,520
threshold,0.600000,,0.925000,27,0.000000,0.924889,4162,513
threshold,0.600000,,0.925000,28,0.066848,0.924889,4162,1500
threshold,0.600000,,0.925000,29,0.063013,0.924889,4162,1500
threshold,0.600000,,0.925000,30,0.058181,0.924889,4162,1500
threshold,0.600000,,0.925000,31,0.043919,0.924889,4162,1500
threshold,0.600000,,0.925000,32,0.056601,0.924889,4162,1500
threshold,0.600000,,0.925000,33,0.041356,0.924889,4162,1500
threshold,0.600000,,0.925000,34,0.062913,0.924889,4162,1500
threshold,0.600000,,0.925000,35,0.061355,0.924889,4162,1500
threshold,0.600000,,0.925000,36,0.000000,0.924889,4162,532
threshold,0.600000,,0.925000,37,0.003863,0.924889,4162,1500
threshold,0.600000,,0.925000,38,0.064428,0.924889,4162,1500
threshold,0.600000,,0.925000,39,0.015024,0.924889,4162,1500
threshold,0.600000,,0.925000,40,0.057511,0.924889,4162,1500
threshold,0.600000,,0.925000,41,0.063544,0.924889,4162,1500
threshold,0.600000,,0.925000,42,0.061422,0.924889,4162,1500
threshold,0.600000,,0.925000,43,0.068489,0.924889,4162,1500
threshold,0.600000,,0.925000,44,0.052139,0.924889,4162,1500
threshold,0.600000,,0.925000,45,0.070495,0.924889,4162,1500
threshold,0.600000,,0.925000,46,0.060274,0.924889,4162,1500
threshold,0.600000,,0.925000,47,0.062440,0.924889,4162,1500
threshold,0.600000,,0.925000,48,0.055552,0.924889,4162,1500
threshold,0.600000,,0.925000,49,0.000000,0.924889,4162,544
threshold,0.600000,,0.930000,0,0.000000,0.930000,4185,521
threshold,0.600000,,0.930000,1,0.000000,0.930000,4185,550
threshold,0.600000,,0.930000,2,0.000000,0.930000,4185,537
threshold,0.600000,,0.930000,3,0.000000,0.930000,4185,516
threshold,0.600000,,0.930000,4,0.000000,0.930000,4185,658
threshold,0.600000,,0.930000,5,0.000000,0.930000,4185,522
threshold,0.600000,,0.930000,6,0.053157,0.930000,4185,1500
threshold,0.600000,,0.930000,7,0.053599,0.930000,4185,1500
threshold,0.600000,,0.930000,8,0.052700,0.930000,4185,1500
threshold,0.600000,,0.930000,9,0.000000,0.930000,4185,538
threshold,0.600000,,0.930000,10,0.000000,0.930000,4185,519
threshold,0.600000,,0.930000,11,0.000000,0.930000,4185,531
threshold,0.600000,,0.930000,12,0.000000,0.930000,4185,514
threshold,0.600000,,0.930000,13,0.014140,0.930000,4185,1500
threshold,0.600000,,0.930000,14,0.063459,0.930000,4185,1500
threshold,0.600000,,0.930000,15,0.000000,0.930000,4185,525
threshold,0.600000,,0.930000,16,0.052272,0.930000,4185,1500
threshold,0.600000,,0.930000,17,0.000000,0.930000,4185,530
threshold,0.600000,,0.930000,18,0.000000,0.930000,4185,517
threshold,0.600000,,0.930000,19,0.000000,0.930000,4185,530
threshold,0.600000,,0.930000,20,0.000000,0.930000,4185,517
threshold,0.600000,,0.930000,21,0.000000,0.930000,4185,515
threshold,0.600000,,0.930000,22,0.000000,0.930000,4185,561
threshold,0.600000,,0.930000,23,0.000000,0.930000,4185,526
threshold,0.600000,,0.930000,24,0.000000,0.930000,4185,513
threshold,0.600000,,0.930000,25,0.022743,0.930000,4185,1500
threshold,0.600000,,0.930000,26,0.000000,0.930000,4185,515
threshold,0.600000,,0.930000,27,0.000000,0.930000,4185,510
threshold,0.600000,,0.930000,28,0.059801,0.930000,4185,1500
threshold,0.600000,,0.930000,29,0.054201,0.930000,4185,1500
threshold,0.600000,,0.930000,30,0.014807,0.930000,4185,1500
threshold,0.600000,,0.930000,31,0.000000,0.930000,4185,524
threshold,0.600000,,0.930000,32,0.000000,0.930000,4185,530
threshold,0.600000,,0.930000,33,0.003602,0.930000,4185,1500
threshold,0.600000,,0.930000,34,0.052806,0.930000,4185,1500
threshold,0.600000,,0.930000,35,0.000000,0.930000,4185,526
threshold,0.600000,,0.930000,36,0.000000,0.930000,4185,516
threshold,0.600000,,0.930000,37,0.000000,0.930000,4185,539
threshold,0.600000,,0.930000,38,0.051610,0.930000,4185,1500
threshold,0.600000,,0.930000,39,0.000000,0.930000,4185,572
threshold,0.600000,,0.930000,40,0.000000,0.930000,4185,535
threshold,0.600000,,0.930000,41,0.053999,0.930000,4185,1500
threshold,0.600000,,0.930000,42,0.000000,0.930000,4185,608
threshold,0.600000,,0.930000,43,0.059673,0.930000,4185,1500
threshold,0.600000,,0.930000,44,0.000000,0.930000,4185,532
threshold,0.600000,,0.930000,45,0.062276,0.930000,4185,1500
threshold,0.600000,,0.930000,46,0.049060,0.930000,4185,1500
threshold,0.600000,,0.930000,47,0.000000,0.930000,4185,531
threshold,0.600000,,0.930000,48,0.032118,0.930000,4185,1500
threshold,0.600000,,0.930000,49,0.000000,0.930000,4185,516
threshold,0.600000,,0.935000,0,0.000000,0.934889,4207,512
threshold,0.600000,,0.935000,1,0.000000,0.934889,4207,514
threshold,0.600000,,0.935000,2,0.000000,0.934889,4207,518
threshold,0.600000,,0.935000,3,0.000000,0.934889,4207,511
threshold,0.600000,,0.935000,4,0.000000,0.934889,4207,526
threshold,0.600000,,0.935000,5,0.000000,0.934889,4207,511
threshold,0.600000,,0.935000,6,0.000000,0.934889,4207,524
threshold,0.600000,,0.935000,7,0.044099,0.934889,4207,1500
threshold,0.600000,,0.935000,8,0.041102,0.934889,4207,1500
threshold,0.600000,,0.935000,9,0.000000,0.934889,4207,516
threshold,0.600000,,0.935000,10,0.000000,0.934889,4207,513
threshold,0.600000,,0.935000,11,0.000000,0.934889,4207,513
threshold,0.600000,,0.935000,12,0.000000,0.934889,4207,510
threshold,0.600000,,0.935000,13,0.000000,0.934889,4207,514
threshold,0.600000,,0.935000,14,0.009861,0.934889,4207,1500
threshold,0.600000,,0.935000,15,0.000000,0.934889,4207,515
threshold,0.600000,,0.935000,16,0.000000,0.934889,4207,547
threshold,0.600000,,0.935000,17,0.000000,0.934889,4207,520
threshold,0.600000,,0.935000,18,0.000000,0.934889,4207,512
threshold,0.600000,,0.935000,19,0.000000,0.934889,4207,517
threshold,0.600000,,0.935000,20,0.000000,0.934889,4207,512
threshold,0.600000,,0.935000,21,0.000000,0.934889,4207,511
threshold,0.600000,,0.935000,22,0.000000,0.934889,4207,531
threshold,0.600000,,0.935000,23,0.000000,0.934889,4207,515
threshold,0.600000,,0.935000,24,0.000000,0.934889,4207,508
threshold,0.600000,,0.935000,25,0.000000,0.934889,4207,531
threshold,0.600000,,0.935000,26,0.000000,0.934889,4207,513
threshold,0.600000,,0.935000,27,0.000000,0.934889,4207,509
threshold,0.600000,,0.935000,28,0.000000,0.934889,4207,533
threshold,0.600000,,0.935000,29,0.000000,0.934889,4207,520
threshold,0.600000,,0.935000,30,0.000000,0.934889,4207,530
threshold,0.600000,,0.935000,31,0.000000,0.934889,4207,518
threshold,0.600000,,0.935000,32,0.000000,0.934889,4207,522
threshold,0.600000,,0.935000,33,0.000000,0.934889,4207,513
threshold,0.600000,,0.935000,34,0.000000,0.934889,4207,530
threshold,0.600000,,0.935000,35,0.000000,0.934889,4207,515
threshold,0.600000,,0.935000,36,0.000000,0.934889,4207,512
threshold,0.600000,,0.935000,37,0.000000,0.934889,4207,513
threshold,0.600000,,0.935000,38,0.027077,0.934889,4207,1500
threshold,0.600000,,0.935000,39,0.000000,0.934889,4207,526
threshold,0.600000,,0.935000,40,0.000000,0.934889,4207,516
threshold,0.600000,,0.935000,41,0.045248,0.934889,4207,1500
threshold,0.600000,,0.935000,42,0.000000,0.934889,4207,519
threshold,0.600000,,0.935000,43,0.000000,0.934889,4207,554
threshold,0.600000,,0.935000,44,0.000000,0.934889,4207,518
threshold,0.600000,,0.935000,45,0.041683,0.934889,4207,1500
threshold,0.600000,,0.935000,46,0.000000,0.934889,4207,547
threshold,0.600000,,0.935000,47,0.000000,0.934889,4207,516
threshold,0.600000,,0.935000,48,0.000000,0.934889,4207,518
threshold,0.600000,,0.935000,49,0.000000,0.934889,4207,512
threshold,0.600000,,0.940000,0,0.000000,0.940000,4230,508
threshold,0.600000,,0.940000,1,0.000000,0.940000,4230,511
threshold,0.600000,,0.940000,2,0.000000,0.940000,4230,513
threshold,0.600000,,0.940000,3,0.000000,0.940000,4230,509
threshold,0.600000,,0.940000,4,0.000000,0.940000,4230,516
threshold,0.600000,,0.940000,5,0.000000,0.940000,4230,508
threshold,0.600000,,0.940000,6,0.000000,0.940000,4230,513
threshold,0.600000,,0.940000,7,0.028230,0.940000,4230,1500
threshold,0.600000,,0.940000,8,0.000000,0.940000,4230,527
threshold,0.600000,,0.940000,9,0.000000,0.940000,4230,511
threshold,0.600000,,0.940000,10,0.000000,0.940000,4230,511
threshold,0.600000,,0.940000,11,0.000000,0.940000,4230,510
threshold,0.600000,,0.940000,12,0.000000,0.940000,4230,508
threshold,0.600000,,0.940000,13,0.000000,0.940000,4230,511
threshold,0.600000,,0.940000,14,0.000000,0.940000,4230,522
threshold,0.600000,,0.940000,15,0.000000,0.940000,4230,513
threshold,0.600000,,0.940000,16,0.000000,0.940000,4230,520
threshold,0.600000,,0.940000,17,0.000000,0.940000,4230,515
threshold,0.600000,,0.940000,18,0.000000,0.940000,4230,510
threshold,0.600000,,0.940000,19,0.000000,0.940000,4230,513
threshold,0.600000,,0.940000,20,0.000000,0.940000,4230,510
threshold,0.600000,,0.940000,21,0.000000,0.940000,4230,509
threshold,0.600000,,0.940000,22,0.000000,0.940000,4230,513
threshold,0.600000,,0.940000,23,0.000000,0.940000,4230,510
threshold,0.600000,,0.940000,24,0.000000,0.940000,4230,506
threshold,0.600000,,0.940000,25,0.000000,0.940000,4230,511
threshold,0.600000,,0.940000,26,0.000000,0.940000,4230,509
threshold,0.600000,,0.940000,27,0.000000,0.940000,4230,506
threshold,0.600000,,0.940000,28,0.000000,0.940000,4230,514
threshold,0.600000,,0.940000,29,0.000000,0.940000,4230,513
threshold,0.600000,,0.940000,30,0.000000,0.940000,4230,516
threshold,0.600000,,0.940000,31,0.000000,0.940000,4230,511
threshold,0.600000,,0.940000,32,0.000000,0.940000,4230,516
threshold,0.600000,,0.940000,33,0.000000,0.940000,4230,511
threshold,0.600000,,0.940000,34,0.000000,0.940000,4230,517
threshold,0.600000,,0.940000,35,0.000000,0.940000,4230,512
threshold,0.600000,,0.940000,36,0.000000,0.940000,4230,509
threshold,0.600000,,0.940000,37,0.000000,0.940000,4230,511
threshold,0.600000,,0.940000,38,0.000000,0.940000,4230,541
threshold,0.600000,,0.940000,39,0.000000,0.940000,4230,520
threshold,0.600000,,0.940000,40,0.000000,0.940000,4230,511
threshold,0.600000,,0.940000,41,0.000000,0.940000,4230,561
threshold,0.600000,,0.940000,42,0.000000,0.940000,4230,513
threshold,0.600000,,0.940000,43,0.000000,0.940000,4230,523
threshold,0.600000,,0.940000,44,0.000000,0.940000,4230,513
threshold,0.600000,,0.940000,45,0.000000,0.940000,4230,523
threshold,0.600000,,0.940000,46,0.000000,0.940000,4230,519
threshold,0.600000,,0.940000,47,0.000000,0.940000,4230,513
threshold,0.600000,,0.940000,48,0.000000,0.940000,4230,510
threshold,0.600000,,0.940000,49,0.000000,0.940000,4230,509
threshold,0.600000,,0.945000,0,0.000000,0.944889,4252,507
threshold,0.600000,,0.945000,1,0.000000,0.944889,4252,507
threshold,0.600000,,0.945000,2,0.000000,0.944889,4252,507
threshold,0.600000,,0.945000,3,0.000000,0.944889,4252,507
threshold,0.600000,,0.945000,4,0.000000,0.944889,4252,513
threshold,0.600000,,0.945000,5,0.000000,0.944889,4252,505
threshold,0.600000,,0.945000,6,0.000000,0.944889,4252,509
threshold,0.600000,,0.945000,7,0.000000,0.944889,4252,514
threshold,0.600000,,0.945000,8,0.000000,0.944889,4252,514
threshold,0.600000,,0.945000,9,0.000000,0.944889,4252,509
threshold,0.600000,,0.945000,10,0.000000,0.944889,4252,508
threshold,0.600000,,0.945000,11,0.000000,0.944889,4252,509
threshold,0.600000,,0.945000,12,0.000000,0.944889,4252,506
threshold,0.600000,,0.945000,13,0.000000,0.944889,4252,509
threshold,0.600000,,0.945000,14,0.000000,0.944889,4252,513
threshold,0.600000,,0.945000,15,0.000000,0.944889,4252,510
threshold,0.600000,,0.945000,16,0.000000,0.944889,4252,512
threshold,0.600000,,0.945000,17,0.000000,0.944889,4252,508
threshold,0.600000,,0.945000,18,0.000000,0.944889,4252,508
threshold,0.600000,,0.945000,19,0.000000,0.944889,4252,509
threshold,0.600000,,0.945000,20,0.000000,0.944889,4252,509
threshold,0.600000,,0.945000,21,0.000000,0.944889,4252,507
threshold,0.600000,,0.945000,22,0.000000,0.944889,4252,511
threshold,0.600000,,0.945000,23,0.000000,0.944889,4252,507
threshold,0.600000,,0.945000,24,0.000000,0.944889,4252,504
threshold,0.600000,,0.945000,25,0.000000,0.944889,4252,509
threshold,0.600000,,0.945000,26,0.000000,0.944889,4252,506
threshold,0.600000,,0.945000,27,0.000000,0.944889,4252,506
threshold,0.600000,,0.945000,28,0.000000,0.944889,4252,511
threshold,0.600000,,0.945000,29,0.000000,0.944889,4252,510
threshold,0.600000,,0.945000,30,0.000000,0.944889,4252,511
threshold,0.600000,,0.945000,31,0.000000,0.944889,4252,509
threshold,0.600000,,0.945000,32,0.000000,0.944889,4252,513
threshold,0.600000,,0.945000,33,0.000000,0.944889,4252,510
threshold,0.600000,,0.945000,34,0.000000,0.944889,4252,512
threshold,0.600000,,0.945000,35,0.000000,0.944889,4252,508
threshold,0.600000,,0.945000,36,0.000000,0.944889,4252,507
threshold,0.600000,,0.945000,37,0.000000,0.944889,4252,508
threshold,0.600000,,0.945000,38,0.000000,0.944889,4252,522
threshold,0.600000,,0.945000,39,0.000000,0.944889,4252,510
threshold,0.600000,,0.945000,40,0.000000,0.944889,4252,507
threshold,0.600000,,0.945000,41,0.000000,0.944889,4252,518
threshold,0.600000,,0.945000,42,0.000000,0.944889,4252,510
threshold,0.600000,,0.945000,43,0.000000,0.944889,4252,515
threshold,0.600000,,0.945000,44,0.000000,0.944889,4252,510
threshold,0.600000,,0.945000,45,0.000000,0.944889,4252,518
threshold,0.600000,,0.945000,46,0.000000,0.944889,4252,510
threshold,0.600000,,0.945000,47,0.000000,0.944889,4252,511
threshold,0.600000,,0.945000,48,0.000000,0.944889,4252,509
threshold,0.600000,,0.945000,49,0.000000,0.944889,4252,508
threshold,0.600000,,0.950000,0,0.000000,0.950000,4275,505
threshold,0.600000,,0.950000,1,0.000000,0.950000,4275,506
threshold,0.600000,,0.950000,2,0.000000,0.950000,4275,505
threshold,0.600000,,0.950000,3,0.000000,0.950000,4275,506
threshold,0.600000,,0.950000,4,0.000000,0.950000,4275,511
threshold,0.600000,,0.950000,5,0.000000,0.950000,4275,504
threshold,0.600000,,0.950000,6,0.000000,0.950000,4275,507
threshold,0.600000,,0.950000,7,0.000000,0.950000,4275,510
threshold,0.600000,,0.950000,8,0.000000,0.950000,4275,511
threshold,0.600000,,0.950000,9,0.000000,0.950000,4275,507
threshold,0.600000,,0.950000,10,0.000000,0.950000,4275,508
threshold,0.600000,,0.950000,11,0.000000,0.950000,4275,508
threshold,0.600000,,0.950000,12,0.000000,0.950000,4275,505
threshold,0.600000,,0.950000,13,0.000000,0.950000,4275,506
threshold,0.600000,,0.950000,14,0.000000,0.950000,4275,511
threshold,0.600000,,0.950000,15,0.000000,0.950000,4275,508
threshold,0.600000,,0.950000,16,0.000000,0.950000,4275,509
threshold,0.600000,,0.950000,17,0.000000,0.950000,4275,506
threshold,0.600000,,0.950000,18,0.000000,0.950000,4275,506
threshold,0.600000,,0.950000,19,0.000000,0.950000,4275,507
threshold,0.600000,,0.950000,20,0.000000,0.950000,4275,507
threshold,0.600000,,0.950000,21,0.000000,0.950000,4275,506
threshold,0.600000,,0.950000,22,0.000000,0.950000,4275,509
threshold,0.600000,,0.950000,23,0.000000,0.950000,4275,507
threshold,0.600000,,0.950000,24,0.000000,0.950000,4275,504
threshold,0.600000,,0.950000,25,0.000000,0.950000,4275,506
threshold,0.600000,,0.950000,26,0.000000,0.950000,4275,504
threshold,0.600000,,0.950000,27,0.000000,0.950000,4275,505
threshold,0.600000,,0.950000,28,0.000000,0.950000,4275,509
threshold,0.600000,,0.950000,29,0.000000,0.950000,4275,506
threshold,0.600000,,0.950000,30,0.000000,0.950000,4275,510
threshold,0.600000,,0.950000,31,0.000000,0.950000,4275,509
threshold,0.600000,,0.950000,32,0.000000,0.950000,4275,510
threshold,0.600000,,0.950000,33,0.000000,0.950000,4275,507
threshold,0.600000,,0.950000,34,0.000000,0.950000,4275,510
threshold,0.600000,,0.950000,35,0.000000,0.950000,4275,506
threshold,0.600000,,0.950000,36,0.000000,0.950000,4275,507
threshold,0.600000,,0.950000,37,0.000000,0.950000,4275,506
threshold,0.600000,,0.950000,38,0.000000,0.950000,4275,515
threshold,0.600000,,0.950000,39,0.000000,0.950000,4275,509
threshold,0.600000,,0.950000,40,0.000000,0.950000,4275,506
threshold,0.600000,,0.950000,41,0.000000,0.950000,4275,512
threshold,0.600000,,0.950000,42,0.000000,0.950000,4275,506
threshold,0.600000,,0.950000,43,0.000000,0.950000,4275,510
threshold,0.600000,,0.950000,44,0.000000,0.950000,4275,506
threshold,0.600000,,0.950000,45,0.000000,0.950000,4275,511
threshold,0.600000,,0.950000,46,0.000000,0.950000,4275,505
threshold,0.600000,,0.950000,47,0.000000,0.950000,4275,509
threshold,0.600000,,0.950000,48,0.000000,0.950000,4275,508
threshold,0.600000,,0.950000,49,0.000000,0.950000,4275,507
threshold,0.600000,,1.000000,0,0.000000,0.999778,4499,496
threshold,0.600000,,1.000000,1,0.000000,0.999778,4499,495
threshold,0.600000,,1.000000,2,0.000000,0.999778,4499,498
threshold,0.600000,,1.000000,3,0.000000,0.999778,4499,495
threshold,0.600000,,1.000000,4,0.000000,0.999778,4499,499
threshold,0.600000,,1.000000,5,0.000000,0.999778,4499,498
threshold,0.600000,,1.000000,6,0.000000,0.999778,4499,498
threshold,0.600000,,1.000000,7,0.000000,0.999778,4499,498
threshold,0.600000,,1.000000,8,0.000000,0.999778,4499,498
threshold,0.600000,,1.000000,9,0.000000,0.999778,4499,498
threshold,0.600000,,1.000000,10,0.000000,0.999778,4499,495
threshold,0.600000,,1.000000,11,0.000000,0.999778,4499,498
threshold,0.600000,,1.000000,12,0.000000,0.999778,4499,498
threshold,0.600000,,1.000000,13,0.000000,0.999778,4499,498
threshold,0.600000,,1.000000,14,0.000000,0.999778,4499,498
threshold,0.600000,,1.000000,15,0.000000,0.999778,4499,498
threshold,0.600000,,1.000000,16,0.000000,0.999778,4499,498
threshold,0.600000,,1.000000,17,0.000000,0.999778,4499,498
threshold,0.600000,,1.000000,18,0.000000,0.999778,4499,495
threshold,0.600000,,1.000000,19,0.000000,0.999778,4499,498
threshold,0.600000,,1.000000,20,0.000000,0.999778,4499,496
threshold,0.600000,,1.000000,21,0.000000,0.999778,4499,496
threshold,0.600000,,1.000000,22,0.000000,0.999778,4499,498
threshold,0.600000,,1.000000,23,0.000000,0.999778,4499,498
threshold,0.600000,,1.000000,24,0.000000,0.999778,4499,498
threshold,0.600000,,1.000000,25,0.000000,0.999778,4499,495
threshold,0.600000,,1.000000,26,0.000000,0.999778,4499,495
threshold,0.600000,,1.000000,27,0.000000,0.999778,4499,496
threshold,0.600000,,1.000000,28,0.000000,0.999778,4499,498
threshold,0.600000,,1.000000,29,0.000000,0.999778,4499,498
threshold,0.600000,,1.000000,30,0.000000,0.999778,4499,498
threshold,0.600000,,1.000000,31,0.000000,0.999778,4499,495
threshold,0.600000,,1.000000,32,0.000000,0.999778,4499,495
threshold,0.600000,,1.000000,33,0.000000,0.999778,4499,498
threshold,0.600000,,1.000000,34,0.000000,0.999778,4499,498
threshold,0.600000,,1.000000,35,0.000000,0.999778,4499,498
threshold,0.600000,,1.000000,36,0.000000,0.999778,4499,498
threshold,0.600000,,1.000000,37,0.000000,0.999778,4499,498
threshold,0.600000,,1.000000,38,0.000000,0.999778,4499,495
threshold,0.600000,,1.000000,39,0.000000,0.999778,4499,498
threshold,0.600000,,1.000000,40,0.000000,0.999778,4499,496
threshold,0.600000,,1.000000,41,0.000000,0.999778,4499,498
threshold,0.600000,,1.000000,42,0.000000,0.999778,4499,498
threshold,0.600000,,1.000000,43,0.000000,0.999778,4499,498
threshold,0.600000,,1.000000,44,0.000000,0.999778,4499,495
threshold,0.600000,,1.000000,45,0.000000,0.999778,4499,498
threshold,0.600000,,1.000000,46,0.000000,0.999778,4499,498
threshold,0.600000,,1.000000,47,0.000000,0.999778,4499,495
threshold,0.600000,,1.000000,48,0.000000,0.999778,4499,498
threshold,0.600000,,1.000000,49,0.000000,0.999778,4499,498
random,-1.000000,0.000000,0.000000,0,0.639710,0.000000,0,133
random,-1.000000,0.000000,0.000000,1,0.640153,0.000000,0,143
random,-1.000000,0.000000,0.000000,2,0.640041,0.000000,0,132
random,-1.000000,0.000000,0.000000,3,0.639538,0.000000,0,134
random,-1.000000,0.000000,0.000000,4,0.640140,0.000000,0,118
random,-1.000000,0.000000,0.000000,5,0.639501,0.000000,0,143
random,-1.000000,0.000000,0.000000,6,0.639705,0.000000,0,143
random,-1.000000,0.000000,0.000000,7,0.640962,0.000000,0,143
random,-1.000000,0.000000,0.000000,8,0.640518,0.000000,0,131
random,-1.000000,0.000000,0.000000,9,0.640416,0.000000,0,121
random,-1.000000,0.000000,0.000000,10,0.639817,0.000000,0,136
random,-1.000000,0.000000,0.000000,11,0.640380,0.000000,0,131
random,-1.000000,0.000000,0.000000,12,0.639747,0.000000,0,143
random,-1.000000,0.000000,0.000000,13,0.640033,0.000000,0,128
random,-1.000000,0.000000,0.000000,14,0.641419,0.000000,0,125
random,-1.000000,0.000000,0.000000,15,0.640689,0.000000,0,127
random,-1.000000,0.000000,0.000000,16,0.640720,0.000000,0,116
random,-1.000000,0.000000,0.000000,17,0.639555,0.000000,0,143
random,-1.000000,0.000000,0.000000,18,0.639292,0.000000,0,143
random,-1.000000,0.000000,0.000000,19,0.640933,0.000000,0,120
random,-1.000000,0.000000,0.000000,20,0.640622,0.000000,0,125
random,-1.000000,0.000000,0.000000,21,0.640112,0.000000,0,137
random,-1.000000,0.000000,0.000000,22,0.641089,0.000000,0,132
random,-1.000000,0.000000,0.000000,23,0.640874,0.000000,0,113
random,-1.000000,0.000000,0.000000,24,0.640720,0.000000,0,127
random,-1.000000,0.000000,0.000000,25,0.640772,0.000000,0,134
random,-1.000000,0.000000,0.000000,26,0.640364,0.000000,0,140
random,-1.000000,0.000000,0.000000,27,0.639616,0.000000,0,130
random,-1.000000,0.000000,0.000000,28,0.640887,0.000000,0,129
random,-1.000000,0.000000,0.000000,29,0.639634,0.000000,0,143
random,-1.000000,0.000000,0.000000,30,0.640162,0.000000,0,143
random,-1.000000,0.000000,0.000000,31,0.640713,0.000000,0,134
random,-1.000000,0.000000,0.000000,32,0.639322,0.000000,0,147
random,-1.000000,0.000000,0.000000,33,0.640722,0.000000,0,115
random,-1.000000,0.000000,0.000000,34,0.640085,0.000000,0,143
random,-1.000000,0.000000,0.000000,35,0.640349,0.000000,0,132
random,-1.000000,0.000000,0.000000,36,0.639508,0.000000,0,143
random,-1.000000,0.000000,0.000000,37,0.640502,0.000000,0,119
random,-1.000000,0.000000,0.000000,38,0.640303,0.000000,0,134
random,-1.000000,0.000000,0.000000,39,0.640231,0.000000,0,143
random,-1.000000,0.000000,0.000000,40,0.640241,0.000000,0,126
random,-1.000000,0.000000,0.000000,41,0.640655,0.000000,0,114
random,-1.000000,0.000000,0.000000,42,0.640673,0.000000,0,115
random,-1.000000,0.000000,0.000000,43,0.640730,0.000000,0,124
random,-1.000000,0.000000,0.000000,44,0.640222,0.000000,0,138
random,-1.000000,0.000000,0.000000,45,0.639814,0.000000,0,143
random,-1.000000,0.000000,0.000000,46,0.639596,0.000000,0,143
random,-1.000000,0.000000,0.000000,47,0.639777,0.000000,0,133
random,-1.000000,0.000000,0.000000,48,0.639506,0.000000,0,143
random,-1.000000,0.000000,0.000000,49,0.640338,0.000000,0,125
random,-1.000000,0.050000,0.050000,0,0.629963,0.050000,225,133
random,-1.000000,0.050000,0.050000,1,0.630479,0.050000,225,143
random,-1.000000,0.050000,0.050000,2,0.630276,0.050000,225,132
random,-1.000000,0.050000,0.050000,3,0.629930,0.050000,225,135
random,-1.000000,0.050000,0.050000,4,0.630422,0.050000,225,126
random,-1.000000,0.050000,0.050000,5,0.630007,0.050000,225,143
random,-1.000000,0.050000,0.050000,6,0.630190,0.050000,225,143
random,-1.000000,0.050000,0.050000,7,0.631327,0.050000,225,143
random,-1.000000,0.050000,0.050000,8,0.630632,0.050000,225,137
random,-1.000000,0.050000,0.050000,9,0.630740,0.050000,225,121
random,-1.000000,0.050000,0.050000,10,0.630098,0.050000,225,137
random,-1.000000,0.050000,0.050000,11,0.630618,0.050000,225,135
random,-1.000000,0.050000,0.050000,12,0.630279,0.050000,225,143
random,-1.000000,0.050000,0.050000,13,0.630683,0.050000,225,132
random,-1.000000,0.050000,0.050000,14,0.631686,0.050000,225,129
random,-1.000000,0.050000,0.050000,15,0.630769,0.050000,225,127
random,-1.000000,0.050000,0.050000,16,0.631012,0.050000,225,128
random,-1.000000,0.050000,0.050000,17,0.629795,0.050000,225,143
random,-1.000000,0.050000,0.050000,18,0.629634,0.050000,225,148
random,-1.000000,0.050000,0.050000,19,0.631506,0.050000,225,119
random,-1.000000,0.050000,0.050000,20,0.631161,0.050000,225,126
random,-1.000000,0.050000,0.050000,21,0.630467,0.050000,225,153
random,-1.000000,0.050000,0.050000,22,0.631613,0.050000,225,143
random,-1.000000,0.050000,0.050000,23,0.631442,0.050000,225,118
random,-1.000000,0.050000,0.050000,24,0.631046,0.050000,225,130
random,-1.000000,0.050000,0.050000,25,0.631166,0.050000,225,134
random,-1.000000,0.050000,0.050000,26,0.630964,0.050000,225,140
random,-1.000000,0.050000,0.050000,27,0.630187,0.050000,225,132
random,-1.000000,0.050000,0.050000,28,0.631348,0.050000,225,130
random,-1.000000,0.050000,0.050000,29,0.629921,0.050000,225,143
random,-1.000000,0.050000,0.050000,30,0.630817,0.050000,225,143
random,-1.000000,0.050000,0.050000,31,0.631352,0.050000,225,136
random,-1.000000,0.050000,0.050000,32,0.629996,0.050000,225,147
random,-1.000000,0.050000,0.050000,33,0.631061,0.050000,225,135
random,-1.000000,0.050000,0.050000,34,0.630648,0.050000,225,143
random,-1.000000,0.050000,0.050000,35,0.630661,0.050000,225,135
random,-1.000000,0.050000,0.050000,36,0.629950,0.050000,225,143
random,-1.000000,0.050000,0.050000,37,0.630959,0.050000,225,133
random,-1.000000,0.050000,0.050000,38,0.630936,0.050000,225,135
random,-1.000000,0.050000,0.050000,39,0.630663,0.050000,225,143
random,-1.000000,0.050000,0.050000,40,0.630855,0.050000,225,126
random,-1.000000,0.050000,0.050000,41,0.631382,0.050000,225,119
random,-1.000000,0.050000,0.050000,42,0.631283,0.050000,225,121
random,-1.000000,0.050000,0.050000,43,0.631205,0.050000,225,140
random,-1.000000,0.050000,0.050000,44,0.630614,0.050000,225,151
random,-1.000000,0.050000,0.050000,45,0.629947,0.050000,225,156
random,-1.000000,0.050000,0.050000,46,0.630019,0.050000,225,143
random,-1.000000,0.050000,0.050000,47,0.630349,0.050000,225,140
random,-1.000000,0.050000,0.050000,48,0.629654,0.050000,225,143
random,-1.000000,0.050000,0.050000,49,0.630626,0.050000,225,133
random,-1.000000,0.100000,0.100000,0,0.619645,0.100000,450,135
random,-1.000000,0.100000,0.100000,1,0.620036,0.100000,450,146
random,-1.000000,0.100000,0.100000,2,0.620144,0.100000,450,142
random,-1.000000,0.100000,0.100000,3,0.619738,0.100000,450,143
random,-1.000000,0.100000,0.100000,4,0.620152,0.100000,450,135
random,-1.000000,0.100000,0.100000,5,0.619865,0.100000,450,143
random,-1.000000,0.100000,0.100000,6,0.620095,0.100000,450,146
random,-1.000000,0.100000,0.100000,7,0.621223,0.100000,450,143
random,-1.000000,0.100000,0.100000,8,0.620044,0.100000,450,143
random,-1.000000,0.100000,0.100000,9,0.620416,0.100000,450,132
random,-1.000000,0.100000,0.100000,10,0.619905,0.100000,450,143
random,-1.000000,0.100000,0.100000,11,0.620284,0.100000,450,137
random,-1.000000,0.100000,0.100000,12,0.620096,0.100000,450,143
random,-1.000000,0.100000,0.100000,13,0.620441,0.100000,450,132
random,-1.000000,0.100000,0.100000,14,0.621006,0.100000,450,143
random,-1.000000,0.100000,0.100000,15,0.620726,0.100000,450,133
random,-1.000000,0.100000,0.100000,16,0.620940,0.100000,450,142
random,-1.000000,0.100000,0.100000,17,0.619433,0.100000,450,143
random,-1.000000,0.100000,0.100000,18,0.619184,0.100000,450,148
random,-1.000000,0.100000,0.100000,19,0.621262,0.100000,450,123
random,-1.000000,0.100000,0.100000,20,0.620796,0.100000,450,130
random,-1.000000,0.100000,0.100000,21,0.620179,0.100000,450,143
random,-1.000000,0.100000,0.100000,22,0.621392,0.100000,450,143
random,-1.000000,0.100000,0.100000,23,0.621304,0.100000,450,123
random,-1.000000,0.100000,0.100000,24,0.621023,0.100000,450,132
random,-1.000000,0.100000,0.100000,25,0.620889,0.100000,450,137
random,-1.000000,0.100000,0.100000,26,0.620910,0.100000,450,140
random,-1.000000,0.100000,0.100000,27,0.619533,0.100000,450,164
random,-1.000000,0.100000,0.100000,28,0.621072,0.100000,450,149
random,-1.000000,0.100000,0.100000,29,0.619805,0.100000,450,143
random,-1.000000,0.100000,0.100000,30,0.620484,0.100000,450,143
random,-1.000000,0.100000,0.100000,31,0.621099,0.100000,450,142
random,-1.000000,0.100000,0.100000,32,0.619732,0.100000,450,158
random,-1.000000,0.100000,0.100000,33,0.620725,0.100000,450,135
random,-1.000000,0.100000,0.100000,34,0.620382,0.100000,450,192
random,-1.000000,0.100000,0.100000,35,0.620653,0.100000,450,137
random,-1.000000,0.100000,0.100000,36,0.619429,0.100000,450,143
random,-1.000000,0.100000,0.100000,37,0.620765,0.100000,450,133
random,-1.000000,0.100000,0.100000,38,0.620438,0.100000,450,139
random,-1.000000,0.100000,0.100000,39,0.620287,0.100000,450,143
random,-1.000000,0.100000,0.100000,40,0.620824,0.100000,450,129
random,-1.000000,0.100000,0.100000,41,0.620718,0.100000,450,143
random,-1.000000,0.100000,0.100000,42,0.621008,0.100000,450,139
random,-1.000000,0.100000,0.100000,43,0.620900,0.100000,450,140
random,-1.000000,0.100000,0.100000,44,0.620168,0.100000,450,163
random,-1.000000,0.100000,0.100000,45,0.619452,0.100000,450,156
random,-1.000000,0.100000,0.100000,46,0.619560,0.100000,450,143
random,-1.000000,0.100000,0.100000,47,0.620023,0.100000,450,140
random,-1.000000,0.100000,0.100000,48,0.619188,0.100000,450,143
random,-1.000000,0.100000,0.100000,49,0.620600,0.100000,450,141
random,-1.000000,0.150000,0.150000,0,0.608995,0.150000,675,151
random,-1.000000,0.150000,0.150000,1,0.609066,0.150000,675,168
random,-1.000000,0.150000,0.150000,2,0.608862,0.150000,675,158
random,-1.000000,0.150000,0.150000,3,0.608829,0.150000,675,143
random,-1.000000,0.150000,0.150000,4,0.609078,0.150000,675,152
random,-1.000000,0.150000,0.150000,5,0.608887,0.150000,675,143
random,-1.000000,0.150000,0.150000,6,0.609027,0.150000,675,148
random,-1.000000,0.150000,0.150000,7,0.610041,0.150000,675,145
random,-1.000000,0.150000,0.150000,8,0.608861,0.150000,675,143
random,-1.000000,0.150000,0.150000,9,0.609661,0.150000,675,140
random,-1.000000,0.150000,0.150000,10,0.608708,0.150000,675,152
random,-1.000000,0.150000,0.150000,11,0.609190,0.150000,675,143
random,-1.000000,0.150000,0.150000,12,0.608917,0.150000,675,145
random,-1.000000,0.150000,0.150000,13,0.609041,0.150000,675,143
random,-1.000000,0.150000,0.150000,14,0.610155,0.150000,675,143
random,-1.000000,0.150000,0.150000,15,0.609618,0.150000,675,157
random,-1.000000,0.150000,0.150000,16,0.610002,0.150000,675,145
random,-1.000000,0.150000,0.150000,17,0.608371,0.150000,675,143
random,-1.000000,0.150000,0.150000,18,0.608113,0.150000,675,154
random,-1.000000,0.150000,0.150000,19,0.610198,0.150000,675,133
random,-1.000000,0.150000,0.150000,20,0.609859,0.150000,675,147
random,-1.000000,0.150000,0.150000,21,0.609092,0.150000,675,143
random,-1.000000,0.150000,0.150000,22,0.610304,0.150000,675,143
random,-1.000000,0.150000,0.150000,23,0.610346,0.150000,675,146
random,-1.000000,0.150000,0.150000,24,0.609723,0.150000,675,143
random,-1.000000,0.150000,0.150000,25,0.609852,0.150000,675,146
random,-1.000000,0.150000,0.150000,26,0.609649,0.150000,675,143
random,-1.000000,0.150000,0.150000,27,0.608364,0.150000,675,164
random,-1.000000,0.150000,0.150000,28,0.610155,0.150000,675,152
random,-1.000000,0.150000,0.150000,29,0.608816,0.150000,675,145
random,-1.000000,0.150000,0.150000,30,0.609259,0.150000,675,143
random,-1.000000,0.150000,0.150000,31,0.610302,0.150000,675,142
random,-1.000000,0.150000,0.150000,32,0.608950,0.150000,675,159
random,-1.000000,0.150000,0.150000,33,0.609974,0.150000,675,142
random,-1.000000,0.150000,0.150000,34,0.609480,0.150000,675,193
random,-1.000000,0.150000,0.150000,35,0.609273,0.150000,675,143
random,-1.000000,0.150000,0.150000,36,0.608172,0.150000,675,143
random,-1.000000,0.150000,0.150000,37,0.609465,0.150000,675,155
random,-1.000000,0.150000,0.150000,38,0.609329,0.150000,675,143
random,-1.000000,0.150000,0.150000,39,0.608980,0.150000,675,146
random,-1.000000,0.150000,0.150000,40,0.609723,0.150000,675,139
random,-1.000000,0.150000,0.150000,41,0.610043,0.150000,675,143
random,-1.000000,0.150000,0.150000,42,0.610008,0.150000,675,144
random,-1.000000,0.150000,0.150000,43,0.609799,0.150000,675,145
random,-1.000000,0.150000,0.150000,44,0.608673,0.150000,675,163
random,-1.000000,0.150000,0.150000,45,0.608456,0.150000,675,156
random,-1.000000,0.150000,0.150000,46,0.607801,0.150000,675,153
random,-1.000000,0.150000,0.150000,47,0.609071,0.150000,675,141
random,-1.000000,0.150000,0.150000,48,0.608204,0.150000,675,143
random,-1.000000,0.150000,0.150000,49,0.609566,0.150000,675,143
random,-1.000000,0.200000,0.200000,0,0.597079,0.200000,900,152
random,-1.000000,0.200000,0.200000,1,0.597499,0.200000,900,146
random,-1.000000,0.200000,0.200000,2,0.596824,0.200000,900,167
random,-1.000000,0.200000,0.200000,3,0.596804,0.200000,900,147
random,-1.000000,0.200000,0.200000,4,0.596825,0.200000,900,158
random,-1.000000,0.200000,0.200000,5,0.596984,0.200000,900,163
random,-1.000000,0.200000,0.200000,6,0.597322,0.200000,900,149
random,-1.000000,0.200000,0.200000,7,0.598084,0.200000,900,146
random,-1.000000,0.200000,0.200000,8,0.596451,0.200000,900,144
random,-1.000000,0.200000,0.200000,9,0.597469,0.200000,900,155
random,-1.000000,0.200000,0.200000,10,0.596476,0.200000,900,157
random,-1.000000,0.200000,0.200000,11,0.597397,0.200000,900,157
random,-1.000000,0.200000,0.200000,12,0.597117,0.200000,900,158
random,-1.000000,0.200000,0.200000,13,0.597151,0.200000,900,143
random,-1.000000,0.200000,0.200000,14,0.598157,0.200000,900,143
random,-1.000000,0.200000,0.200000,15,0.597333,0.200000,900,146
random,-1.000000,0.200000,0.200000,16,0.598286,0.200000,900,146
random,-1.000000,0.200000,0.200000,17,0.596041,0.200000,900,152
random,-1.000000,0.200000,0.200000,18,0.596264,0.200000,900,156
random,-1.000000,0.200000,0.200000,19,0.598218,0.200000,900,142
random,-1.000000,0.200000,0.200000,20,0.598108,0.200000,900,153
random,-1.000000,0.200000,0.200000,21,0.597313,0.200000,900,153
random,-1.000000,0.200000,0.200000,22,0.598189,0.200000,900,188
random,-1.000000,0.200000,0.200000,23,0.598357,0.200000,900,151
random,-1.000000,0.200000,0.200000,24,0.597502,0.200000,900,191
random,-1.000000,0.200000,0.200000,25,0.597513,0.200000,900,143
random,-1.000000,0.200000,0.200000,26,0.597841,0.200000,900,143
random,-1.000000,0.200000,0.200000,27,0.596150,0.200000,900,177
random,-1.000000,0.200000,0.200000,28,0.597819,0.200000,900,201
random,-1.000000,0.200000,0.200000,29,0.596550,0.200000,900,143
random,-1.000000,0.200000,0.200000,30,0.597167,0.200000,900,149
random,-1.000000,0.200000,0.200000,31,0.598251,0.200000,900,153
random,-1.000000,0.200000,0.200000,32,0.597117,0.200000,900,162
random,-1.000000,0.200000,0.200000,33,0.598106,0.200000,900,150
random,-1.000000,0.200000,0.200000,34,0.597776,0.200000,900,194
random,-1.000000,0.200000,0.200000,35,0.596832,0.200000,900,154
random,-1.000000,0.200000,0.200000,36,0.596219,0.200000,900,145
random,-1.000000,0.200000,0.200000,37,0.597617,0.200000,900,155
random,-1.000000,0.200000,0.200000,38,0.597798,0.200000,900,147
random,-1.000000,0.200000,0.200000,39,0.596831,0.200000,900,150
random,-1.000000,0.200000,0.200000,40,0.597831,0.200000,900,161
random,-1.000000,0.200000,0.200000,41,0.597855,0.200000,900,164
random,-1.000000,0.200000,0.200000,42,0.598511,0.200000,900,145
random,-1.000000,0.200000,0.200000,43,0.597456,0.200000,900,148
random,-1.000000,0.200000,0.200000,44,0.596547,0.200000,900,165
random,-1.000000,0.200000,0.200000,45,0.595999,0.200000,900,145
random,-1.000000,0.200000,0.200000,46,0.595691,0.200000,900,158
random,-1.000000,0.200000,0.200000,47,0.596442,0.200000,900,143
random,-1.000000,0.200000,0.200000,48,0.596581,0.200000,900,143
random,-1.000000,0.200000,0.200000,49,0.597759,0.200000,900,143
random,-1.000000,0.250000,0.250000,0,0.583989,0.250000,1125,163
random,-1.000000,0.250000,0.250000,1,0.584559,0.250000,1125,157
random,-1.000000,0.250000,0.250000,2,0.584105,0.250000,1125,166
random,-1.000000,0.250000,0.250000,3,0.584177,0.250000,1125,167
random,-1.000000,0.250000,0.250000,4,0.583762,0.250000,1125,160
random,-1.000000,0.250000,0.250000,5,0.583893,0.250000,1125,163
random,-1.000000,0.250000,0.250000,6,0.584388,0.250000,1125,159
random,-1.000000,0.250000,0.250000,7,0.585382,0.250000,1125,161
random,-1.000000,0.250000,0.250000,8,0.583426,0.250000,1125,221
random,-1.000000,0.250000,0.250000,9,0.584713,0.250000,1125,159
random,-1.000000,0.250000,0.250000,10,0.583215,0.250000,1125,167
random,-1.000000,0.250000,0.250000,11,0.584033,0.250000,1125,157
random,-1.000000,0.250000,0.250000,12,0.584136,0.250000,1125,173
random,-1.000000,0.250000,0.250000,13,0.583978,0.250000,1125,153
random,-1.000000,0.250000,0.250000,14,0.584488,0.250000,1125,153
random,-1.000000,0.250000,0.250000,15,0.584448,0.250000,1125,148
random,-1.000000,0.250000,0.250000,16,0.584828,0.250000,1125,171
random,-1.000000,0.250000,0.250000,17,0.582845,0.250000,1125,159
random,-1.000000,0.250000,0.250000,18,0.583245,0.250000,1125,208
random,-1.000000,0.250000,0.250000,19,0.585307,0.250000,1125,213
random,-1.000000,0.250000,0.250000,20,0.585415,0.250000,1125,154
random,-1.000000,0.250000,0.250000,21,0.584587,0.250000,1125,153
random,-1.000000,0.250000,0.250000,22,0.585158,0.250000,1125,189
random,-1.000000,0.250000,0.250000,23,0.585081,0.250000,1125,154
random,-1.000000,0.250000,0.250000,24,0.584379,0.250000,1125,383
random,-1.000000,0.250000,0.250000,25,0.584546,0.250000,1125,161
random,-1.000000,0.250000,0.250000,26,0.584998,0.250000,1125,165
random,-1.000000,0.250000,0.250000,27,0.582743,0.250000,1125,177
random,-1.000000,0.250000,0.250000,28,0.585212,0.250000,1125,201
random,-1.000000,0.250000,0.250000,29,0.583736,0.250000,1125,166
random,-1.000000,0.250000,0.250000,30,0.584573,0.250000,1125,150
random,-1.000000,0.250000,0.250000,31,0.585285,0.250000,1125,173
random,-1.000000,0.250000,0.250000,32,0.583792,0.250000,1125,162
random,-1.000000,0.250000,0.250000,33,0.585074,0.250000,1125,206
random,-1.000000,0.250000,0.250000,34,0.585067,0.250000,1125,195
random,-1.000000,0.250000,0.250000,35,0.584252,0.250000,1125,154
random,-1.000000,0.250000,0.250000,36,0.583106,0.250000,1125,153
random,-1.000000,0.250000,0.250000,37,0.584918,0.250000,1125,159
random,-1.000000,0.250000,0.250000,38,0.585111,0.250000,1125,157
random,-1.000000,0.250000,0.250000,39,0.583522,0.250000,1125,164
random,-1.000000,0.250000,0.250000,40,0.584532,0.250000,1125,165
random,-1.000000,0.250000,0.250000,41,0.584831,0.250000,1125,216
random,-1.000000,0.250000,0.250000,42,0.585528,0.250000,1125,148
random,-1.000000,0.250000,0.250000,43,0.584265,0.250000,1125,150
random,-1.000000,0.250000,0.250000,44,0.583757,0.250000,1125,165
random,-1.000000,0.250000,0.250000,45,0.583187,0.250000,1125,148
random,-1.000000,0.250000,0.250000,46,0.582286,0.250000,1125,158
random,-1.000000,0.250000,0.250000,47,0.583524,0.250000,1125,150
random,-1.000000,0.250000,0.250000,48,0.583721,0.250000,1125,160
random,-1.000000,0.250000,0.250000,49,0.585197,0.250000,1125,163
random,-1.000000,0.300000,0.300000,0,0.569642,0.300000,1350,219
random,-1.000000,0.300000,0.300000,1,0.570319,0.300000,1350,159
random,-1.000000,0.300000,0.300000,2,0.569858,0.300000,1350,187
random,-1.000000,0.300000,0.300000,3,0.569666,0.300000,1350,173
random,-1.000000,0.300000,0.300000,4,0.569828,0.300000,1350,174
random,-1.000000,0.300000,0.300000,5,0.569891,0.300000,1350,165
random,-1.000000,0.300000,0.300000,6,0.570031,0.300000,1350,206
random,-1.000000,0.300000,0.300000,7,0.571463,0.300000,1350,164
random,-1.000000,0.300000,0.300000,8,0.569429,0.300000,1350,534
random,-1.000000,0.300000,0.300000,9,0.570547,0.300000,1350,213
random,-1.000000,0.300000,0.300000,10,0.568936,0.300000,1350,177
random,-1.000000,0.300000,0.300000,11,0.569746,0.300000,1350,163
random,-1.000000,0.300000,0.300000,12,0.569365,0.300000,1350,182
random,-1.000000,0.300000,0.300000,13,0.569499,0.300000,1350,161
random,-1.000000,0.300000,0.300000,14,0.569759,0.300000,1350,155
random,-1.000000,0.300000,0.300000,15,0.570405,0.300000,1350,161
random,-1.000000,0.300000,0.300000,16,0.570816,0.300000,1350,171
random,-1.000000,0.300000,0.300000,17,0.569075,0.300000,1350,190
random,-1.000000,0.300000,0.300000,18,0.568895,0.300000,1350,208
random,-1.000000,0.300000,0.300000,19,0.571243,0.300000,1350,214
random,-1.000000,0.300000,0.300000,20,0.570742,0.300000,1350,167
random,-1.000000,0.300000,0.300000,21,0.570619,0.300000,1350,213
random,-1.000000,0.300000,0.300000,22,0.571545,0.300000,1350,189
random,-1.000000,0.300000,0.300000,23,0.570932,0.300000,1350,182
random,-1.000000,0.300000,0.300000,24,0.570284,0.300000,1350,397
random,-1.000000,0.300000,0.300000,25,0.570205,0.300000,1350,213
random,-1.000000,0.300000,0.300000,26,0.570691,0.300000,1350,214
random,-1.000000,0.300000,0.300000,27,0.568368,0.300000,1350,219
random,-1.000000,0.300000,0.300000,28,0.571094,0.300000,1350,205
random,-1.000000,0.300000,0.300000,29,0.569815,0.300000,1350,169
random,-1.000000,0.300000,0.300000,30,0.570727,0.300000,1350,157
random,-1.000000,0.300000,0.300000,31,0.571335,0.300000,1350,172
random,-1.000000,0.300000,0.300000,32,0.569735,0.300000,1350,163
random,-1.000000,0.300000,0.300000,33,0.571055,0.300000,1350,206
random,-1.000000,0.300000,0.300000,34,0.571011,0.300000,1350,195
random,-1.000000,0.300000,0.300000,35,0.569609,0.300000,1350,161
random,-1.000000,0.300000,0.300000,36,0.569055,0.300000,1350,160
random,-1.000000,0.300000,0.300000,37,0.570843,0.300000,1350,196
random,-1.000000,0.300000,0.300000,38,0.570946,0.300000,1350,173
random,-1.000000,0.300000,0.300000,39,0.569725,0.300000,1350,167
random,-1.000000,0.300000,0.300000,40,0.570521,0.300000,1350,168
random,-1.000000,0.300000,0.300000,41,0.570597,0.300000,1350,221
random,-1.000000,0.300000,0.300000,42,0.571223,0.300000,1350,161
random,-1.000000,0.300000,0.300000,43,0.570451,0.300000,1350,157
random,-1.000000,0.300000,0.300000,44,0.569504,0.300000,1350,172
random,-1.000000,0.300000,0.300000,45,0.569564,0.300000,1350,156
random,-1.000000,0.300000,0.300000,46,0.568141,0.300000,1350,164
random,-1.000000,0.300000,0.300000,47,0.569445,0.300000,1350,167
random,-1.000000,0.300000,0.300000,48,0.568906,0.300000,1350,172
random,-1.000000,0.300000,0.300000,49,0.570919,0.300000,1350,171
random,-1.000000,0.350000,0.350000,0,0.554090,0.350000,1575,233
random,-1.000000,0.350000,0.350000,1,0.554418,0.350000,1575,173
random,-1.000000,0.350000,0.350000,2,0.554320,0.350000,1575,220
random,-1.000000,0.350000,0.350000,3,0.553452,0.350000,1575,236
random,-1.000000,0.350000,0.350000,4,0.554126,0.350000,1575,221
random,-1.000000,0.350000,0.350000,5,0.554277,0.350000,1575,196
random,-1.000000,0.350000,0.350000,6,0.554518,0.350000,1575,205
random,-1.000000,0.350000,0.350000,7,0.555572,0.350000,1575,171
random,-1.000000,0.350000,0.350000,8,0.554254,0.350000,1575,535
random,-1.000000,0.350000,0.350000,9,0.555520,0.350000,1575,213
random,-1.000000,0.350000,0.350000,10,0.553198,0.350000,1575,188
random,-1.000000,0.350000,0.350000,11,0.554193,0.350000,1575,170
random,-1.000000,0.350000,0.350000,12,0.553296,0.350000,1575,200
random,-1.000000,0.350000,0.350000,13,0.553731,0.350000,1575,179
random,-1.000000,0.350000,0.350000,14,0.554408,0.350000,1575,170
random,-1.000000,0.350000,0.350000,15,0.554857,0.350000,1575,196
random,-1.000000,0.350000,0.350000,16,0.555048,0.350000,1575,229
random,-1.000000,0.350000,0.350000,17,0.553733,0.350000,1575,214
random,-1.000000,0.350000,0.350000,18,0.552970,0.350000,1575,210
random,-1.000000,0.350000,0.350000,19,0.555610,0.350000,1575,218
random,-1.000000,0.350000,0.350000,20,0.554988,0.350000,1575,182
random,-1.000000,0.350000,0.350000,21,0.554763,0.350000,1575,173
random,-1.000000,0.350000,0.350000,22,0.555285,0.350000,1575,211
random,-1.000000,0.350000,0.350000,23,0.555249,0.350000,1575,195
random,-1.000000,0.350000,0.350000,24,0.554778,0.350000,1575,192
random,-1.000000,0.350000,0.350000,25,0.554579,0.350000,1575,232
random,-1.000000,0.350000,0.350000,26,0.555693,0.350000,1575,214
random,-1.000000,0.350000,0.350000,27,0.552341,0.350000,1575,221
random,-1.000000,0.350000,0.350000,28,0.555178,0.350000,1575,213
random,-1.000000,0.350000,0.350000,29,0.554170,0.350000,1575,201
random,-1.000000,0.350000,0.350000,30,0.555580,0.350000,1575,192
random,-1.000000,0.350000,0.350000,31,0.555865,0.350000,1575,189
random,-1.000000,0.350000,0.350000,32,0.553644,0.350000,1575,366
random,-1.000000,0.350000,0.350000,33,0.554813,0.350000,1575,207
random,-1.000000,0.350000,0.350000,34,0.555524,0.350000,1575,209
random,-1.000000,0.350000,0.350000,35,0.554157,0.350000,1575,186
random,-1.000000,0.350000,0.350000,36,0.553604,0.350000,1575,211
random,-1.000000,0.350000,0.350000,37,0.555281,0.350000,1575,200
random,-1.000000,0.350000,0.350000,38,0.554993,0.350000,1575,201
random,-1.000000,0.350000,0.350000,39,0.553899,0.350000,1575,173
random,-1.000000,0.350000,0.350000,40,0.554528,0.350000,1575,212
random,-1.000000,0.350000,0.350000,41,0.555139,0.350000,1575,221
random,-1.000000,0.350000,0.350000,42,0.554946,0.350000,1575,214
random,-1.000000,0.350000,0.350000,43,0.554484,0.350000,1575,199
random,-1.000000,0.350000,0.350000,44,0.554262,0.350000,1575,175
random,-1.000000,0.350000,0.350000,45,0.553848,0.350000,1575,173
random,-1.000000,0.350000,0.350000,46,0.552478,0.350000,1575,205
random,-1.000000,0.350000,0.350000,47,0.553789,0.350000,1575,178
random,-1.000000,0.350000,0.350000,48,0.553204,0.350000,1575,173
random,-1.000000,0.350000,0.350000,49,0.555090,0.350000,1575,227
random,-1.000000,0.400000,0.400000,0,0.537274,0.399778,1799,234
random,-1.000000,0.400000,0.400000,1,0.537623,0.399778,1799,202
random,-1.000000,0.400000,0.400000,2,0.537121,0.399778,1799,237
random,-1.000000,0.400000,0.400000,3,0.536523,0.399778,1799,238
random,-1.000000,0.400000,0.400000,4,0.537469,0.399778,1799,244
random,-1.000000,0.400000,0.400000,5,0.537502,0.399778,1799,198
random,-1.000000,0.400000,0.400000,6,0.536778,0.399778,1799,207
random,-1.000000,0.400000,0.400000,7,0.538593,0.399778,1799,207
random,-1.000000,0.400000,0.400000,8,0.537453,0.399778,1799,539
random,-1.000000,0.400000,0.400000,9,0.537838,0.399778,1799,213
random,-1.000000,0.400000,0.400000,10,0.536288,0.399778,1799,211
random,-1.000000,0.400000,0.400000,11,0.537019,0.399778,1799,182
random,-1.000000,0.400000,0.400000,12,0.536699,0.399778,1799,200
random,-1.000000,0.400000,0.400000,13,0.536372,0.399778,1799,227
random,-1.000000,0.400000,0.400000,14,0.537238,0.399778,1799,184
random,-1.000000,0.400000,0.400000,15,0.537417,0.399778,1799,210
random,-1.000000,0.400000,0.400000,16,0.537960,0.399778,1799,231
random,-1.000000,0.400000,0.400000,17,0.536640,0.399778,1799,220
random,-1.000000,0.400000,0.400000,18,0.536069,0.399778,1799,229
random,-1.000000,0.400000,0.400000,19,0.537960,0.399778,1799,239
random,-1.000000,0.400000,0.400000,20,0.537606,0.399778,1799,206
random,-1.000000,0.400000,0.400000,21,0.537275,0.399778,1799,210
random,-1.000000,0.400000,0.400000,22,0.537489,0.399778,1799,375
random,-1.000000,0.400000,0.400000,23,0.537608,0.399778,1799,219
random,-1.000000,0.400000,0.400000,24,0.536726,0.399778,1799,438
random,-1.000000,0.400000,0.400000,25,0.537373,0.399778,1799,238
random,-1.000000,0.400000,0.400000,26,0.538618,0.399778,1799,219
random,-1.000000,0.400000,0.400000,27,0.535216,0.399778,1799,247
random,-1.000000,0.400000,0.400000,28,0.538244,0.399778,1799,228
random,-1.000000,0.400000,0.400000,29,0.536579,0.399778,1799,210
random,-1.000000,0.400000,0.400000,30,0.538068,0.399778,1799,222
random,-1.000000,0.400000,0.400000,31,0.538922,0.399778,1799,215
random,-1.000000,0.400000,0.400000,32,0.536393,0.399778,1799,375
random,-1.000000,0.400000,0.400000,33,0.538301,0.399778,1799,439
random,-1.000000,0.400000,0.400000,34,0.538006,0.399778,1799,250
random,-1.000000,0.400000,0.400000,35,0.536643,0.399778,1799,197
random,-1.000000,0.400000,0.400000,36,0.535654,0.399778,1799,218
random,-1.000000,0.400000,0.400000,37,0.538895,0.399778,1799,203
random,-1.000000,0.400000,0.400000,38,0.537796,0.399778,1799,242
random,-1.000000,0.400000,0.400000,39,0.536363,0.399778,1799,220
random,-1.000000,0.400000,0.400000,40,0.537103,0.399778,1799,213
random,-1.000000,0.400000,0.400000,41,0.537671,0.399778,1799,201
random,-1.000000,0.400000,0.400000,42,0.537182,0.399778,1799,218
random,-1.000000,0.400000,0.400000,43,0.537135,0.399778,1799,182
random,-1.000000,0.400000,0.400000,44,0.537144,0.399778,1799,182
random,-1.000000,0.400000,0.400000,45,0.536128,0.399778,1799,194
random,-1.000000,0.400000,0.400000,46,0.535386,0.399778,1799,210
random,-1.000000,0.400000,0.400000,47,0.536097,0.399778,1799,237
random,-1.000000,0.400000,0.400000,48,0.536058,0.399778,1799,223
random,-1.000000,0.400000,0.400000,49,0.537751,0.399778,1799,273
random,-1.000000,0.450000,0.450000,0,0.517300,0.449778,2024,234
random,-1.000000,0.450000,0.450000,1,0.518702,0.449778,2024,449
random,-1.000000,0.450000,0.450000,2,0.517385,0.449778,2024,540
random,-1.000000,0.450000,0.450000,3,0.517067,0.449778,2024,219
random,-1.000000,0.450000,0.450000,4,0.517712,0.449778,2024,442
random,-1.000000,0.450000,0.450000,5,0.518774,0.449778,2024,443
random,-1.000000,0.450000,0.450000,6,0.517419,0.449778,2024,259
random,-1.000000,0.450000,0.450000,7,0.519877,0.449778,2024,274
random,-1.000000,0.450000,0.450000,8,0.518025,0.449778,2024,543
random,-1.000000,0.450000,0.450000,9,0.518064,0.449778,2024,360
random,-1.000000,0.450000,0.450000,10,0.517041,0.449778,2024,248
random,-1.000000,0.450000,0.450000,11,0.518033,0.449778,2024,227
random,-1.000000,0.450000,0.450000,12,0.517396,0.449778,2024,473
random,-1.000000,0.450000,0.450000,13,0.517256,0.449778,2024,249
random,-1.000000,0.450000,0.450000,14,0.518195,0.449778,2024,256
random,-1.000000,0.450000,0.450000,15,0.518206,0.449778,2024,222
random,-1.000000,0.450000,0.450000,16,0.518620,0.449778,2024,233
random,-1.000000,0.450000,0.450000,17,0.517008,0.449778,2024,229
random,-1.000000,0.450000,0.450000,18,0.517226,0.449778,2024,253
random,-1.000000,0.450000,0.450000,19,0.518767,0.449778,2024,252
random,-1.000000,0.450000,0.450000,20,0.518225,0.449778,2024,217
random,-1.000000,0.450000,0.450000,21,0.518488,0.449778,2024,233
random,-1.000000,0.450000,0.450000,22,0.518491,0.449778,2024,668
random,-1.000000,0.450000,0.450000,23,0.518762,0.449778,2024,232
random,-1.000000,0.450000,0.450000,24,0.517152,0.449778,2024,478
random,-1.000000,0.450000,0.450000,25,0.518562,0.449778,2024,249
random,-1.000000,0.450000,0.450000,26,0.519041,0.449778,2024,538
random,-1.000000,0.450000,0.450000,27,0.516157,0.449778,2024,656
random,-1.000000,0.450000,0.450000,28,0.519356,0.449778,2024,251
random,-1.000000,0.450000,0.450000,29,0.517647,0.449778,2024,230
random,-1.000000,0.450000,0.450000,30,0.518568,0.449778,2024,231
random,-1.000000,0.450000,0.450000,31,0.519038,0.449778,2024,209
random,-1.000000,0.450000,0.450000,32,0.516907,0.449778,2024,210
random,-1.000000,0.450000,0.450000,33,0.519456,0.449778,2024,439
random,-1.000000,0.450000,0.450000,34,0.518380,0.449778,2024,250
random,-1.000000,0.450000,0.450000,35,0.517314,0.449778,2024,206
random,-1.000000,0.450000,0.450000,36,0.516565,0.449778,2024,243
random,-1.000000,0.450000,0.450000,37,0.520250,0.449778,2024,210
random,-1.000000,0.450000,0.450000,38,0.517401,0.449778,2024,268
random,-1.000000,0.450000,0.450000,39,0.516497,0.449778,2024,529
random,-1.000000,0.450000,0.450000,40,0.518231,0.449778,2024,214
random,-1.000000,0.450000,0.450000,41,0.517675,0.449778,2024,252
random,-1.000000,0.450000,0.450000,42,0.517980,0.449778,2024,224
random,-1.000000,0.450000,0.450000,43,0.517134,0.449778,2024,419
random,-1.000000,0.450000,0.450000,44,0.518387,0.449778,2024,205
random,-1.000000,0.450000,0.450000,45,0.516858,0.449778,2024,200
random,-1.000000,0.450000,0.450000,46,0.516308,0.449778,2024,233
random,-1.000000,0.450000,0.450000,47,0.516264,0.449778,2024,288
random,-1.000000,0.450000,0.450000,48,0.516839,0.449778,2024,219
random,-1.000000,0.450000,0.450000,49,0.517545,0.449778,2024,614
random,-1.000000,0.500000,0.500000,0,0.495130,0.499778,2249,376
random,-1.000000,0.500000,0.500000,1,0.496795,0.499778,2249,643
random,-1.000000,0.500000,0.500000,2,0.495658,0.499778,2249,642
random,-1.000000,0.500000,0.500000,3,0.494915,0.499778,2249,250
random,-1.000000,0.500000,0.500000,4,0.495495,0.499778,2249,536
random,-1.000000,0.500000,0.500000,5,0.496704,0.499778,2249,486
random,-1.000000,0.500000,0.500000,6,0.495262,0.499778,2249,299
random,-1.000000,0.500000,0.500000,7,0.498469,0.499778,2249,293
random,-1.000000,0.500000,0.500000,8,0.495690,0.499778,2249,544
random,-1.000000,0.500000,0.500000,9,0.496003,0.499778,2249,368
random,-1.000000,0.500000,0.500000,10,0.494672,0.499778,2249,266
random,-1.000000,0.500000,0.500000,11,0.495670,0.499778,2249,656
random,-1.000000,0.500000,0.500000,12,0.495702,0.499778,2249,476
random,-1.000000,0.500000,0.500000,13,0.495634,0.499778,2249,259
random,-1.000000,0.500000,0.500000,14,0.496840,0.499778,2249,291
random,-1.000000,0.500000,0.500000,15,0.496758,0.499778,2249,278
random,-1.000000,0.500000,0.500000,16,0.497124,0.499778,2249,477
random,-1.000000,0.500000,0.500000,17,0.495107,0.499778,2249,554
random,-1.000000,0.500000,0.500000,18,0.495665,0.499778,2249,487
random,-1.000000,0.500000,0.500000,19,0.497178,0.499778,2249,382
random,-1.000000,0.500000,0.500000,20,0.495941,0.499778,2249,286
random,-1.000000,0.500000,0.500000,21,0.496844,0.499778,2249,482
random,-1.000000,0.500000,0.500000,22,0.497067,0.499778,2249,643
random,-1.000000,0.500000,0.500000,23,0.496731,0.499778,2249,449
random,-1.000000,0.500000,0.500000,24,0.495604,0.499778,2249,484
random,-1.000000,0.500000,0.500000,25,0.496623,0.499778,2249,418
random,-1.000000,0.500000,0.500000,26,0.497270,0.499778,2249,554
random,-1.000000,0.500000,0.500000,27,0.495106,0.499778,2249,663
random,-1.000000,0.500000,0.500000,28,0.497104,0.499778,2249,493
random,-1.000000,0.500000,0.500000,29,0.495888,0.499778,2249,253
random,-1.000000,0.500000,0.500000,30,0.497220,0.499778,2249,247
random,-1.000000,0.500000,0.500000,31,0.497266,0.499778,2249,272
random,-1.000000,0.500000,0.500000,32,0.495452,0.499778,2249,423
random,-1.000000,0.500000,0.500000,33,0.497844,0.499778,2249,538
random,-1.000000,0.500000,0.500000,34,0.496852,0.499778,2249,343
random,-1.000000,0.500000,0.500000,35,0.495581,0.499778,2249,262
random,-1.000000,0.500000,0.500000,36,0.495770,0.499778,2249,252
random,-1.000000,0.500000,0.500000,37,0.498254,0.499778,2249,442
random,-1.000000,0.500000,0.500000,38,0.496655,0.499778,2249,545
random,-1.000000,0.500000,0.500000,39,0.494995,0.499778,2249,637
random,-1.000000,0.500000,0.500000,40,0.495964,0.499778,2249,484
random,-1.000000,0.500000,0.500000,41,0.495366,0.499778,2249,305
random,-1.000000,0.500000,0.500000,42,0.495812,0.499778,2249,655
random,-1.000000,0.500000,0.500000,43,0.495822,0.499778,2249,445
random,-1.000000,0.500000,0.500000,44,0.496295,0.499778,2249,273
random,-1.000000,0.500000,0.500000,45,0.495731,0.499778,2249,231
random,-1.000000,0.500000,0.500000,46,0.494526,0.499778,2249,266
random,-1.000000,0.500000,0.500000,47,0.494762,0.499778,2249,291
random,-1.000000,0.500000,0.500000,48,0.494662,0.499778,2249,478
random,-1.000000,0.500000,0.500000,49,0.496074,0.499778,2249,624
random,-1.000000,0.550000,0.550000,0,0.470028,0.549778,2474,490
random,-1.000000,0.550000,0.550000,1,0.473007,0.549778,2474,641
random,-1.000000,0.550000,0.550000,2,0.470341,0.549778,2474,661
random,-1.000000,0.550000,0.550000,3,0.470769,0.549778,2474,256
random,-1.000000,0.550000,0.550000,4,0.470221,0.549778,2474,537
random,-1.000000,0.550000,0.550000,5,0.471670,0.549778,2474,488
random,-1.000000,0.550000,0.550000,6,0.469842,0.549778,2474,649
random,-1.000000,0.550000,0.550000,7,0.473488,0.549778,2474,500
random,-1.000000,0.550000,0.550000,8,0.471119,0.549778,2474,668
random,-1.000000,0.550000,0.550000,9,0.471460,0.549778,2474,579
random,-1.000000,0.550000,0.550000,10,0.469541,0.549778,2474,667
random,-1.000000,0.550000,0.550000,11,0.470838,0.549778,2474,661
random,-1.000000,0.550000,0.550000,12,0.470926,0.549778,2474,497
random,-1.000000,0.550000,0.550000,13,0.470832,0.549778,2474,445
random,-1.000000,0.550000,0.550000,14,0.471919,0.549778,2474,1500
random,-1.000000,0.550000,0.550000,15,0.471895,0.549778,2474,507
random,-1.000000,0.550000,0.550000,16,0.473091,0.549778,2474,666
random,-1.000000,0.550000,0.550000,17,0.469776,0.549778,2474,659
random,-1.000000,0.550000,0.550000,18,0.470672,0.549778,2474,658
random,-1.000000,0.550000,0.550000,19,0.471450,0.549778,2474,394
random,-1.000000,0.550000,0.550000,20,0.471691,0.549778,2474,647
random,-1.000000,0.550000,0.550000,21,0.472358,0.549778,2474,539
random,-1.000000,0.550000,0.550000,22,0.473174,0.549778,2474,648
random,-1.000000,0.550000,0.550000,23,0.472140,0.549778,2474,542
random,-1.000000,0.550000,0.550000,24,0.469809,0.549778,2474,1500
random,-1.000000,0.550000,0.550000,25,0.471558,0.549778,2474,553
random,-1.000000,0.550000,0.550000,26,0.472141,0.549778,2474,562
random,-1.000000,0.550000,0.550000,27,0.469289,0.549778,2474,1500
random,-1.000000,0.550000,0.550000,28,0.471083,0.549778,2474,660
random,-1.000000,0.550000,0.550000,29,0.470675,0.549778,2474,448
random,-1.000000,0.550000,0.550000,30,0.471798,0.549778,2474,492
random,-1.000000,0.550000,0.550000,31,0.472347,0.549778,2474,269
random,-1.000000,0.550000,0.550000,32,0.470690,0.549778,2474,449
random,-1.000000,0.550000,0.550000,33,0.472344,0.549778,2474,493
random,-1.000000,0.550000,0.550000,34,0.471906,0.549778,2474,450
random,-1.000000,0.550000,0.550000,35,0.471157,0.549778,2474,285
random,-1.000000,0.550000,0.550000,36,0.470755,0.549778,2474,485
random,-1.000000,0.550000,0.550000,37,0.473534,0.549778,2474,424
random,-1.000000,0.550000,0.550000,38,0.471697,0.549778,2474,552
random,-1.000000,0.550000,0.550000,39,0.471367,0.549778,2474,655
random,-1.000000,0.550000,0.550000,40,0.470770,0.549778,2474,658
random,-1.000000,0.550000,0.550000,41,0.470879,0.549778,2474,567
random,-1.000000,0.550000,0.550000,42,0.470129,0.549778,2474,727
random,-1.000000,0.550000,0.550000,43,0.470962,0.549778,2474,455
random,-1.000000,0.550000,0.550000,44,0.472917,0.549778,2474,294
random,-1.000000,0.550000,0.550000,45,0.471431,0.549778,2474,285
random,-1.000000,0.550000,0.550000,46,0.470505,0.549778,2474,402
random,-1.000000,0.550000,0.550000,47,0.469920,0.549778,2474,1500
random,-1.000000,0.550000,0.550000,48,0.470486,0.549778,2474,480
random,-1.000000,0.550000,0.550000,49,0.470737,0.549778,2474,628
random,-1.000000,0.600000,0.600000,0,0.441693,0.599778,2699,1500
random,-1.000000,0.600000,0.600000,1,0.444679,0.599778,2699,1040
random,-1.000000,0.600000,0.600000,2,0.441604,0.599778,2699,1500
random,-1.000000,0.600000,0.600000,3,0.441840,0.599778,2699,491
random,-1.000000,0.600000,0.600000,4,0.440929,0.599778,2699,1500
random,-1.000000,0.600000,0.600000,5,0.443979,0.599778,2699,493
random,-1.000000,0.600000,0.600000,6,0.439446,0.599778,2699,1500
random,-1.000000,0.600000,0.600000,7,0.444325,0.599778,2699,504
random,-1.000000,0.600000,0.600000,8,0.441987,0.599778,2699,1500
random,-1.000000,0.600000,0.600000,9,0.443639,0.599778,2699,586
random,-1.000000,0.600000,0.600000,10,0.441247,0.599778,2699,651
random,-1.000000,0.600000,0.600000,11,0.442387,0.599778,2699,1500
random,-1.000000,0.600000,0.600000,12,0.441281,0.599778,2699,1138
random,-1.000000,0.600000,0.600000,13,0.442742,0.599778,2699,557
random,-1.000000,0.600000,0.600000,14,0.443903,0.599778,2699,1500
random,-1.000000,0.600000,0.600000,15,0.443463,0.599778,2699,515
random,-1.000000,0.600000,0.600000,16,0.444225,0.599778,2699,1500
random,-1.000000,0.600000,0.600000,17,0.440616,0.599778,2699,653
random,-1.000000,0.600000,0.600000,18,0.442413,0.599778,2699,678
random,-1.000000,0.600000,0.600000,19,0.443058,0.599778,2699,756
random,-1.000000,0.600000,0.600000,20,0.443101,0.599778,2699,1440
random,-1.000000,0.600000,0.600000,21,0.444300,0.599778,2699,635
random,-1.000000,0.600000,0.600000,22,0.444551,0.599778,2699,720
random,-1.000000,0.600000,0.600000,23,0.443360,0.599778,2699,667
random,-1.000000,0.600000,0.600000,24,0.441424,0.599778,2699,555
random,-1.000000,0.600000,0.600000,25,0.443888,0.599778,2699,575
random,-1.000000,0.600000,0.600000,26,0.443330,0.599778,2699,675
random,-1.000000,0.600000,0.600000,27,0.441290,0.599778,2699,1118
random,-1.000000,0.600000,0.600000,28,0.441661,0.599778,2699,1500
random,-1.000000,0.600000,0.600000,29,0.441956,0.599778,2699,1500
random,-1.000000,0.600000,0.600000,30,0.444053,0.599778,2699,651
random,-1.000000,0.600000,0.600000,31,0.444185,0.599778,2699,550
random,-1.000000,0.600000,0.600000,32,0.441252,0.599778,2699,1500
random,-1.000000,0.600000,0.600000,33,0.443494,0.599778,2699,1500
random,-1.000000,0.600000,0.600000,34,0.442816,0.599778,2699,672
random,-1.000000,0.600000,0.600000,35,0.441660,0.599778,2699,576
random,-1.000000,0.600000,0.600000,36,0.441026,0.599778,2699,664
random,-1.000000,0.600000,0.600000,37,0.445007,0.599778,2699,551
random,-1.000000,0.600000,0.600000,38,0.443541,0.599778,2699,662
random,-1.000000,0.600000,0.600000,39,0.442876,0.599778,2699,667
random,-1.000000,0.600000,0.600000,40,0.441906,0.599778,2699,650
random,-1.000000,0.600000,0.600000,41,0.442953,0.599778,2699,643
random,-1.000000,0.600000,0.600000,42,0.441405,0.599778,2699,732
random,-1.000000,0.600000,0.600000,43,0.442475,0.599778,2699,1500
random,-1.000000,0.600000,0.600000,44,0.444494,0.599778,2699,654
random,-1.000000,0.600000,0.600000,45,0.442260,0.599778,2699,1200
random,-1.000000,0.600000,0.600000,46,0.442082,0.599778,2699,1500
random,-1.000000,0.600000,0.600000,47,0.440905,0.599778,2699,433
random,-1.000000,0.600000,0.600000,48,0.441210,0.599778,2699,1171
random,-1.000000,0.600000,0.600000,49,0.441843,0.599778,2699,633
random,-1.000000,0.650000,0.650000,0,0.408454,0.649778,2924,1500
random,-1.000000,0.650000,0.650000,1,0.410233,0.649778,2924,1500
random,-1.000000,0.650000,0.650000,2,0.407490,0.649778,2924,1500
random,-1.000000,0.650000,0.650000,3,0.407834,0.649778,2924,673
random,-1.000000,0.650000,0.650000,4,0.407698,0.649778,2924,1447
random,-1.000000,0.650000,0.650000,5,0.409629,0.649778,2924,809
random,-1.000000,0.650000,0.650000,6,0.404519,0.649778,2924,1500
random,-1.000000,0.650000,0.650000,7,0.409568,0.649778,2924,1500
random,-1.000000,0.650000,0.650000,8,0.407273,0.649778,2924,1500
random,-1.000000,0.650000,0.650000,9,0.409562,0.649778,2924,1426
random,-1.000000,0.650000,0.650000,10,0.406368,0.649778,2924,654
random,-1.000000,0.650000,0.650000,11,0.408460,0.649778,2924,1500
random,-1.000000,0.650000,0.650000,12,0.407395,0.649778,2924,1500
random,-1.000000,0.650000,0.650000,13,0.408282,0.649778,2924,1500
random,-1.000000,0.650000,0.650000,14,0.409540,0.649778,2924,1500
random,-1.000000,0.650000,0.650000,15,0.409859,0.649778,2924,880
random,-1.000000,0.650000,0.650000,16,0.409277,0.649778,2924,769
random,-1.000000,0.650000,0.650000,17,0.406820,0.649778,2924,747
random,-1.000000,0.650000,0.650000,18,0.409045,0.649778,2924,742
random,-1.000000,0.650000,0.650000,19,0.408782,0.649778,2924,1500
random,-1.000000,0.650000,0.650000,20,0.409229,0.649778,2924,1500
random,-1.000000,0.650000,0.650000,21,0.410880,0.649778,2924,653
random,-1.000000,0.650000,0.650000,22,0.409842,0.649778,2924,714
random,-1.000000,0.650000,0.650000,23,0.410279,0.649778,2924,770
random,-1.000000,0.650000,0.650000,24,0.407063,0.649778,2924,1116
random,-1.000000,0.650000,0.650000,25,0.410589,0.649778,2924,716
random,-1.000000,0.650000,0.650000,26,0.409928,0.649778,2924,678
random,-1.000000,0.650000,0.650000,27,0.407693,0.649778,2924,787
random,-1.000000,0.650000,0.650000,28,0.407867,0.649778,2924,1500
random,-1.000000,0.650000,0.650000,29,0.408154,0.649778,2924,1500
random,-1.000000,0.650000,0.650000,30,0.410739,0.649778,2924,699
random,-1.000000,0.650000,0.650000,31,0.411240,0.649778,2924,668
random,-1.000000,0.650000,0.650000,32,0.407730,0.649778,2924,1500
random,-1.000000,0.650000,0.650000,33,0.408589,0.649778,2924,1500
random,-1.000000,0.650000,0.650000,34,0.408101,0.649778,2924,1500
random,-1.000000,0.650000,0.650000,35,0.408337,0.649778,2924,678
random,-1.000000,0.650000,0.650000,36,0.406947,0.649778,2924,889
random,-1.000000,0.650000,0.650000,37,0.411699,0.649778,2924,640
random,-1.000000,0.650000,0.650000,38,0.410472,0.649778,2924,1043
random,-1.000000,0.650000,0.650000,39,0.409877,0.649778,2924,652
random,-1.000000,0.650000,0.650000,40,0.407508,0.649778,2924,830
random,-1.000000,0.650000,0.650000,41,0.409505,0.649778,2924,1500
random,-1.000000,0.650000,0.650000,42,0.407415,0.649778,2924,1500
random,-1.000000,0.650000,0.650000,43,0.408909,0.649778,2924,649
random,-1.000000,0.650000,0.650000,44,0.410511,0.649778,2924,664
random,-1.000000,0.650000,0.650000,45,0.409720,0.649778,2924,919
random,-1.000000,0.650000,0.650000,46,0.409250,0.649778,2924,1500
random,-1.000000,0.650000,0.650000,47,0.408477,0.649778,2924,1500
random,-1.000000,0.650000,0.650000,48,0.408801,0.649778,2924,1001
random,-1.000000,0.650000,0.650000,49,0.406235,0.649778,2924,1500
random,-1.000000,0.700000,0.700000,0,0.367935,0.700000,3150,1298
random,-1.000000,0.700000,0.700000,1,0.366959,0.700000,3150,1500
random,-1.000000,0.700000,0.700000,2,0.367210,0.700000,3150,1237
random,-1.000000,0.700000,0.700000,3,0.367337,0.700000,3150,1500
random,-1.000000,0.700000,0.700000,4,0.366394,0.700000,3150,1361
random,-1.000000,0.700000,0.700000,5,0.368524,0.700000,3150,1385
random,-1.000000,0.700000,0.700000,6,0.364419,0.700000,3150,1500
random,-1.000000,0.700000,0.700000,7,0.368439,0.700000,3150,1500
random,-1.000000,0.700000,0.700000,8,0.366640,0.700000,3150,1265
random,-1.000000,0.700000,0.700000,9,0.369554,0.700000,3150,1500
random,-1.000000,0.700000,0.700000,10,0.365228,0.700000,3150,1500
random,-1.000000,0.700000,0.700000,11,0.367390,0.700000,3150,1500
random,-1.000000,0.700000,0.700000,12,0.366641,0.700000,3150,1500
random,-1.000000,0.700000,0.700000,13,0.367692,0.700000,3150,1368
random,-1.000000,0.700000,0.700000,14,0.369453,0.700000,3150,857
random,-1.000000,0.700000,0.700000,15,0.368056,0.700000,3150,1500
random,-1.000000,0.700000,0.700000,16,0.368591,0.700000,3150,1500
random,-1.000000,0.700000,0.700000,17,0.366267,0.700000,3150,1170
random,-1.000000,0.700000,0.700000,18,0.367837,0.700000,3150,830
random,-1.000000,0.700000,0.700000,19,0.365727,0.700000,3150,1500
random,-1.000000,0.700000,0.700000,20,0.368906,0.700000,3150,1500
random,-1.000000,0.700000,0.700000,21,0.369897,0.700000,3150,1500
random,-1.000000,0.700000,0.700000,22,0.368282,0.700000,3150,774
random,-1.000000,0.700000,0.700000,23,0.368071,0.700000,3150,1500
random,-1.000000,0.700000,0.700000,24,0.366205,0.700000,3150,1019
random,-1.000000,0.700000,0.700000,25,0.369831,0.700000,3150,1289
random,-1.000000,0.700000,0.700000,26,0.366212,0.700000,3150,1500
random,-1.000000,0.700000,0.700000,27,0.366199,0.700000,3150,1500
random,-1.000000,0.700000,0.700000,28,0.366701,0.700000,3150,1119
random,-1.000000,0.700000,0.700000,29,0.367473,0.700000,3150,1500
random,-1.000000,0.700000,0.700000,30,0.369772,0.700000,3150,1148
random,-1.000000,0.700000,0.700000,31,0.368571,0.700000,3150,1500
random,-1.000000,0.700000,0.700000,32,0.367197,0.700000,3150,1319
random,-1.000000,0.700000,0.700000,33,0.366543,0.700000,3150,1500
random,-1.000000,0.700000,0.700000,34,0.367802,0.700000,3150,1500
random,-1.000000,0.700000,0.700000,35,0.365924,0.700000,3150,1500
random,-1.000000,0.700000,0.700000,36,0.366389,0.700000,3150,1500
random,-1.000000,0.700000,0.700000,37,0.368534,0.700000,3150,1500
random,-1.000000,0.700000,0.700000,38,0.367995,0.700000,3150,1354
random,-1.000000,0.700000,0.700000,39,0.368649,0.700000,3150,1500
random,-1.000000,0.700000,0.700000,40,0.367057,0.700000,3150,1500
random,-1.000000,0.700000,0.700000,41,0.367486,0.700000,3150,1500
random,-1.000000,0.700000,0.700000,42,0.367905,0.700000,3150,1500
random,-1.000000,0.700000,0.700000,43,0.367359,0.700000,3150,845
random,-1.000000,0.700000,0.700000,44,0.369038,0.700000,3150,1500
random,-1.000000,0.700000,0.700000,45,0.368388,0.700000,3150,1500
random,-1.000000,0.700000,0.700000,46,0.368916,0.700000,3150,1466
random,-1.000000,0.700000,0.700000,47,0.367246,0.700000,3150,1500
random,-1.000000,0.700000,0.700000,48,0.367220,0.700000,3150,978
random,-1.000000,0.700000,0.700000,49,0.365714,0.700000,3150,1500
random,-1.000000,0.750000,0.750000,0,0.314600,0.750000,3375,1500
random,-1.000000,0.750000,0.750000,1,0.313872,0.750000,3375,1500
random,-1.000000,0.750000,0.750000,2,0.316467,0.750000,3375,1036
random,-1.000000,0.750000,0.750000,3,0.315332,0.750000,3375,1500
random,-1.000000,0.750000,0.750000,4,0.311677,0.750000,3375,1500
random,-1.000000,0.750000,0.750000,5,0.317272,0.750000,3375,1057
random,-1.000000,0.750000,0.750000,6,0.315460,0.750000,3375,1500
random,-1.000000,0.750000,0.750000,7,0.318340,0.750000,3375,1500
random,-1.000000,0.750000,0.750000,8,0.313315,0.750000,3375,1500
random,-1.000000,0.750000,0.750000,9,0.316350,0.750000,3375,1500
random,-1.000000,0.750000,0.750000,10,0.316472,0.750000,3375,1500
random,-1.000000,0.750000,0.750000,11,0.315161,0.750000,3375,1500
random,-1.000000,0.750000,0.750000,12,0.315846,0.750000,3375,1410
random,-1.000000,0.750000,0.750000,13,0.313602,0.750000,3375,1500
random,-1.000000,0.750000,0.750000,14,0.317675,0.750000,3375,1500
random,-1.000000,0.750000,0.750000,15,0.315269,0.750000,3375,1500
random,-1.000000,0.750000,0.750000,16,0.315631,0.750000,3375,1500
random,-1.000000,0.750000,0.750000,17,0.313169,0.750000,3375,1500
random,-1.000000,0.750000,0.750000,18,0.315530,0.750000,3375,1500
random,-1.000000,0.750000,0.750000,19,0.315919,0.750000,3375,1500
random,-1.000000,0.750000,0.750000,20,0.315857,0.750000,3375,1500
random,-1.000000,0.750000,0.750000,21,0.314576,0.750000,3375,1500
random,-1.000000,0.750000,0.750000,22,0.315330,0.750000,3375,1500
random,-1.000000,0.750000,0.750000,23,0.315763,0.750000,3375,1500
random,-1.000000,0.750000,0.750000,24,0.314291,0.750000,3375,1500
random,-1.000000,0.750000,0.750000,25,0.317835,0.750000,3375,1500
random,-1.000000,0.750000,0.750000,26,0.313956,0.750000,3375,1500
random,-1.000000,0.750000,0.750000,27,0.316769,0.750000,3375,1500
random,-1.000000,0.750000,0.750000,28,0.314661,0.750000,3375,1500
random,-1.000000,0.750000,0.750000,29,0.314085,0.750000,3375,1500
random,-1.000000,0.750000,0.750000,30,0.316190,0.750000,3375,1500
random,-1.000000,0.750000,0.750000,31,0.316285,0.750000,3375,1500
random,-1.000000,0.750000,0.750000,32,0.315741,0.750000,3375,1500
random,-1.000000,0.750000,0.750000,33,0.315487,0.750000,3375,1500
random,-1.000000,0.750000,0.750000,34,0.315379,0.750000,3375,1500
random,-1.000000,0.750000,0.750000,35,0.313784,0.750000,3375,1500
random,-1.000000,0.750000,0.750000,36,0.312343,0.750000,3375,1500
random,-1.000000,0.750000,0.750000,37,0.316908,0.750000,3375,1500
random,-1.000000,0.750000,0.750000,38,0.315990,0.750000,3375,1500
random,-1.000000,0.750000,0.750000,39,0.317125,0.750000,3375,1500
random,-1.000000,0.750000,0.750000,40,0.315801,0.750000,3375,1500
random,-1.000000,0.750000,0.750000,41,0.315297,0.750000,3375,1500
random,-1.000000,0.750000,0.750000,42,0.316308,0.750000,3375,1500
random,-1.000000,0.750000,0.750000,43,0.316015,0.750000,3375,1500
random,-1.000000,0.750000,0.750000,44,0.318025,0.750000,3375,1071
random,-1.000000,0.750000,0.750000,45,0.316218,0.750000,3375,1500
random,-1.000000,0.750000,0.750000,46,0.316897,0.750000,3375,1500
random,-1.000000,0.750000,0.750000,47,0.315992,0.750000,3375,1500
random,-1.000000,0.750000,0.750000,48,0.315890,0.750000,3375,1500
random,-1.000000,0.750000,0.750000,49,0.313889,0.750000,3375,1500
random,-1.000000,0.755000,0.755000,0,0.308640,0.754889,3397,1500
random,-1.000000,0.755000,0.755000,1,0.307651,0.754889,3397,1500
random,-1.000000,0.755000,0.755000,2,0.310986,0.754889,3397,1500
random,-1.000000,0.755000,0.755000,3,0.309772,0.754889,3397,1500
random,-1.000000,0.755000,0.755000,4,0.306404,0.754889,3397,1500
random,-1.000000,0.755000,0.755000,5,0.311012,0.754889,3397,1500
random,-1.000000,0.755000,0.755000,6,0.309242,0.754889,3397,1500
random,-1.000000,0.755000,0.755000,7,0.312311,0.754889,3397,1500
random,-1.000000,0.755000,0.755000,8,0.307135,0.754889,3397,1500
random,-1.000000,0.755000,0.755000,9,0.310634,0.754889,3397,1500
random,-1.000000,0.755000,0.755000,10,0.310359,0.754889,3397,1500
random,-1.000000,0.755000,0.755000,11,0.309443,0.754889,3397,1500
random,-1.000000,0.755000,0.755000,12,0.309746,0.754889,3397,1385
random,-1.000000,0.755000,0.755000,13,0.308008,0.754889,3397,1500
random,-1.000000,0.755000,0.755000,14,0.311411,0.754889,3397,1500
random,-1.000000,0.755000,0.755000,15,0.309560,0.754889,3397,1500
random,-1.000000,0.755000,0.755000,16,0.310431,0.754889,3397,1500
random,-1.000000,0.755000,0.755000,17,0.306500,0.754889,3397,1500
random,-1.000000,0.755000,0.755000,18,0.309938,0.754889,3397,1500
random,-1.000000,0.755000,0.755000,19,0.309815,0.754889,3397,1500
random,-1.000000,0.755000,0.755000,20,0.310598,0.754889,3397,1500
random,-1.000000,0.755000,0.755000,21,0.308355,0.754889,3397,1500
random,-1.000000,0.755000,0.755000,22,0.308629,0.754889,3397,1500
random,-1.000000,0.755000,0.755000,23,0.310577,0.754889,3397,1500
random,-1.000000,0.755000,0.755000,24,0.308602,0.754889,3397,1500
random,-1.000000,0.755000,0.755000,25,0.312668,0.754889,3397,1500
random,-1.000000,0.755000,0.755000,26,0.307999,0.754889,3397,1500
random,-1.000000,0.755000,0.755000,27,0.311181,0.754889,3397,1500
random,-1.000000,0.755000,0.755000,28,0.308948,0.754889,3397,1500
random,-1.000000,0.755000,0.755000,29,0.308186,0.754889,3397,1500
random,-1.000000,0.755000,0.755000,30,0.310520,0.754889,3397,1500
random,-1.000000,0.755000,0.755000,31,0.310801,0.754889,3397,1500
random,-1.000000,0.755000,0.755000,32,0.309889,0.754889,3397,1500
random,-1.000000,0.755000,0.755000,33,0.309936,0.754889,3397,1500
random,-1.000000,0.755000,0.755000,34,0.309011,0.754889,3397,1500
random,-1.000000,0.755000,0.755000,35,0.307820,0.754889,3397,1500
random,-1.000000,0.755000,0.755000,36,0.306011,0.754889,3397,1500
random,-1.000000,0.755000,0.755000,37,0.311149,0.754889,3397,1500
random,-1.000000,0.755000,0.755000,38,0.309936,0.754889,3397,1500
random,-1.000000,0.755000,0.755000,39,0.311356,0.754889,3397,1500
random,-1.000000,0.755000,0.755000,40,0.309970,0.754889,3397,1500
random,-1.000000,0.755000,0.755000,41,0.309390,0.754889,3397,1500
random,-1.000000,0.755000,0.755000,42,0.310701,0.754889,3397,1500
random,-1.000000,0.755000,0.755000,43,0.310116,0.754889,3397,1500
random,-1.000000,0.755000,0.755000,44,0.312621,0.754889,3397,1070
random,-1.000000,0.755000,0.755000,45,0.310864,0.754889,3397,1500
random,-1.000000,0.755000,0.755000,46,0.310428,0.754889,3397,1500
random,-1.000000,0.755000,0.755000,47,0.310483,0.754889,3397,1500
random,-1.000000,0.755000,0.755000,48,0.309637,0.754889,3397,1500
random,-1.000000,0.755000,0.755000,49,0.308143,0.754889,3397,1500
random,-1.000000,0.760000,0.760000,0,0.302889,0.760000,3420,1500
random,-1.000000,0.760000,0.760000,1,0.300875,0.760000,3420,1500
random,-1.000000,0.760000,0.760000,2,0.304593,0.760000,3420,1500
random,-1.000000,0.760000,0.760000,3,0.304009,0.760000,3420,1500
random,-1.000000,0.760000,0.760000,4,0.301001,0.760000,3420,1500
random,-1.000000,0.760000,0.760000,5,0.303936,0.760000,3420,1493
random,-1.000000,0.760000,0.760000,6,0.302500,0.760000,3420,1500
random,-1.000000,0.760000,0.760000,7,0.305924,0.760000,3420,1500
random,-1.000000,0.760000,0.760000,8,0.301287,0.760000,3420,1500
random,-1.000000,0.760000,0.760000,9,0.304547,0.760000,3420,1500
random,-1.000000,0.760000,0.760000,10,0.303648,0.760000,3420,1500
random,-1.000000,0.760000,0.760000,11,0.303064,0.760000,3420,1500
random,-1.000000,0.760000,0.760000,12,0.303702,0.760000,3420,1500
random,-1.000000,0.760000,0.760000,13,0.301919,0.760000,3420,1500
random,-1.000000,0.760000,0.760000,14,0.304716,0.760000,3420,1500
random,-1.000000,0.760000,0.760000,15,0.302822,0.760000,3420,1500
random,-1.000000,0.760000,0.760000,16,0.304612,0.760000,3420,1500
random,-1.000000,0.760000,0.760000,17,0.300752,0.760000,3420,1500
random,-1.000000,0.760000,0.760000,18,0.304200,0.760000,3420,1500
random,-1.000000,0.760000,0.760000,19,0.303554,0.760000,3420,1500
random,-1.000000,0.760000,0.760000,20,0.304868,0.760000,3420,1500
random,-1.000000,0.760000,0.760000,21,0.302624,0.760000,3420,1500
random,-1.000000,0.760000,0.760000,22,0.301883,0.760000,3420,1500
random,-1.000000,0.760000,0.760000,23,0.303619,0.760000,3420,1500
random,-1.000000,0.760000,0.760000,24,0.302893,0.760000,3420,1500
random,-1.000000,0.760000,0.760000,25,0.306539,0.760000,3420,1500
random,-1.000000,0.760000,0.760000,26,0.301772,0.760000,3420,1500
random,-1.000000,0.760000,0.760000,27,0.304045,0.760000,3420,1500
random,-1.000000,0.760000,0.760000,28,0.302324,0.760000,3420,1500
random,-1.000000,0.760000,0.760000,29,0.301712,0.760000,3420,1500
random,-1.000000,0.760000,0.760000,30,0.304086,0.760000,3420,1500
random,-1.000000,0.760000,0.760000,31,0.305039,0.760000,3420,1500
random,-1.000000,0.760000,0.760000,32,0.303423,0.760000,3420,1500
random,-1.000000,0.760000,0.760000,33,0.303910,0.760000,3420,1500
random,-1.000000,0.760000,0.760000,34,0.302353,0.760000,3420,1500
random,-1.000000,0.760000,0.760000,35,0.302045,0.760000,3420,1500
random,-1.000000,0.760000,0.760000,36,0.300205,0.760000,3420,1500
random,-1.000000,0.760000,0.760000,37,0.305044,0.760000,3420,1500
random,-1.000000,0.760000,0.760000,38,0.303114,0.760000,3420,1500
random,-1.000000,0.760000,0.760000,39,0.305555,0.760000,3420,1500
random,-1.000000,0.760000,0.760000,40,0.304212,0.760000,3420,1500
random,-1.000000,0.760000,0.760000,41,0.303460,0.760000,3420,1500
random,-1.000000,0.760000,0.760000,42,0.303660,0.760000,3420,1458
random,-1.000000,0.760000,0.760000,43,0.303643,0.760000,3420,1500
random,-1.000000,0.760000,0.760000,44,0.305076,0.760000,3420,1500
random,-1.000000,0.760000,0.760000,45,0.304630,0.760000,3420,1500
random,-1.000000,0.760000,0.760000,46,0.304232,0.760000,3420,1500
random,-1.000000,0.760000,0.760000,47,0.303598,0.760000,3420,1500
random,-1.000000,0.760000,0.760000,48,0.303499,0.760000,3420,1500
random,-1.000000,0.760000,0.760000,49,0.302133,0.760000,3420,1500
random,-1.000000,0.765000,0.765000,0,0.297123,0.764889,3442,1500
random,-1.000000,0.765000,0.765000,1,0.294565,0.764889,3442,1500
random,-1.000000,0.765000,0.765000,2,0.299283,0.764889,3442,1500
random,-1.000000,0.765000,0.765000,3,0.297913,0.764889,3442,1500
random,-1.000000,0.765000,0.765000,4,0.294184,0.764889,3442,1500
random,-1.000000,0.765000,0.765000,5,0.296959,0.764889,3442,1500
random,-1.000000,0.765000,0.765000,6,0.296637,0.764889,3442,1500
random,-1.000000,0.765000,0.765000,7,0.297944,0.764889,3442,1500
random,-1.000000,0.765000,0.765000,8,0.295285,0.764889,3442,1500
random,-1.000000,0.765000,0.765000,9,0.298554,0.764889,3442,1500
random,-1.000000,0.765000,0.765000,10,0.297673,0.764889,3442,1500
random,-1.000000,0.765000,0.765000,11,0.296937,0.764889,3442,1500
random,-1.000000,0.765000,0.765000,12,0.298181,0.764889,3442,1500
random,-1.000000,0.765000,0.765000,13,0.294736,0.764889,3442,1500
random,-1.000000,0.765000,0.765000,14,0.298677,0.764889,3442,1500
random,-1.000000,0.765000,0.765000,15,0.297208,0.764889,3442,1500
random,-1.000000,0.765000,0.765000,16,0.299077,0.764889,3442,1500
random,-1.000000,0.765000,0.765000,17,0.294506,0.764889,3442,1500
random,-1.000000,0.765000,0.765000,18,0.297633,0.764889,3442,1500
random,-1.000000,0.765000,0.765000,19,0.297604,0.764889,3442,1500
random,-1.000000,0.765000,0.765000,20,0.298941,0.764889,3442,1500
random,-1.000000,0.765000,0.765000,21,0.296304,0.764889,3442,1500
random,-1.000000,0.765000,0.765000,22,0.295999,0.764889,3442,1500
random,-1.000000,0.765000,0.765000,23,0.296168,0.764889,3442,1500
random,-1.000000,0.765000,0.765000,24,0.296166,0.764889,3442,1500
random,-1.000000,0.765000,0.765000,25,0.300161,0.764889,3442,1500
random,-1.000000,0.765000,0.765000,26,0.295550,0.764889,3442,1500
random,-1.000000,0.765000,0.765000,27,0.297663,0.764889,3442,1500
random,-1.000000,0.765000,0.765000,28,0.295772,0.764889,3442,1500
random,-1.000000,0.765000,0.765000,29,0.295354,0.764889,3442,1500
random,-1.000000,0.765000,0.765000,30,0.297432,0.764889,3442,1500
random,-1.000000,0.765000,0.765000,31,0.299306,0.764889,3442,1500
random,-1.000000,0.765000,0.765000,32,0.297558,0.764889,3442,1500
random,-1.000000,0.765000,0.765000,33,0.297804,0.764889,3442,1500
random,-1.000000,0.765000,0.765000,34,0.296476,0.764889,3442,1500
random,-1.000000,0.765000,0.765000,35,0.294826,0.764889,3442,1500
random,-1.000000,0.765000,0.765000,36,0.293984,0.764889,3442,1500
random,-1.000000,0.765000,0.765000,37,0.298268,0.764889,3442,1500
random,-1.000000,0.765000,0.765000,38,0.296990,0.764889,3442,1500
random,-1.000000,0.765000,0.765000,39,0.299223,0.764889,3442,1500
random,-1.000000,0.765000,0.765000,40,0.298220,0.764889,3442,1095
random,-1.000000,0.765000,0.765000,41,0.297188,0.764889,3442,1500
random,-1.000000,0.765000,0.765000,42,0.298269,0.764889,3442,1500
random,-1.000000,0.765000,0.765000,43,0.297406,0.764889,3442,1500
random,-1.000000,0.765000,0.765000,44,0.298830,0.764889,3442,1500
random,-1.000000,0.765000,0.765000,45,0.298634,0.764889,3442,1500
random,-1.000000,0.765000,0.765000,46,0.298669,0.764889,3442,1500
random,-1.000000,0.765000,0.765000,47,0.296825,0.764889,3442,1500
random,-1.000000,0.765000,0.765000,48,0.297902,0.764889,3442,1500
random,-1.000000,0.765000,0.765000,49,0.296174,0.764889,3442,1500
random,-1.000000,0.770000,0.770000,0,0.290890,0.770000,3465,1500
random,-1.000000,0.770000,0.770000,1,0.287397,0.770000,3465,1500
random,-1.000000,0.770000,0.770000,2,0.292092,0.770000,3465,1500
random,-1.000000,0.770000,0.770000,3,0.290852,0.770000,3465,1500
random,-1.000000,0.770000,0.770000,4,0.288270,0.770000,3465,1500
random,-1.000000,0.770000,0.770000,5,0.289011,0.770000,3465,1500
random,-1.000000,0.770000,0.770000,6,0.290175,0.770000,3465,1500
random,-1.000000,0.770000,0.770000,7,0.291160,0.770000,3465,1500
random,-1.000000,0.770000,0.770000,8,0.289208,0.770000,3465,1500
random,-1.000000,0.770000,0.770000,9,0.292376,0.770000,3465,1500
random,-1.000000,0.770000,0.770000,10,0.289959,0.770000,3465,1500
random,-1.000000,0.770000,0.770000,11,0.291723,0.770000,3465,1500
random,-1.000000,0.770000,0.770000,12,0.291914,0.770000,3465,1500
random,-1.000000,0.770000,0.770000,13,0.288942,0.770000,3465,1500
random,-1.000000,0.770000,0.770000,14,0.291969,0.770000,3465,1500
random,-1.000000,0.770000,0.770000,15,0.290318,0.770000,3465,1500
random,-1.000000,0.770000,0.770000,16,0.292166,0.770000,3465,1500
random,-1.000000,0.770000,0.770000,17,0.287495,0.770000,3465,1500
random,-1.000000,0.770000,0.770000,18,0.290618,0.770000,3465,1500
random,-1.000000,0.770000,0.770000,19,0.290445,0.770000,3465,1500
random,-1.000000,0.770000,0.770000,20,0.292400,0.770000,3465,1500
random,-1.000000,0.770000,0.770000,21,0.288730,0.770000,3465,1500
random,-1.000000,0.770000,0.770000,22,0.289387,0.770000,3465,1500
random,-1.000000,0.770000,0.770000,23,0.289845,0.770000,3465,1500
random,-1.000000,0.770000,0.770000,24,0.289605,0.770000,3465,1500
random,-1.000000,0.770000,0.770000,25,0.293896,0.770000,3465,1500
random,-1.000000,0.770000,0.770000,26,0.288507,0.770000,3465,1500
random,-1.000000,0.770000,0.770000,27,0.291729,0.770000,3465,1500
random,-1.000000,0.770000,0.770000,28,0.288872,0.770000,3465,1500
random,-1.000000,0.770000,0.770000,29,0.288880,0.770000,3465,1500
random,-1.000000,0.770000,0.770000,30,0.290369,0.770000,3465,1500
random,-1.000000,0.770000,0.770000,31,0.292948,0.770000,3465,1500
random,-1.000000,0.770000,0.770000,32,0.291652,0.770000,3465,1500
random,-1.000000,0.770000,0.770000,33,0.291725,0.770000,3465,1500
random,-1.000000,0.770000,0.770000,34,0.290023,0.770000,3465,1500
random,-1.000000,0.770000,0.770000,35,0.287969,0.770000,3465,1500
random,-1.000000,0.770000,0.770000,36,0.288465,0.770000,3465,1500
random,-1.000000,0.770000,0.770000,37,0.291511,0.770000,3465,1500
random,-1.000000,0.770000,0.770000,38,0.289976,0.770000,3465,1500
random,-1.000000,0.770000,0.770000,39,0.292257,0.770000,3465,1500
random,-1.000000,0.770000,0.770000,40,0.292249,0.770000,3465,1100
random,-1.000000,0.770000,0.770000,41,0.290171,0.770000,3465,1500
random,-1.000000,0.770000,0.770000,42,0.291668,0.770000,3465,1500
random,-1.000000,0.770000,0.770000,43,0.290216,0.770000,3465,1500
random,-1.000000,0.770000,0.770000,44,0.292242,0.770000,3465,1500
random,-1.000000,0.770000,0.770000,45,0.293143,0.770000,3465,1500
random,-1.000000,0.770000,0.770000,46,0.292501,0.770000,3465,1500
random,-1.000000,0.770000,0.770000,47,0.290292,0.770000,3465,1500
random,-1.000000,0.770000,0.770000,48,0.291211,0.770000,3465,1500
random,-1.000000,0.770000,0.770000,49,0.289049,0.770000,3465,1500
random,-1.000000,0.775000,0.775000,0,0.284851,0.774889,3487,1500
random,-1.000000,0.775000,0.775000,1,0.281250,0.774889,3487,1500
random,-1.000000,0.775000,0.775000,2,0.285696,0.774889,3487,1500
random,-1.000000,0.775000,0.775000,3,0.283986,0.774889,3487,1500
random,-1.000000,0.775000,0.775000,4,0.282402,0.774889,3487,1500
random,-1.000000,0.775000,0.775000,5,0.283637,0.774889,3487,1500
random,-1.000000,0.775000,0.775000,6,0.284422,0.774889,3487,1500
random,-1.000000,0.775000,0.775000,7,0.284934,0.774889,3487,1500
random,-1.000000,0.775000,0.775000,8,0.281597,0.774889,3487,1500
random,-1.000000,0.775000,0.775000,9,0.285453,0.774889,3487,1500
random,-1.000000,0.775000,0.775000,10,0.283983,0.774889,3487,1500
random,-1.000000,0.775000,0.775000,11,0.285838,0.774889,3487,1500
random,-1.000000,0.775000,0.775000,12,0.285635,0.774889,3487,1500
random,-1.000000,0.775000,0.775000,13,0.282587,0.774889,3487,1500
random,-1.000000,0.775000,0.775000,14,0.284116,0.774889,3487,1500
random,-1.000000,0.775000,0.775000,15,0.283790,0.774889,3487,1500
random,-1.000000,0.775000,0.775000,16,0.286422,0.774889,3487,1500
random,-1.000000,0.775000,0.775000,17,0.279686,0.774889,3487,1500
random,-1.000000,0.775000,0.775000,18,0.283551,0.774889,3487,1500
random,-1.000000,0.775000,0.775000,19,0.284832,0.774889,3487,1500
random,-1.000000,0.775000,0.775000,20,0.285706,0.774889,3487,1500
random,-1.000000,0.775000,0.775000,21,0.279784,0.774889,3487,1500
random,-1.000000,0.775000,0.775000,22,0.282971,0.774889,3487,1500
random,-1.000000,0.775000,0.775000,23,0.283469,0.774889,3487,1459
random,-1.000000,0.775000,0.775000,24,0.283158,0.774889,3487,1500
random,-1.000000,0.775000,0.775000,25,0.286925,0.774889,3487,1500
random,-1.000000,0.775000,0.775000,26,0.281488,0.774889,3487,1500
random,-1.000000,0.775000,0.775000,27,0.285774,0.774889,3487,1500
random,-1.000000,0.775000,0.775000,28,0.282385,0.774889,3487,1489
random,-1.000000,0.775000,0.775000,29,0.282442,0.774889,3487,1426
random,-1.000000,0.775000,0.775000,30,0.283837,0.774889,3487,1500
random,-1.000000,0.775000,0.775000,31,0.285980,0.774889,3487,1500
random,-1.000000,0.775000,0.775000,32,0.285213,0.774889,3487,1500
random,-1.000000,0.775000,0.775000,33,0.285012,0.774889,3487,1500
random,-1.000000,0.775000,0.775000,34,0.284152,0.774889,3487,1500
random,-1.000000,0.775000,0.775000,35,0.280990,0.774889,3487,1500
random,-1.000000,0.775000,0.775000,36,0.281924,0.774889,3487,1500
random,-1.000000,0.775000,0.775000,37,0.283377,0.774889,3487,1500
random,-1.000000,0.775000,0.775000,38,0.283444,0.774889,3487,1500
random,-1.000000,0.775000,0.775000,39,0.285188,0.774889,3487,1500
random,-1.000000,0.775000,0.775000,40,0.285028,0.774889,3487,1500
random,-1.000000,0.775000,0.775000,41,0.284128,0.774889,3487,1500
random,-1.000000,0.775000,0.775000,42,0.283739,0.774889,3487,1500
random,-1.000000,0.775000,0.775000,43,0.284423,0.774889,3487,1500
random,-1.000000,0.775000,0.775000,44,0.286221,0.774889,3487,1500
random,-1.000000,0.775000,0.775000,45,0.286141,0.774889,3487,1500
random,-1.000000,0.775000,0.775000,46,0.285210,0.774889,3487,1500
random,-1.000000,0.775000,0.775000,47,0.284181,0.774889,3487,1500
random,-1.000000,0.775000,0.775000,48,0.285170,0.774889,3487,1500
random,-1.000000,0.775000,0.775000,49,0.280970,0.774889,3487,1500
random,-1.000000,0.780000,0.780000,0,0.279192,0.780000,3510,1500
random,-1.000000,0.780000,0.780000,1,0.273328,0.780000,3510,1500
random,-1.000000,0.780000,0.780000,2,0.278557,0.780000,3510,1500
random,-1.000000,0.780000,0.780000,3,0.276293,0.780000,3510,1500
random,-1.000000,0.780000,0.780000,4,0.275438,0.780000,3510,1500
random,-1.000000,0.780000,0.780000,5,0.276325,0.780000,3510,1500
random,-1.000000,0.780000,0.780000,6,0.277567,0.780000,3510,1500
random,-1.000000,0.780000,0.780000,7,0.277466,0.780000,3510,1500
random,-1.000000,0.780000,0.780000,8,0.274636,0.780000,3510,1500
random,-1.000000,0.780000,0.780000,9,0.278438,0.780000,3510,1500
random,-1.000000,0.780000,0.780000,10,0.277132,0.780000,3510,1500
random,-1.000000,0.780000,0.780000,11,0.278588,0.780000,3510,1500
random,-1.000000,0.780000,0.780000,12,0.279332,0.780000,3510,1500
random,-1.000000,0.780000,0.780000,13,0.276125,0.780000,3510,1500
random,-1.000000,0.780000,0.780000,14,0.276496,0.780000,3510,1500
random,-1.000000,0.780000,0.780000,15,0.276897,0.780000,3510,1500
random,-1.000000,0.780000,0.780000,16,0.279425,0.780000,3510,1500
random,-1.000000,0.780000,0.780000,17,0.272221,0.780000,3510,1500
random,-1.000000,0.780000,0.780000,18,0.276300,0.780000,3510,1500
random,-1.000000,0.780000,0.780000,19,0.277930,0.780000,3510,1500
random,-1.000000,0.780000,0.780000,20,0.278191,0.780000,3510,1500
random,-1.000000,0.780000,0.780000,21,0.271917,0.780000,3510,1500
random,-1.000000,0.780000,0.780000,22,0.275982,0.780000,3510,1500
random,-1.000000,0.780000,0.780000,23,0.276260,0.780000,3510,1500
random,-1.000000,0.780000,0.780000,24,0.275856,0.780000,3510,1500
random,-1.000000,0.780000,0.780000,25,0.280136,0.780000,3510,1500
random,-1.000000,0.780000,0.780000,26,0.272104,0.780000,3510,1500
random,-1.000000,0.780000,0.780000,27,0.278462,0.780000,3510,1365
random,-1.000000,0.780000,0.780000,28,0.275107,0.780000,3510,1500
random,-1.000000,0.780000,0.780000,29,0.275771,0.780000,3510,1500
random,-1.000000,0.780000,0.780000,30,0.275980,0.780000,3510,1500
random,-1.000000,0.780000,0.780000,31,0.278868,0.780000,3510,1500
random,-1.000000,0.780000,0.780000,32,0.278261,0.780000,3510,1500
random,-1.000000,0.780000,0.780000,33,0.277294,0.780000,3510,1500
random,-1.000000,0.780000,0.780000,34,0.276322,0.780000,3510,1500
random,-1.000000,0.780000,0.780000,35,0.273646,0.780000,3510,1500
random,-1.000000,0.780000,0.780000,36,0.273905,0.780000,3510,1500
random,-1.000000,0.780000,0.780000,37,0.276480,0.780000,3510,1500
random,-1.000000,0.780000,0.780000,38,0.277149,0.780000,3510,1500
random,-1.000000,0.780000,0.780000,39,0.277948,0.780000,3510,1500
random,-1.000000,0.780000,0.780000,40,0.278187,0.780000,3510,1500
random,-1.000000,0.780000,0.780000,41,0.276484,0.780000,3510,1500
random,-1.000000,0.780000,0.780000,42,0.276208,0.780000,3510,1500
random,-1.000000,0.780000,0.780000,43,0.277548,0.780000,3510,1500
random,-1.000000,0.780000,0.780000,44,0.279793,0.780000,3510,1500
random,-1.000000,0.780000,0.780000,45,0.278656,0.780000,3510,1500
random,-1.000000,0.780000,0.780000,46,0.277220,0.780000,3510,1500
random,-1.000000,0.780000,0.780000,47,0.277703,0.780000,3510,1500
random,-1.000000,0.780000,0.780000,48,0.278654,0.780000,3510,1500
random,-1.000000,0.780000,0.780000,49,0.273853,0.780000,3510,1500
random,-1.000000,0.785000,0.785000,0,0.272711,0.784889,3532,1500
random,-1.000000,0.785000,0.785000,1,0.265852,0.784889,3532,1500
random,-1.000000,0.785000,0.785000,2,0.271911,0.784889,3532,1500
random,-1.000000,0.785000,0.785000,3,0.269372,0.784889,3532,1500
random,-1.000000,0.785000,0.785000,4,0.268918,0.784889,3532,1500
random,-1.000000,0.785000,0.785000,5,0.268683,0.784889,3532,1500
random,-1.000000,0.785000,0.785000,6,0.270456,0.784889,3532,1500
random,-1.000000,0.785000,0.785000,7,0.270768,0.784889,3532,1500
random,-1.000000,0.785000,0.785000,8,0.268054,0.784889,3532,1500
random,-1.000000,0.785000,0.785000,9,0.271600,0.784889,3532,1500
random,-1.000000,0.785000,0.785000,10,0.270248,0.784889,3532,1500
random,-1.000000,0.785000,0.785000,11,0.270870,0.784889,3532,1500
random,-1.000000,0.785000,0.785000,12,0.272629,0.784889,3532,1500
random,-1.000000,0.785000,0.785000,13,0.269740,0.784889,3532,1500
random,-1.000000,0.785000,0.785000,14,0.269599,0.784889,3532,1500
random,-1.000000,0.785000,0.785000,15,0.269783,0.784889,3532,1500
random,-1.000000,0.785000,0.785000,16,0.272404,0.784889,3532,1500
random,-1.000000,0.785000,0.785000,17,0.264848,0.784889,3532,1500
random,-1.000000,0.785000,0.785000,18,0.268929,0.784889,3532,1500
random,-1.000000,0.785000,0.785000,19,0.270768,0.784889,3532,1500
random,-1.000000,0.785000,0.785000,20,0.270625,0.784889,3532,1500
random,-1.000000,0.785000,0.785000,21,0.264458,0.784889,3532,1500
random,-1.000000,0.785000,0.785000,22,0.267165,0.784889,3532,1500
random,-1.000000,0.785000,0.785000,23,0.269394,0.784889,3532,1500
random,-1.000000,0.785000,0.785000,24,0.268019,0.784889,3532,1500
random,-1.000000,0.785000,0.785000,25,0.272871,0.784889,3532,1500
random,-1.000000,0.785000,0.785000,26,0.265405,0.784889,3532,1500
random,-1.000000,0.785000,0.785000,27,0.271720,0.784889,3532,1385
random,-1.000000,0.785000,0.785000,28,0.268714,0.784889,3532,1473
random,-1.000000,0.785000,0.785000,29,0.269402,0.784889,3532,1500
random,-1.000000,0.785000,0.785000,30,0.268860,0.784889,3532,1500
random,-1.000000,0.785000,0.785000,31,0.271478,0.784889,3532,1500
random,-1.000000,0.785000,0.785000,32,0.271669,0.784889,3532,1500
random,-1.000000,0.785000,0.785000,33,0.269866,0.784889,3532,1500
random,-1.000000,0.785000,0.785000,34,0.269426,0.784889,3532,1500
random,-1.000000,0.785000,0.785000,35,0.266751,0.784889,3532,1500
random,-1.000000,0.785000,0.785000,36,0.266373,0.784889,3532,1500
random,-1.000000,0.785000,0.785000,37,0.270123,0.784889,3532,1500
random,-1.000000,0.785000,0.785000,38,0.270383,0.784889,3532,1500
random,-1.000000,0.785000,0.785000,39,0.270579,0.784889,3532,1500
random,-1.000000,0.785000,0.785000,40,0.270667,0.784889,3532,1500
random,-1.000000,0.785000,0.785000,41,0.270430,0.784889,3532,1500
random,-1.000000,0.785000,0.785000,42,0.268794,0.784889,3532,1500
random,-1.000000,0.785000,0.785000,43,0.270829,0.784889,3532,1500
random,-1.000000,0.785000,0.785000,44,0.273085,0.784889,3532,1500
random,-1.000000,0.785000,0.785000,45,0.272142,0.784889,3532,1500
random,-1.000000,0.785000,0.785000,46,0.269947,0.784889,3532,1500
random,-1.000000,0.785000,0.785000,47,0.270055,0.784889,3532,1500
random,-1.000000,0.785000,0.785000,48,0.271650,0.784889,3532,1500
random,-1.000000,0.785000,0.785000,49,0.268213,0.784889,3532,1500
random,-1.000000,0.790000,0.790000,0,0.264756,0.790000,3555,1500
random,-1.000000,0.790000,0.790000,1,0.258935,0.790000,3555,1500
random,-1.000000,0.790000,0.790000,2,0.262762,0.790000,3555,1500
random,-1.000000,0.790000,0.790000,3,0.261224,0.790000,3555,1500
random,-1.000000,0.790000,0.790000,4,0.261954,0.790000,3555,1500
random,-1.000000,0.790000,0.790000,5,0.261362,0.790000,3555,1500
random,-1.000000,0.790000,0.790000,6,0.263886,0.790000,3555,1500
random,-1.000000,0.790000,0.790000,7,0.261899,0.790000,3555,1500
random,-1.000000,0.790000,0.790000,8,0.260185,0.790000,3555,1500
random,-1.000000,0.790000,0.790000,9,0.262613,0.790000,3555,1500
random,-1.000000,0.790000,0.790000,10,0.261933,0.790000,3555,1500
random,-1.000000,0.790000,0.790000,11,0.263660,0.790000,3555,1500
random,-1.000000,0.790000,0.790000,12,0.264888,0.790000,3555,1500
random,-1.000000,0.790000,0.790000,13,0.261597,0.790000,3555,1500
random,-1.000000,0.790000,0.790000,14,0.261037,0.790000,3555,1500
random,-1.000000,0.790000,0.790000,15,0.262901,0.790000,3555,1500
random,-1.000000,0.790000,0.790000,16,0.264282,0.790000,3555,1500
random,-1.000000,0.790000,0.790000,17,0.257233,0.790000,3555,1500
random,-1.000000,0.790000,0.790000,18,0.259635,0.790000,3555,1500
random,-1.000000,0.790000,0.790000,19,0.262445,0.790000,3555,1500
random,-1.000000,0.790000,0.790000,20,0.264019,0.790000,3555,1500
random,-1.000000,0.790000,0.790000,21,0.255329,0.790000,3555,1500
random,-1.000000,0.790000,0.790000,22,0.260228,0.790000,3555,1500
random,-1.000000,0.790000,0.790000,23,0.261894,0.790000,3555,1500
random,-1.000000,0.790000,0.790000,24,0.260010,0.790000,3555,1500
random,-1.000000,0.790000,0.790000,25,0.264808,0.790000,3555,1500
random,-1.000000,0.790000,0.790000,26,0.258219,0.790000,3555,1500
random,-1.000000,0.790000,0.790000,27,0.264322,0.790000,3555,1499
random,-1.000000,0.790000,0.790000,28,0.260985,0.790000,3555,1500
random,-1.000000,0.790000,0.790000,29,0.261672,0.790000,3555,1500
random,-1.000000,0.790000,0.790000,30,0.261282,0.790000,3555,1500
random,-1.000000,0.790000,0.790000,31,0.263697,0.790000,3555,1500
random,-1.000000,0.790000,0.790000,32,0.264174,0.790000,3555,1500
random,-1.000000,0.790000,0.790000,33,0.262744,0.790000,3555,1500
random,-1.000000,0.790000,0.790000,34,0.262465,0.790000,3555,1500
random,-1.000000,0.790000,0.790000,35,0.259174,0.790000,3555,1500
random,-1.000000,0.790000,0.790000,36,0.258482,0.790000,3555,1500
random,-1.000000,0.790000,0.790000,37,0.261869,0.790000,3555,1500
random,-1.000000,0.790000,0.790000,38,0.263393,0.790000,3555,1500
random,-1.000000,0.790000,0.790000,39,0.262739,0.790000,3555,1500
random,-1.000000,0.790000,0.790000,40,0.263010,0.790000,3555,1500
random,-1.000000,0.790000,0.790000,41,0.263489,0.790000,3555,1500
random,-1.000000,0.790000,0.790000,42,0.260407,0.790000,3555,1500
random,-1.000000,0.790000,0.790000,43,0.262462,0.790000,3555,1500
random,-1.000000,0.790000,0.790000,44,0.263946,0.790000,3555,1500
random,-1.000000,0.790000,0.790000,45,0.264755,0.790000,3555,1500
random,-1.000000,0.790000,0.790000,46,0.262362,0.790000,3555,1500
random,-1.000000,0.790000,0.790000,47,0.261249,0.790000,3555,1500
random,-1.000000,0.790000,0.790000,48,0.264052,0.790000,3555,1500
random,-1.000000,0.790000,0.790000,49,0.260841,0.790000,3555,1500
random,-1.000000,0.795000,0.795000,0,0.257464,0.794889,3577,1500
random,-1.000000,0.795000,0.795000,1,0.251095,0.794889,3577,1500
random,-1.000000,0.795000,0.795000,2,0.256111,0.794889,3577,1500
random,-1.000000,0.795000,0.795000,3,0.254373,0.794889,3577,1500
random,-1.000000,0.795000,0.795000,4,0.254009,0.794889,3577,1500
random,-1.000000,0.795000,0.795000,5,0.253425,0.794889,3577,1500
random,-1.000000,0.795000,0.795000,6,0.257597,0.794889,3577,1500
random,-1.000000,0.795000,0.795000,7,0.253053,0.794889,3577,1500
random,-1.000000,0.795000,0.795000,8,0.252487,0.794889,3577,1500
random,-1.000000,0.795000,0.795000,9,0.255772,0.794889,3577,1500
random,-1.000000,0.795000,0.795000,10,0.254938,0.794889,3577,1500
random,-1.000000,0.795000,0.795000,11,0.255892,0.794889,3577,1500
random,-1.000000,0.795000,0.795000,12,0.257910,0.794889,3577,1500
random,-1.000000,0.795000,0.795000,13,0.254411,0.794889,3577,1500
random,-1.000000,0.795000,0.795000,14,0.253802,0.794889,3577,1500
random,-1.000000,0.795000,0.795000,15,0.255415,0.794889,3577,1500
random,-1.000000,0.795000,0.795000,16,0.256500,0.794889,3577,1500
random,-1.000000,0.795000,0.795000,17,0.249716,0.794889,3577,1500
random,-1.000000,0.795000,0.795000,18,0.251196,0.794889,3577,1500
random,-1.000000,0.795000,0.795000,19,0.254088,0.794889,3577,1500
random,-1.000000,0.795000,0.795000,20,0.254085,0.794889,3577,1500
random,-1.000000,0.795000,0.795000,21,0.248147,0.794889,3577,1500
random,-1.000000,0.795000,0.795000,22,0.250742,0.794889,3577,1500
random,-1.000000,0.795000,0.795000,23,0.254380,0.794889,3577,1500
random,-1.000000,0.795000,0.795000,24,0.252583,0.794889,3577,1500
random,-1.000000,0.795000,0.795000,25,0.257628,0.794889,3577,1500
random,-1.000000,0.795000,0.795000,26,0.249649,0.794889,3577,1500
random,-1.000000,0.795000,0.795000,27,0.257237,0.794889,3577,1500
random,-1.000000,0.795000,0.795000,28,0.252841,0.794889,3577,1500
random,-1.000000,0.795000,0.795000,29,0.253480,0.794889,3577,1500
random,-1.000000,0.795000,0.795000,30,0.253008,0.794889,3577,1500
random,-1.000000,0.795000,0.795000,31,0.254012,0.794889,3577,1500
random,-1.000000,0.795000,0.795000,32,0.255983,0.794889,3577,1500
random,-1.000000,0.795000,0.795000,33,0.255140,0.794889,3577,1500
random,-1.000000,0.795000,0.795000,34,0.252850,0.794889,3577,1500
random,-1.000000,0.795000,0.795000,35,0.252493,0.794889,3577,1500
random,-1.000000,0.795000,0.795000,36,0.251910,0.794889,3577,1500
random,-1.000000,0.795000,0.795000,37,0.254872,0.794889,3577,1500
random,-1.000000,0.795000,0.795000,38,0.256450,0.794889,3577,1500
random,-1.000000,0.795000,0.795000,39,0.253139,0.794889,3577,1500
random,-1.000000,0.795000,0.795000,40,0.255706,0.794889,3577,1500
random,-1.000000,0.795000,0.795000,41,0.255495,0.794889,3577,1500
random,-1.000000,0.795000,0.795000,42,0.253911,0.794889,3577,1500
random,-1.000000,0.795000,0.795000,43,0.254980,0.794889,3577,1500
random,-1.000000,0.795000,0.795000,44,0.256114,0.794889,3577,1500
random,-1.000000,0.795000,0.795000,45,0.256357,0.794889,3577,1500
random,-1.000000,0.795000,0.795000,46,0.255720,0.794889,3577,1500
random,-1.000000,0.795000,0.795000,47,0.253011,0.794889,3577,1500
random,-1.000000,0.795000,0.795000,48,0.255880,0.794889,3577,1500
random,-1.000000,0.795000,0.795000,49,0.253131,0.794889,3577,1500
random,-1.000000,0.800000,0.800000,0,0.249431,0.800000,3600,1500
random,-1.000000,0.800000,0.800000,1,0.244272,0.800000,3600,1500
random,-1.000000,0.800000,0.800000,2,0.248873,0.800000,3600,1500
random,-1.000000,0.800000,0.800000,3,0.244886,0.800000,3600,1500
random,-1.000000,0.800000,0.800000,4,0.245457,0.800000,3600,1500
random,-1.000000,0.800000,0.800000,5,0.245611,0.800000,3600,1500
random,-1.000000,0.800000,0.800000,6,0.248855,0.800000,3600,1500
random,-1.000000,0.800000,0.800000,7,0.244633,0.800000,3600,1500
random,-1.000000,0.800000,0.800000,8,0.244656,0.800000,3600,1500
random,-1.000000,0.800000,0.800000,9,0.247956,0.800000,3600,1500
random,-1.000000,0.800000,0.800000,10,0.245101,0.800000,3600,1500
random,-1.000000,0.800000,0.800000,11,0.247104,0.800000,3600,1500
random,-1.000000,0.800000,0.800000,12,0.248207,0.800000,3600,1500
random,-1.000000,0.800000,0.800000,13,0.245142,0.800000,3600,1500
random,-1.000000,0.800000,0.800000,14,0.245521,0.800000,3600,1500
random,-1.000000,0.800000,0.800000,15,0.247081,0.800000,3600,1500
random,-1.000000,0.800000,0.800000,16,0.249240,0.800000,3600,1500
random,-1.000000,0.800000,0.800000,17,0.241013,0.800000,3600,1500
random,-1.000000,0.800000,0.800000,18,0.242587,0.800000,3600,1500
random,-1.000000,0.800000,0.800000,19,0.246295,0.800000,3600,1500
random,-1.000000,0.800000,0.800000,20,0.247255,0.800000,3600,1500
random,-1.000000,0.800000,0.800000,21,0.240903,0.800000,3600,1500
random,-1.000000,0.800000,0.800000,22,0.242185,0.800000,3600,1500
random,-1.000000,0.800000,0.800000,23,0.246563,0.800000,3600,1500
random,-1.000000,0.800000,0.800000,24,0.244680,0.800000,3600,1500
random,-1.000000,0.800000,0.800000,25,0.250657,0.800000,3600,1500
random,-1.000000,0.800000,0.800000,26,0.241807,0.800000,3600,1500
random,-1.000000,0.800000,0.800000,27,0.249035,0.800000,3600,1500
random,-1.000000,0.800000,0.800000,28,0.245617,0.800000,3600,1500
random,-1.000000,0.800000,0.800000,29,0.244310,0.800000,3600,1500
random,-1.000000,0.800000,0.800000,30,0.243758,0.800000,3600,1500
random,-1.000000,0.800000,0.800000,31,0.245022,0.800000,3600,1500
random,-1.000000,0.800000,0.800000,32,0.247764,0.800000,3600,1500
random,-1.000000,0.800000,0.800000,33,0.247082,0.800000,3600,1500
random,-1.000000,0.800000,0.800000,34,0.245256,0.800000,3600,1500
random,-1.000000,0.800000,0.800000,35,0.245471,0.800000,3600,1500
random,-1.000000,0.800000,0.800000,36,0.243868,0.800000,3600,1500
random,-1.000000,0.800000,0.800000,37,0.246692,0.800000,3600,1500
random,-1.000000,0.800000,0.800000,38,0.248315,0.800000,3600,1500
random,-1.000000,0.800000,0.800000,39,0.243449,0.800000,3600,1500
random,-1.000000,0.800000,0.800000,40,0.248444,0.800000,3600,1500
random,-1.000000,0.800000,0.800000,41,0.247814,0.800000,3600,1500
random,-1.000000,0.800000,0.800000,42,0.243545,0.800000,3600,1500
random,-1.000000,0.800000,0.800000,43,0.246628,0.800000,3600,1500
random,-1.000000,0.800000,0.800000,44,0.246344,0.800000,3600,1500
random,-1.000000,0.800000,0.800000,45,0.248130,0.800000,3600,1500
random,-1.000000,0.800000,0.800000,46,0.247779,0.800000,3600,1500
random,-1.000000,0.800000,0.800000,47,0.244146,0.800000,3600,1500
random,-1.000000,0.800000,0.800000,48,0.248436,0.800000,3600,1500
random,-1.000000,0.800000,0.800000,49,0.245508,0.800000,3600,1500
random,-1.000000,0.805000,0.805000,0,0.240383,0.804889,3622,1500
random,-1.000000,0.805000,0.805000,1,0.239003,0.804889,3622,1500
random,-1.000000,0.805000,0.805000,2,0.239156,0.804889,3622,1500
random,-1.000000,0.805000,0.805000,3,0.236930,0.804889,3622,1500
random,-1.000000,0.805000,0.805000,4,0.235114,0.804889,3622,1500
random,-1.000000,0.805000,0.805000,5,0.237224,0.804889,3622,1500
random,-1.000000,0.805000,0.805000,6,0.240431,0.804889,3622,1500
random,-1.000000,0.805000,0.805000,7,0.238075,0.804889,3622,1500
random,-1.000000,0.805000,0.805000,8,0.235488,0.804889,3622,1500
random,-1.000000,0.805000,0.805000,9,0.238788,0.804889,3622,1500
random,-1.000000,0.805000,0.805000,10,0.234713,0.804889,3622,1500
random,-1.000000,0.805000,0.805000,11,0.239347,0.804889,3622,1500
random,-1.000000,0.805000,0.805000,12,0.239832,0.804889,3622,1500
random,-1.000000,0.805000,0.805000,13,0.236852,0.804889,3622,1500
random,-1.000000,0.805000,0.805000,14,0.238036,0.804889,3622,1500
random,-1.000000,0.805000,0.805000,15,0.236286,0.804889,3622,1500
random,-1.000000,0.805000,0.805000,16,0.239571,0.804889,3622,1500
random,-1.000000,0.805000,0.805000,17,0.232121,0.804889,3622,1500
random,-1.000000,0.805000,0.805000,18,0.234394,0.804889,3622,1500
random,-1.000000,0.805000,0.805000,19,0.237657,0.804889,3622,1500
random,-1.000000,0.805000,0.805000,20,0.238255,0.804889,3622,1500
random,-1.000000,0.805000,0.805000,21,0.233774,0.804889,3622,1500
random,-1.000000,0.805000,0.805000,22,0.232636,0.804889,3622,1500
random,-1.000000,0.805000,0.805000,23,0.239437,0.804889,3622,1500
random,-1.000000,0.805000,0.805000,24,0.236389,0.804889,3622,1500
random,-1.000000,0.805000,0.805000,25,0.241561,0.804889,3622,1500
random,-1.000000,0.805000,0.805000,26,0.234877,0.804889,3622,1500
random,-1.000000,0.805000,0.805000,27,0.241190,0.804889,3622,1500
random,-1.000000,0.805000,0.805000,28,0.237862,0.804889,3622,1500
random,-1.000000,0.805000,0.805000,29,0.235299,0.804889,3622,1500
random,-1.000000,0.805000,0.805000,30,0.235825,0.804889,3622,1500
random,-1.000000,0.805000,0.805000,31,0.235521,0.804889,3622,1500
random,-1.000000,0.805000,0.805000,32,0.239940,0.804889,3622,1500
random,-1.000000,0.805000,0.805000,33,0.237822,0.804889,3622,1500
random,-1.000000,0.805000,0.805000,34,0.236405,0.804889,3622,1500
random,-1.000000,0.805000,0.805000,35,0.237291,0.804889,3622,1500
random,-1.000000,0.805000,0.805000,36,0.229835,0.804889,3622,1500
random,-1.000000,0.805000,0.805000,37,0.237959,0.804889,3622,1500
random,-1.000000,0.805000,0.805000,38,0.238637,0.804889,3622,1500
random,-1.000000,0.805000,0.805000,39,0.235245,0.804889,3622,1500
random,-1.000000,0.805000,0.805000,40,0.238283,0.804889,3622,1500
random,-1.000000,0.805000,0.805000,41,0.240563,0.804889,3622,1500
random,-1.000000,0.805000,0.805000,42,0.235563,0.804889,3622,1500
random,-1.000000,0.805000,0.805000,43,0.237402,0.804889,3622,1500
random,-1.000000,0.805000,0.805000,44,0.236492,0.804889,3622,1500
random,-1.000000,0.805000,0.805000,45,0.239604,0.804889,3622,1500
random,-1.000000,0.805000,0.805000,46,0.238610,0.804889,3622,1500
random,-1.000000,0.805000,0.805000,47,0.236237,0.804889,3622,1500
random,-1.000000,0.805000,0.805000,48,0.240034,0.804889,3622,1500
random,-1.000000,0.805000,0.805000,49,0.239020,0.804889,3622,1500
random,-1.000000,0.810000,0.810000,0,0.231241,0.810000,3645,1500
random,-1.000000,0.810000,0.810000,1,0.232241,0.810000,3645,1500
random,-1.000000,0.810000,0.810000,2,0.229185,0.810000,3645,1500
random,-1.000000,0.810000,0.810000,3,0.222784,0.810000,3645,1500
random,-1.000000,0.810000,0.810000,4,0.227018,0.810000,3645,1500
random,-1.000000,0.810000,0.810000,5,0.227074,0.810000,3645,1500
random,-1.000000,0.810000,0.810000,6,0.232720,0.810000,3645,1500
random,-1.000000,0.810000,0.810000,7,0.229113,0.810000,3645,1500
random,-1.000000,0.810000,0.810000,8,0.226644,0.810000,3645,1500
random,-1.000000,0.810000,0.810000,9,0.229184,0.810000,3645,1500
random,-1.000000,0.810000,0.810000,10,0.225798,0.810000,3645,1500
random,-1.000000,0.810000,0.810000,11,0.230463,0.810000,3645,1500
random,-1.000000,0.810000,0.810000,12,0.231184,0.810000,3645,1500
random,-1.000000,0.810000,0.810000,13,0.226767,0.810000,3645,1500
random,-1.000000,0.810000,0.810000,14,0.229677,0.810000,3645,1500
random,-1.000000,0.810000,0.810000,15,0.226490,0.810000,3645,1500
random,-1.000000,0.810000,0.810000,16,0.230259,0.810000,3645,1500
random,-1.000000,0.810000,0.810000,17,0.223614,0.810000,3645,1500
random,-1.000000,0.810000,0.810000,18,0.223480,0.810000,3645,1500
random,-1.000000,0.810000,0.810000,19,0.226861,0.810000,3645,1500
random,-1.000000,0.810000,0.810000,20,0.231050,0.810000,3645,1500
random,-1.000000,0.810000,0.810000,21,0.223527,0.810000,3645,1500
random,-1.000000,0.810000,0.810000,22,0.221504,0.810000,3645,1500
random,-1.000000,0.810000,0.810000,23,0.230813,0.810000,3645,1500
random,-1.000000,0.810000,0.810000,24,0.230116,0.810000,3645,1500
random,-1.000000,0.810000,0.810000,25,0.234246,0.810000,3645,1500
random,-1.000000,0.810000,0.810000,26,0.224704,0.810000,3645,1500
random,-1.000000,0.810000,0.810000,27,0.231836,0.810000,3645,1500
random,-1.000000,0.810000,0.810000,28,0.225475,0.810000,3645,1500
random,-1.000000,0.810000,0.810000,29,0.227666,0.810000,3645,1500
random,-1.000000,0.810000,0.810000,30,0.226682,0.810000,3645,1500
random,-1.000000,0.810000,0.810000,31,0.225115,0.810000,3645,1500
random,-1.000000,0.810000,0.810000,32,0.232077,0.810000,3645,1500
random,-1.000000,0.810000,0.810000,33,0.228630,0.810000,3645,1500
random,-1.000000,0.810000,0.810000,34,0.229476,0.810000,3645,1500
random,-1.000000,0.810000,0.810000,35,0.228118,0.810000,3645,1500
random,-1.000000,0.810000,0.810000,36,0.220241,0.810000,3645,1500
random,-1.000000,0.810000,0.810000,37,0.228161,0.810000,3645,1500
random,-1.000000,0.810000,0.810000,38,0.230415,0.810000,3645,1500
random,-1.000000,0.810000,0.810000,39,0.226304,0.810000,3645,1500
random,-1.000000,0.810000,0.810000,40,0.230265,0.810000,3645,1500
random,-1.000000,0.810000,0.810000,41,0.234087,0.810000,3645,1500
random,-1.000000,0.810000,0.810000,42,0.227517,0.810000,3645,1500
random,-1.000000,0.810000,0.810000,43,0.228324,0.810000,3645,1500
random,-1.000000,0.810000,0.810000,44,0.225397,0.810000,3645,1500
random,-1.000000,0.810000,0.810000,45,0.231473,0.810000,3645,1500
random,-1.000000,0.810000,0.810000,46,0.230248,0.810000,3645,1500
random,-1.000000,0.810000,0.810000,47,0.227930,0.810000,3645,1500
random,-1.000000,0.810000,0.810000,48,0.232128,0.810000,3645,1500
random,-1.000000,0.810000,0.810000,49,0.230283,0.810000,3645,1500
random,-1.000000,0.815000,0.815000,0,0.222307,0.814889,3667,1500
random,-1.000000,0.815000,0.815000,1,0.222778,0.814889,3667,1500
random,-1.000000,0.815000,0.815000,2,0.219260,0.814889,3667,1500
random,-1.000000,0.815000,0.815000,3,0.211925,0.814889,3667,1500
random,-1.000000,0.815000,0.815000,4,0.217260,0.814889,3667,1500
random,-1.000000,0.815000,0.815000,5,0.218552,0.814889,3667,1500
random,-1.000000,0.815000,0.815000,6,0.224210,0.814889,3667,1500
random,-1.000000,0.815000,0.815000,7,0.219659,0.814889,3667,1500
random,-1.000000,0.815000,0.815000,8,0.216748,0.814889,3667,1500
random,-1.000000,0.815000,0.815000,9,0.217508,0.814889,3667,1500
random,-1.000000,0.815000,0.815000,10,0.216123,0.814889,3667,1500
random,-1.000000,0.815000,0.815000,11,0.222737,0.814889,3667,1500
random,-1.000000,0.815000,0.815000,12,0.221514,0.814889,3667,1500
random,-1.000000,0.815000,0.815000,13,0.216802,0.814889,3667,1500
random,-1.000000,0.815000,0.815000,14,0.220996,0.814889,3667,1500
random,-1.000000,0.815000,0.815000,15,0.217089,0.814889,3667,1500
random,-1.000000,0.815000,0.815000,16,0.221659,0.814889,3667,1500
random,-1.000000,0.815000,0.815000,17,0.215734,0.814889,3667,1500
random,-1.000000,0.815000,0.815000,18,0.210974,0.814889,3667,1500
random,-1.000000,0.815000,0.815000,19,0.218887,0.814889,3667,1500
random,-1.000000,0.815000,0.815000,20,0.222621,0.814889,3667,1500
random,-1.000000,0.815000,0.815000,21,0.213937,0.814889,3667,1500
random,-1.000000,0.815000,0.815000,22,0.214229,0.814889,3667,1500
random,-1.000000,0.815000,0.815000,23,0.222462,0.814889,3667,1500
random,-1.000000,0.815000,0.815000,24,0.222506,0.814889,3667,1500
random,-1.000000,0.815000,0.815000,25,0.224585,0.814889,3667,1500
random,-1.000000,0.815000,0.815000,26,0.212004,0.814889,3667,1500
random,-1.000000,0.815000,0.815000,27,0.221737,0.814889,3667,1500
random,-1.000000,0.815000,0.815000,28,0.218143,0.814889,3667,1500
random,-1.000000,0.815000,0.815000,29,0.216301,0.814889,3667,1500
random,-1.000000,0.815000,0.815000,30,0.217921,0.814889,3667,1500
random,-1.000000,0.815000,0.815000,31,0.214520,0.814889,3667,1500
random,-1.000000,0.815000,0.815000,32,0.225123,0.814889,3667,1500
random,-1.000000,0.815000,0.815000,33,0.220485,0.814889,3667,1500
random,-1.000000,0.815000,0.815000,34,0.221285,0.814889,3667,1500
random,-1.000000,0.815000,0.815000,35,0.219191,0.814889,3667,1500
random,-1.000000,0.815000,0.815000,36,0.211042,0.814889,3667,1500
random,-1.000000,0.815000,0.815000,37,0.218480,0.814889,3667,1500
random,-1.000000,0.815000,0.815000,38,0.222631,0.814889,3667,1500
random,-1.000000,0.815000,0.815000,39,0.216858,0.814889,3667,1500
random,-1.000000,0.815000,0.815000,40,0.221288,0.814889,3667,1500
random,-1.000000,0.815000,0.815000,41,0.224727,0.814889,3667,1500
random,-1.000000,0.815000,0.815000,42,0.217165,0.814889,3667,1500
random,-1.000000,0.815000,0.815000,43,0.220138,0.814889,3667,1500
random,-1.000000,0.815000,0.815000,44,0.211492,0.814889,3667,1500
random,-1.000000,0.815000,0.815000,45,0.222893,0.814889,3667,1500
random,-1.000000,0.815000,0.815000,46,0.218955,0.814889,3667,1500
random,-1.000000,0.815000,0.815000,47,0.218500,0.814889,3667,1500
random,-1.000000,0.815000,0.815000,48,0.222138,0.814889,3667,1500
random,-1.000000,0.815000,0.815000,49,0.220786,0.814889,3667,1500
random,-1.000000,0.820000,0.820000,0,0.212123,0.820000,3690,1500
random,-1.000000,0.820000,0.820000,1,0.213185,0.820000,3690,1500
random,-1.000000,0.820000,0.820000,2,0.207534,0.820000,3690,1500
random,-1.000000,0.820000,0.820000,3,0.204004,0.820000,3690,1500
random,-1.000000,0.820000,0.820000,4,0.205078,0.820000,3690,1500
random,-1.000000,0.820000,0.820000,5,0.209208,0.820000,3690,1500
random,-1.000000,0.820000,0.820000,6,0.216277,0.820000,3690,1500
random,-1.000000,0.820000,0.820000,7,0.206237,0.820000,3690,1500
random,-1.000000,0.820000,0.820000,8,0.208155,0.820000,3690,1500
random,-1.000000,0.820000,0.820000,9,0.206201,0.820000,3690,1500
random,-1.000000,0.820000,0.820000,10,0.207181,0.820000,3690,1500
random,-1.000000,0.820000,0.820000,11,0.214016,0.820000,3690,1500
random,-1.000000,0.820000,0.820000,12,0.213415,0.820000,3690,1500
random,-1.000000,0.820000,0.820000,13,0.207098,0.820000,3690,1500
random,-1.000000,0.820000,0.820000,14,0.209002,0.820000,3690,1500
random,-1.000000,0.820000,0.820000,15,0.207102,0.820000,3690,1500
random,-1.000000,0.820000,0.820000,16,0.209388,0.820000,3690,1500
random,-1.000000,0.820000,0.820000,17,0.206505,0.820000,3690,1500
random,-1.000000,0.820000,0.820000,18,0.202051,0.820000,3690,1500
random,-1.000000,0.820000,0.820000,19,0.206886,0.820000,3690,1500
random,-1.000000,0.820000,0.820000,20,0.213415,0.820000,3690,1500
random,-1.000000,0.820000,0.820000,21,0.203100,0.820000,3690,1500
random,-1.000000,0.820000,0.820000,22,0.205453,0.820000,3690,1500
random,-1.000000,0.820000,0.820000,23,0.211441,0.820000,3690,1500
random,-1.000000,0.820000,0.820000,24,0.211928,0.820000,3690,1500
random,-1.000000,0.820000,0.820000,25,0.212875,0.820000,3690,1500
random,-1.000000,0.820000,0.820000,26,0.202804,0.820000,3690,1500
random,-1.000000,0.820000,0.820000,27,0.205961,0.820000,3690,1500
random,-1.000000,0.820000,0.820000,28,0.208363,0.820000,3690,1500
random,-1.000000,0.820000,0.820000,29,0.205447,0.820000,3690,1500
random,-1.000000,0.820000,0.820000,30,0.207718,0.820000,3690,1500
random,-1.000000,0.820000,0.820000,31,0.201350,0.820000,3690,1500
random,-1.000000,0.820000,0.820000,32,0.215972,0.820000,3690,1500
random,-1.000000,0.820000,0.820000,33,0.209532,0.820000,3690,1500
random,-1.000000,0.820000,0.820000,34,0.211473,0.820000,3690,1500
random,-1.000000,0.820000,0.820000,35,0.210582,0.820000,3690,1500
random,-1.000000,0.820000,0.820000,36,0.202508,0.820000,3690,1500
random,-1.000000,0.820000,0.820000,37,0.206600,0.820000,3690,1500
random,-1.000000,0.820000,0.820000,38,0.214442,0.820000,3690,1500
random,-1.000000,0.820000,0.820000,39,0.202438,0.820000,3690,1500
random,-1.000000,0.820000,0.820000,40,0.209950,0.820000,3690,1500
random,-1.000000,0.820000,0.820000,41,0.214916,0.820000,3690,1500
random,-1.000000,0.820000,0.820000,42,0.208404,0.820000,3690,1500
random,-1.000000,0.820000,0.820000,43,0.210846,0.820000,3690,1500
random,-1.000000,0.820000,0.820000,44,0.199873,0.820000,3690,1500
random,-1.000000,0.820000,0.820000,45,0.212120,0.820000,3690,1500
random,-1.000000,0.820000,0.820000,46,0.208632,0.820000,3690,1500
random,-1.000000,0.820000,0.820000,47,0.206470,0.820000,3690,1500
random,-1.000000,0.820000,0.820000,48,0.210909,0.820000,3690,1500
random,-1.000000,0.820000,0.820000,49,0.211649,0.820000,3690,1500
random,-1.000000,0.825000,0.825000,0,0.203395,0.824889,3712,1500
random,-1.000000,0.825000,0.825000,1,0.205044,0.824889,3712,1500
random,-1.000000,0.825000,0.825000,2,0.196706,0.824889,3712,1500
random,-1.000000,0.825000,0.825000,3,0.194579,0.824889,3712,1500
random,-1.000000,0.825000,0.825000,4,0.191887,0.824889,3712,1500
random,-1.000000,0.825000,0.825000,5,0.197295,0.824889,3712,1500
random,-1.000000,0.825000,0.825000,6,0.207723,0.824889,3712,1500
random,-1.000000,0.825000,0.825000,7,0.193623,0.824889,3712,1500
random,-1.000000,0.825000,0.825000,8,0.200044,0.824889,3712,1500
random,-1.000000,0.825000,0.825000,9,0.195629,0.824889,3712,1500
random,-1.000000,0.825000,0.825000,10,0.198003,0.824889,3712,1500
random,-1.000000,0.825000,0.825000,11,0.202238,0.824889,3712,1500
random,-1.000000,0.825000,0.825000,12,0.202373,0.824889,3712,1500
random,-1.000000,0.825000,0.825000,13,0.194325,0.824889,3712,1500
random,-1.000000,0.825000,0.825000,14,0.201793,0.824889,3712,1500
random,-1.000000,0.825000,0.825000,15,0.198019,0.824889,3712,1500
random,-1.000000,0.825000,0.825000,16,0.200209,0.824889,3712,1500
random,-1.000000,0.825000,0.825000,17,0.197267,0.824889,3712,1500
random,-1.000000,0.825000,0.825000,18,0.191611,0.824889,3712,1500
random,-1.000000,0.825000,0.825000,19,0.195717,0.824889,3712,1500
random,-1.000000,0.825000,0.825000,20,0.203118,0.824889,3712,1500
random,-1.000000,0.825000,0.825000,21,0.191780,0.824889,3712,1500
random,-1.000000,0.825000,0.825000,22,0.191808,0.824889,3712,1500
random,-1.000000,0.825000,0.825000,23,0.197725,0.824889,3712,1500
random,-1.000000,0.825000,0.825000,24,0.198975,0.824889,3712,1500
random,-1.000000,0.825000,0.825000,25,0.203401,0.824889,3712,1500
random,-1.000000,0.825000,0.825000,26,0.194700,0.824889,3712,1500
random,-1.000000,0.825000,0.825000,27,0.196592,0.824889,3712,1500
random,-1.000000,0.825000,0.825000,28,0.196444,0.824889,3712,1500
random,-1.000000,0.825000,0.825000,29,0.196651,0.824889,3712,1500
random,-1.000000,0.825000,0.825000,30,0.199461,0.824889,3712,1500
random,-1.000000,0.825000,0.825000,31,0.186800,0.824889,3712,1500
random,-1.000000,0.825000,0.825000,32,0.205983,0.824889,3712,1500
random,-1.000000,0.825000,0.825000,33,0.200439,0.824889,3712,1500
random,-1.000000,0.825000,0.825000,34,0.202449,0.824889,3712,1500
random,-1.000000,0.825000,0.825000,35,0.200317,0.824889,3712,1500
random,-1.000000,0.825000,0.825000,36,0.193510,0.824889,3712,1500
random,-1.000000,0.825000,0.825000,37,0.194661,0.824889,3712,1500
random,-1.000000,0.825000,0.825000,38,0.203660,0.824889,3712,1500
random,-1.000000,0.825000,0.825000,39,0.190053,0.824889,3712,1500
random,-1.000000,0.825000,0.825000,40,0.199132,0.824889,3712,1500
random,-1.000000,0.825000,0.825000,41,0.206535,0.824889,3712,1500
random,-1.000000,0.825000,0.825000,42,0.198102,0.824889,3712,1500
random,-1.000000,0.825000,0.825000,43,0.199074,0.824889,3712,1500
random,-1.000000,0.825000,0.825000,44,0.189773,0.824889,3712,1500
random,-1.000000,0.825000,0.825000,45,0.200620,0.824889,3712,1500
random,-1.000000,0.825000,0.825000,46,0.195212,0.824889,3712,1500
random,-1.000000,0.825000,0.825000,47,0.195736,0.824889,3712,1500
random,-1.000000,0.825000,0.825000,48,0.195134,0.824889,3712,1500
random,-1.000000,0.825000,0.825000,49,0.202377,0.824889,3712,1500
random,-1.000000,0.830000,0.830000,0,0.190456,0.830000,3735,1500
random,-1.000000,0.830000,0.830000,1,0.191318,0.830000,3735,1500
random,-1.000000,0.830000,0.830000,2,0.184652,0.830000,3735,1500
random,-1.000000,0.830000,0.830000,3,0.186013,0.830000,3735,1500
random,-1.000000,0.830000,0.830000,4,0.182125,0.830000,3735,1500
random,-1.000000,0.830000,0.830000,5,0.181991,0.830000,3735,1500
random,-1.000000,0.830000,0.830000,6,0.193909,0.830000,3735,1500
random,-1.000000,0.830000,0.830000,7,0.180884,0.830000,3735,1500
random,-1.000000,0.830000,0.830000,8,0.187332,0.830000,3735,1500
random,-1.000000,0.830000,0.830000,9,0.182126,0.830000,3735,1500
random,-1.000000,0.830000,0.830000,10,0.187098,0.830000,3735,1500
random,-1.000000,0.830000,0.830000,11,0.187353,0.830000,3735,1500
random,-1.000000,0.830000,0.830000,12,0.192860,0.830000,3735,1500
random,-1.000000,0.830000,0.830000,13,0.179059,0.830000,3735,1500
random,-1.000000,0.830000,0.830000,14,0.190967,0.830000,3735,1500
random,-1.000000,0.830000,0.830000,15,0.187135,0.830000,3735,1500
random,-1.000000,0.830000,0.830000,16,0.189824,0.830000,3735,1500
random,-1.000000,0.830000,0.830000,17,0.187136,0.830000,3735,1500
random,-1.000000,0.830000,0.830000,18,0.180666,0.830000,3735,1500
random,-1.000000,0.830000,0.830000,19,0.181661,0.830000,3735,1500
random,-1.000000,0.830000,0.830000,20,0.188262,0.830000,3735,1500
random,-1.000000,0.830000,0.830000,21,0.159555,0.830000,3735,1500
random,-1.000000,0.830000,0.830000,22,0.175527,0.830000,3735,1500
random,-1.000000,0.830000,0.830000,23,0.188874,0.830000,3735,1500
random,-1.000000,0.830000,0.830000,24,0.185103,0.830000,3735,1500
random,-1.000000,0.830000,0.830000,25,0.186605,0.830000,3735,1500
random,-1.000000,0.830000,0.830000,26,0.183025,0.830000,3735,1500
random,-1.000000,0.830000,0.830000,27,0.185753,0.830000,3735,1500
random,-1.000000,0.830000,0.830000,28,0.185957,0.830000,3735,1500
random,-1.000000,0.830000,0.830000,29,0.187819,0.830000,3735,1500
random,-1.000000,0.830000,0.830000,30,0.185260,0.830000,3735,1500
random,-1.000000,0.830000,0.830000,31,0.167635,0.830000,3735,1500
random,-1.000000,0.830000,0.830000,32,0.195980,0.830000,3735,1500
random,-1.000000,0.830000,0.830000,33,0.189233,0.830000,3735,1500
random,-1.000000,0.830000,0.830000,34,0.192363,0.830000,3735,1500
random,-1.000000,0.830000,0.830000,35,0.190365,0.830000,3735,1500
random,-1.000000,0.830000,0.830000,36,0.181986,0.830000,3735,1500
random,-1.000000,0.830000,0.830000,37,0.179978,0.830000,3735,1500
random,-1.000000,0.830000,0.830000,38,0.192262,0.830000,3735,1500
random,-1.000000,0.830000,0.830000,39,0.178907,0.830000,3735,1500
random,-1.000000,0.830000,0.830000,40,0.190026,0.830000,3735,1500
random,-1.000000,0.830000,0.830000,41,0.196497,0.830000,3735,1500
random,-1.000000,0.830000,0.830000,42,0.188618,0.830000,3735,1500
random,-1.000000,0.830000,0.830000,43,0.188126,0.830000,3735,1500
random,-1.000000,0.830000,0.830000,44,0.178365,0.830000,3735,1500
random,-1.000000,0.830000,0.830000,45,0.181004,0.830000,3735,1500
random,-1.000000,0.830000,0.830000,46,0.180579,0.830000,3735,1500
random,-1.000000,0.830000,0.830000,47,0.184383,0.830000,3735,1500
random,-1.000000,0.830000,0.830000,48,0.177784,0.830000,3735,1500
random,-1.000000,0.830000,0.830000,49,0.189838,0.830000,3735,1500
random,-1.000000,0.835000,0.835000,0,0.174177,0.834889,3757,1500
random,-1.000000,0.835000,0.835000,1,0.171927,0.834889,3757,1500
random,-1.000000,0.835000,0.835000,2,0.173010,0.834889,3757,1500
random,-1.000000,0.835000,0.835000,3,0.176610,0.834889,3757,1500
random,-1.000000,0.835000,0.835000,4,0.172616,0.834889,3757,1500
random,-1.000000,0.835000,0.835000,5,0.169052,0.834889,3757,1500
random,-1.000000,0.835000,0.835000,6,0.179729,0.834889,3757,1500
random,-1.000000,0.835000,0.835000,7,0.160576,0.834889,3757,1500
random,-1.000000,0.835000,0.835000,8,0.171708,0.834889,3757,1500
random,-1.000000,0.835000,0.835000,9,0.164453,0.834889,3757,1500
random,-1.000000,0.835000,0.835000,10,0.176674,0.834889,3757,1500
random,-1.000000,0.835000,0.835000,11,0.174150,0.834889,3757,1500
random,-1.000000,0.835000,0.835000,12,0.180190,0.834889,3757,1500
random,-1.000000,0.835000,0.835000,13,0.166552,0.834889,3757,1500
random,-1.000000,0.835000,0.835000,14,0.168911,0.834889,3757,1500
random,-1.000000,0.835000,0.835000,15,0.179362,0.834889,3757,1500
random,-1.000000,0.835000,0.835000,16,0.178525,0.834889,3757,1500
random,-1.000000,0.835000,0.835000,17,0.172233,0.834889,3757,1500
random,-1.000000,0.835000,0.835000,18,0.169753,0.834889,3757,1500
random,-1.000000,0.835000,0.835000,19,0.165115,0.834889,3757,1500
random,-1.000000,0.835000,0.835000,20,0.170199,0.834889,3757,1500
random,-1.000000,0.835000,0.835000,21,0.146727,0.834889,3757,1500
random,-1.000000,0.835000,0.835000,22,0.161821,0.834889,3757,1500
random,-1.000000,0.835000,0.835000,23,0.179089,0.834889,3757,1500
random,-1.000000,0.835000,0.835000,24,0.172691,0.834889,3757,1500
random,-1.000000,0.835000,0.835000,25,0.173019,0.834889,3757,1500
random,-1.000000,0.835000,0.835000,26,0.165699,0.834889,3757,1500
random,-1.000000,0.835000,0.835000,27,0.173392,0.834889,3757,1500
random,-1.000000,0.835000,0.835000,28,0.175107,0.834889,3757,1500
random,-1.000000,0.835000,0.835000,29,0.178968,0.834889,3757,1500
random,-1.000000,0.835000,0.835000,30,0.177115,0.834889,3757,1500
random,-1.000000,0.835000,0.835000,31,0.129968,0.834889,3757,1500
random,-1.000000,0.835000,0.835000,32,0.184595,0.834889,3757,1500
random,-1.000000,0.835000,0.835000,33,0.178862,0.834889,3757,1500
random,-1.000000,0.835000,0.835000,34,0.181528,0.834889,3757,1500
random,-1.000000,0.835000,0.835000,35,0.182149,0.834889,3757,1500
random,-1.000000,0.835000,0.835000,36,0.172183,0.834889,3757,1500
random,-1.000000,0.835000,0.835000,37,0.143932,0.834889,3757,1500
random,-1.000000,0.835000,0.835000,38,0.183474,0.834889,3757,1500
random,-1.000000,0.835000,0.835000,39,0.169655,0.834889,3757,1500
random,-1.000000,0.835000,0.835000,40,0.177300,0.834889,3757,1500
random,-1.000000,0.835000,0.835000,41,0.183454,0.834889,3757,1500
random,-1.000000,0.835000,0.835000,42,0.162201,0.834889,3757,1500
random,-1.000000,0.835000,0.835000,43,0.178182,0.834889,3757,1500
random,-1.000000,0.835000,0.835000,44,0.160684,0.834889,3757,1500
random,-1.000000,0.835000,0.835000,45,0.159140,0.834889,3757,1500
random,-1.000000,0.835000,0.835000,46,0.158014,0.834889,3757,1500
random,-1.000000,0.835000,0.835000,47,0.170257,0.834889,3757,1500
random,-1.000000,0.835000,0.835000,48,0.167552,0.834889,3757,1500
random,-1.000000,0.835000,0.835000,49,0.178250,0.834889,3757,1500
random,-1.000000,0.840000,0.840000,0,0.157397,0.840000,3780,1500
random,-1.000000,0.840000,0.840000,1,0.160847,0.840000,3780,1500
random,-1.000000,0.840000,0.840000,2,0.153194,0.840000,3780,1500
random,-1.000000,0.840000,0.840000,3,0.166958,0.840000,3780,1500
random,-1.000000,0.840000,0.840000,4,0.152283,0.840000,3780,1500
random,-1.000000,0.840000,0.840000,5,0.154759,0.840000,3780,1500
random,-1.000000,0.840000,0.840000,6,0.165869,0.840000,3780,1500
random,-1.000000,0.840000,0.840000,7,0.131082,0.840000,3780,1500
random,-1.000000,0.840000,0.840000,8,0.158482,0.840000,3780,1500
random,-1.000000,0.840000,0.840000,9,0.133868,0.840000,3780,1500
random,-1.000000,0.840000,0.840000,10,0.160848,0.840000,3780,1500
random,-1.000000,0.840000,0.840000,11,0.163559,0.840000,3780,1500
random,-1.000000,0.840000,0.840000,12,0.156863,0.840000,3780,1500
random,-1.000000,0.840000,0.840000,13,0.110122,0.840000,3780,1500
random,-1.000000,0.840000,0.840000,14,0.149546,0.840000,3780,1500
random,-1.000000,0.840000,0.840000,15,0.163777,0.840000,3780,1500
random,-1.000000,0.840000,0.840000,16,0.131671,0.840000,3780,1500
random,-1.000000,0.840000,0.840000,17,0.161801,0.840000,3780,1500
random,-1.000000,0.840000,0.840000,18,0.154047,0.840000,3780,1500
random,-1.000000,0.840000,0.840000,19,0.151326,0.840000,3780,1500
random,-1.000000,0.840000,0.840000,20,0.092332,0.840000,3780,1500
random,-1.000000,0.840000,0.840000,21,0.090464,0.840000,3780,1500
random,-1.000000,0.840000,0.840000,22,0.147338,0.840000,3780,1500
random,-1.000000,0.840000,0.840000,23,0.161232,0.840000,3780,1500
random,-1.000000,0.840000,0.840000,24,0.158908,0.840000,3780,1500
random,-1.000000,0.840000,0.840000,25,0.133999,0.840000,3780,1500
random,-1.000000,0.840000,0.840000,26,0.140885,0.840000,3780,1500
random,-1.000000,0.840000,0.840000,27,0.151676,0.840000,3780,1500
random,-1.000000,0.840000,0.840000,28,0.157314,0.840000,3780,1500
random,-1.000000,0.840000,0.840000,29,0.167616,0.840000,3780,1500
random,-1.000000,0.840000,0.840000,30,0.158132,0.840000,3780,1500
random,-1.000000,0.840000,0.840000,31,0.041672,0.840000,3780,1500
random,-1.000000,0.840000,0.840000,32,0.167964,0.840000,3780,1500
random,-1.000000,0.840000,0.840000,33,0.000000,0.840000,3780,903
random,-1.000000,0.840000,0.840000,34,0.166463,0.840000,3780,1500
random,-1.000000,0.840000,0.840000,35,0.161047,0.840000,3780,1500
random,-1.000000,0.840000,0.840000,36,0.163696,0.840000,3780,1500
random,-1.000000,0.840000,0.840000,37,0.084635,0.840000,3780,1500
random,-1.000000,0.840000,0.840000,38,0.173264,0.840000,3780,1500
random,-1.000000,0.840000,0.840000,39,0.156482,0.840000,3780,1500
random,-1.000000,0.840000,0.840000,40,0.164769,0.840000,3780,1500
random,-1.000000,0.840000,0.840000,41,0.170093,0.840000,3780,1500
random,-1.000000,0.840000,0.840000,42,0.145507,0.840000,3780,1500
random,-1.000000,0.840000,0.840000,43,0.163311,0.840000,3780,1500
random,-1.000000,0.840000,0.840000,44,0.000000,0.840000,3780,895
random,-1.000000,0.840000,0.840000,45,0.100506,0.840000,3780,1500
random,-1.000000,0.840000,0.840000,46,0.123404,0.840000,3780,1500
random,-1.000000,0.840000,0.840000,47,0.149610,0.840000,3780,1500
random,-1.000000,0.840000,0.840000,48,0.151402,0.840000,3780,1500
random,-1.000000,0.840000,0.840000,49,0.168671,0.840000,3780,1500
random,-1.000000,0.845000,0.845000,0,0.138928,0.844889,3802,1500
random,-1.000000,0.845000,0.845000,1,0.141557,0.844889,3802,1500
random,-1.000000,0.845000,0.845000,2,0.131954,0.844889,3802,1500
random,-1.000000,0.845000,0.845000,3,0.145289,0.844889,3802,1500
random,-1.000000,0.845000,0.845000,4,0.136945,0.844889,3802,1500
random,-1.000000,0.845000,0.845000,5,0.000000,0.844889,3802,643
random,-1.000000,0.845000,0.845000,6,0.153034,0.844889,3802,1500
random,-1.000000,0.845000,0.845000,7,0.000000,0.844889,3802,673
random,-1.000000,0.845000,0.845000,8,0.145721,0.844889,3802,1500
random,-1.000000,0.845000,0.845000,9,0.041199,0.844889,3802,1500
random,-1.000000,0.845000,0.845000,10,0.142828,0.844889,3802,1500
random,-1.000000,0.845000,0.845000,11,0.149808,0.844889,3802,1500
random,-1.000000,0.845000,0.845000,12,0.139043,0.844889,3802,1500
random,-1.000000,0.845000,0.845000,13,0.006380,0.844889,3802,1500
random,-1.000000,0.845000,0.845000,14,0.091999,0.844889,3802,1500
random,-1.000000,0.845000,0.845000,15,0.150723,0.844889,3802,1500
random,-1.000000,0.845000,0.845000,16,0.000000,0.844889,3802,648
random,-1.000000,0.845000,0.845000,17,0.132720,0.844889,3802,1500
random,-1.000000,0.845000,0.845000,18,0.132482,0.844889,3802,1500
random,-1.000000,0.845000,0.845000,19,0.097588,0.844889,3802,1500
random,-1.000000,0.845000,0.845000,20,0.000000,0.844889,3802,675
random,-1.000000,0.845000,0.845000,21,0.000000,0.844889,3802,674
random,-1.000000,0.845000,0.845000,22,0.047334,0.844889,3802,1500
random,-1.000000,0.845000,0.845000,23,0.094620,0.844889,3802,1500
random,-1.000000,0.845000,0.845000,24,0.130598,0.844889,3802,1500
random,-1.000000,0.845000,0.845000,25,0.012842,0.844889,3802,1500
random,-1.000000,0.845000,0.845000,26,0.066170,0.844889,3802,1500
random,-1.000000,0.845000,0.845000,27,0.123294,0.844889,3802,1500
random,-1.000000,0.845000,0.845000,28,0.134011,0.844889,3802,1500
random,-1.000000,0.845000,0.845000,29,0.150113,0.844889,3802,1500
random,-1.000000,0.845000,0.845000,30,0.123474,0.844889,3802,1500
random,-1.000000,0.845000,0.845000,31,0.030089,0.844889,3802,1500
random,-1.000000,0.845000,0.845000,32,0.140452,0.844889,3802,1500
random,-1.000000,0.845000,0.845000,33,0.000000,0.844889,3802,649
random,-1.000000,0.845000,0.845000,34,0.141509,0.844889,3802,1500
random,-1.000000,0.845000,0.845000,35,0.146102,0.844889,3802,1500
random,-1.000000,0.845000,0.845000,36,0.144655,0.844889,3802,1500
random,-1.000000,0.845000,0.845000,37,0.058106,0.844889,3802,1500
random,-1.000000,0.845000,0.845000,38,0.146072,0.844889,3802,1500
random,-1.000000,0.845000,0.845000,39,0.114546,0.844889,3802,1500
random,-1.000000,0.845000,0.845000,40,0.150970,0.844889,3802,1500
random,-1.000000,0.845000,0.845000,41,0.149586,0.844889,3802,1500
random,-1.000000,0.845000,0.845000,42,0.086736,0.844889,3802,1500
random,-1.000000,0.845000,0.845000,43,0.134160,0.844889,3802,1500
random,-1.000000,0.845000,0.845000,44,0.000000,0.844889,3802,743
random,-1.000000,0.845000,0.845000,45,0.000000,0.844889,3802,640
random,-1.000000,0.845000,0.845000,46,0.080462,0.844889,3802,1500
random,-1.000000,0.845000,0.845000,47,0.120493,0.844889,3802,1500
random,-1.000000,0.845000,0.845000,48,0.133711,0.844889,3802,1500
random,-1.000000,0.845000,0.845000,49,0.153932,0.844889,3802,1500
random,-1.000000,0.850000,0.850000,0,0.000000,0.850000,3825,664
random,-1.000000,0.850000,0.850000,1,0.092204,0.850000,3825,1500
random,-1.000000,0.850000,0.850000,2,0.034732,0.850000,3825,1500
random,-1.000000,0.850000,0.850000,3,0.000000,0.850000,3825,649
random,-1.000000,0.850000,0.850000,4,0.000000,0.850000,3825,657
random,-1.000000,0.850000,0.850000,5,0.000000,0.850000,3825,610
random,-1.000000,0.850000,0.850000,6,0.000000,0.850000,3825,835
random,-1.000000,0.850000,0.850000,7,0.000000,0.850000,3825,598
random,-1.000000,0.850000,0.850000,8,0.112183,0.850000,3825,1500
random,-1.000000,0.850000,0.850000,9,0.028687,0.850000,3825,1500
random,-1.000000,0.850000,0.850000,10,0.091877,0.850000,3825,1500
random,-1.000000,0.850000,0.850000,11,0.131856,0.850000,3825,1500
random,-1.000000,0.850000,0.850000,12,0.000003,0.850000,3825,1500
random,-1.000000,0.850000,0.850000,13,0.000000,0.850000,3825,622
random,-1.000000,0.850000,0.850000,14,0.000000,0.850000,3825,625
random,-1.000000,0.850000,0.850000,15,0.084626,0.850000,3825,1500
random,-1.000000,0.850000,0.850000,16,0.000000,0.850000,3825,622
random,-1.000000,0.850000,0.850000,17,0.081837,0.850000,3825,1500
random,-1.000000,0.850000,0.850000,18,0.062855,0.850000,3825,1500
random,-1.000000,0.850000,0.850000,19,0.040957,0.850000,3825,1500
random,-1.000000,0.850000,0.850000,20,0.000000,0.850000,3825,625
random,-1.000000,0.850000,0.850000,21,0.000000,0.850000,3825,590
random,-1.000000,0.850000,0.850000,22,0.000000,0.850000,3825,622
random,-1.000000,0.850000,0.850000,23,0.000000,0.850000,3825,665
random,-1.000000,0.850000,0.850000,24,0.065636,0.850000,3825,1500
random,-1.000000,0.850000,0.850000,25,0.000000,0.850000,3825,658
random,-1.000000,0.850000,0.850000,26,0.031933,0.850000,3825,1500
random,-1.000000,0.850000,0.850000,27,0.089508,0.850000,3825,1500
random,-1.000000,0.850000,0.850000,28,0.000000,0.850000,3825,926
random,-1.000000,0.850000,0.850000,29,0.104673,0.850000,3825,1500
random,-1.000000,0.850000,0.850000,30,0.078878,0.850000,3825,1500
random,-1.000000,0.850000,0.850000,31,0.017336,0.850000,3825,1500
random,-1.000000,0.850000,0.850000,32,0.000000,0.850000,3825,692
random,-1.000000,0.850000,0.850000,33,0.000000,0.850000,3825,629
random,-1.000000,0.850000,0.850000,34,0.114375,0.850000,3825,1500
random,-1.000000,0.850000,0.850000,35,0.130539,0.850000,3825,1500
random,-1.000000,0.850000,0.850000,36,0.084920,0.850000,3825,1500
random,-1.000000,0.850000,0.850000,37,0.000000,0.850000,3825,718
random,-1.000000,0.850000,0.850000,38,0.122488,0.850000,3825,1500
random,-1.000000,0.850000,0.850000,39,0.000000,0.850000,3825,737
random,-1.000000,0.850000,0.850000,40,0.068082,0.850000,3825,1500
random,-1.000000,0.850000,0.850000,41,0.035888,0.850000,3825,1500
random,-1.000000,0.850000,0.850000,42,0.034600,0.850000,3825,1500
random,-1.000000,0.850000,0.850000,43,0.096024,0.850000,3825,1500
random,-1.000000,0.850000,0.850000,44,0.000000,0.850000,3825,604
random,-1.000000,0.850000,0.850000,45,0.000000,0.850000,3825,587
random,-1.000000,0.850000,0.850000,46,0.035912,0.850000,3825,1500
random,-1.000000,0.850000,0.850000,47,0.099874,0.850000,3825,1500
random,-1.000000,0.850000,0.850000,48,0.108360,0.850000,3825,1500
random,-1.000000,0.850000,0.850000,49,0.095821,0.850000,3825,1500
random,-1.000000,0.855000,0.855000,0,0.000000,0.854889,3847,605
random,-1.000000,0.855000,0.855000,1,0.000000,0.854889,3847,705
random,-1.000000,0.855000,0.855000,2,0.000000,0.854889,3847,693
random,-1.000000,0.855000,0.855000,3,0.000000,0.854889,3847,604
random,-1.000000,0.855000,0.855000,4,0.000000,0.854889,3847,599
random,-1.000000,0.855000,0.855000,5,0.000000,0.854889,3847,569
random,-1.000000,0.855000,0.855000,6,0.000000,0.854889,3847,600
random,-1.000000,0.855000,0.855000,7,0.000000,0.854889,3847,570
random,-1.000000,0.855000,0.855000,8,0.000000,0.854889,3847,1195
random,-1.000000,0.855000,0.855000,9,0.000000,0.854889,3847,614
random,-1.000000,0.855000,0.855000,10,0.015256,0.854889,3847,1500
random,-1.000000,0.855000,0.855000,11,0.000000,0.854889,3847,740
random,-1.000000,0.855000,0.855000,12,0.000000,0.854889,3847,648
random,-1.000000,0.855000,0.855000,13,0.000000,0.854889,3847,546
random,-1.000000,0.855000,0.855000,14,0.000000,0.854889,3847,584
random,-1.000000,0.855000,0.855000,15,0.023859,0.854889,3847,1500
random,-1.000000,0.855000,0.855000,16,0.000000,0.854889,3847,556
random,-1.000000,0.855000,0.855000,17,0.030410,0.854889,3847,1500
random,-1.000000,0.855000,0.855000,18,0.055498,0.854889,3847,1500
random,-1.000000,0.855000,0.855000,19,0.000000,0.854889,3847,645
random,-1.000000,0.855000,0.855000,20,0.000000,0.854889,3847,574
random,-1.000000,0.855000,0.855000,21,0.000000,0.854889,3847,559
random,-1.000000,0.855000,0.855000,22,0.000000,0.854889,3847,583
random,-1.000000,0.855000,0.855000,23,0.000000,0.854889,3847,590
random,-1.000000,0.855000,0.855000,24,0.000000,0.854889,3847,727
random,-1.000000,0.855000,0.855000,25,0.000000,0.854889,3847,581
random,-1.000000,0.855000,0.855000,26,0.009257,0.854889,3847,1500
random,-1.000000,0.855000,0.855000,27,0.000000,0.854889,3847,1038
random,-1.000000,0.855000,0.855000,28,0.000000,0.854889,3847,629
random,-1.000000,0.855000,0.855000,29,0.000000,0.854889,3847,680
random,-1.000000,0.855000,0.855000,30,0.062753,0.854889,3847,1500
random,-1.000000,0.855000,0.855000,31,0.016771,0.854889,3847,1500
random,-1.000000,0.855000,0.855000,32,0.000000,0.854889,3847,581
random,-1.000000,0.855000,0.855000,33,0.000000,0.854889,3847,598
random,-1.000000,0.855000,0.855000,34,0.038253,0.854889,3847,1500
random,-1.000000,0.855000,0.855000,35,0.065012,0.854889,3847,1500
random,-1.000000,0.855000,0.855000,36,0.000000,0.854889,3847,844
random,-1.000000,0.855000,0.855000,37,0.000000,0.854889,3847,610
random,-1.000000,0.855000,0.855000,38,0.021611,0.854889,3847,1500
random,-1.000000,0.855000,0.855000,39,0.000000,0.854889,3847,623
random,-1.000000,0.855000,0.855000,40,0.000000,0.854889,3847,772
random,-1.000000,0.855000,0.855000,41,0.000000,0.854889,3847,642
random,-1.000000,0.855000,0.855000,42,0.000000,0.854889,3847,627
random,-1.000000,0.855000,0.855000,43,0.000000,0.854889,3847,613
random,-1.000000,0.855000,0.855000,44,0.000000,0.854889,3847,583
random,-1.000000,0.855000,0.855000,45,0.000000,0.854889,3847,570
random,-1.000000,0.855000,0.855000,46,0.000000,0.854889,3847,637
random,-1.000000,0.855000,0.855000,47,0.048875,0.854889,3847,1500
random,-1.000000,0.855000,0.855000,48,0.026803,0.854889,3847,1500
random,-1.000000,0.855000,0.855000,49,0.019446,0.854889,3847,1500
random,-1.000000,0.860000,0.860000,0,0.000000,0.860000,3870,569
random,-1.000000,0.860000,0.860000,1,0.000000,0.860000,3870,657
random,-1.000000,0.860000,0.860000,2,0.000000,0.860000,3870,601
random,-1.000000,0.860000,0.860000,3,0.000000,0.860000,3870,583
random,-1.000000,0.860000,0.860000,4,0.000000,0.860000,3870,573
random,-1.000000,0.860000,0.860000,5,0.000000,0.860000,3870,556
random,-1.000000,0.860000,0.860000,6,0.000000,0.860000,3870,563
random,-1.000000,0.860000,0.860000,7,0.000000,0.860000,3870,556
random,-1.000000,0.860000,0.860000,8,0.000000,0.860000,3870,706
random,-1.000000,0.860000,0.860000,9,0.000000,0.860000,3870,557
random,-1.000000,0.860000,0.860000,10,0.000000,0.860000,3870,862
random,-1.000000,0.860000,0.860000,11,0.000000,0.860000,3870,582
random,-1.000000,0.860000,0.860000,12,0.000000,0.860000,3870,596
random,-1.000000,0.860000,0.860000,13,0.000000,0.860000,3870,537
random,-1.000000,0.860000,0.860000,14,0.000000,0.860000,3870,570
random,-1.000000,0.860000,0.860000,15,0.000000,0.860000,3870,955
random,-1.000000,0.860000,0.860000,16,0.000000,0.860000,3870,549
random,-1.000000,0.860000,0.860000,17,0.000000,0.860000,3870,685
random,-1.000000,0.860000,0.860000,18,0.000000,0.860000,3870,619
random,-1.000000,0.860000,0.860000,19,0.000000,0.860000,3870,565
random,-1.000000,0.860000,0.860000,20,0.000000,0.860000,3870,560
random,-1.000000,0.860000,0.860000,21,0.000000,0.860000,3870,554
random,-1.000000,0.860000,0.860000,22,0.000000,0.860000,3870,552
random,-1.000000,0.860000,0.860000,23,0.000000,0.860000,3870,564
random,-1.000000,0.860000,0.860000,24,0.000000,0.860000,3870,718
random,-1.000000,0.860000,0.860000,25,0.000000,0.860000,3870,564
random,-1.000000,0.860000,0.860000,26,0.000000,0.860000,3870,577
random,-1.000000,0.860000,0.860000,27,0.000000,0.860000,3870,826
random,-1.000000,0.860000,0.860000,28,0.000000,0.860000,3870,585
random,-1.000000,0.860000,0.860000,29,0.000000,0.860000,3870,574
random,-1.000000,0.860000,0.860000,30,0.034669,0.860000,3870,1500
random,-1.000000,0.860000,0.860000,31,0.000000,0.860000,3870,603
random,-1.000000,0.860000,0.860000,32,0.000000,0.860000,3870,563
random,-1.000000,0.860000,0.860000,33,0.000000,0.860000,3870,574
random,-1.000000,0.860000,0.860000,34,0.000000,0.860000,3870,628
random,-1.000000,0.860000,0.860000,35,0.000000,0.860000,3870,840
random,-1.000000,0.860000,0.860000,36,0.000000,0.860000,3870,644
random,-1.000000,0.860000,0.860000,37,0.000000,0.860000,3870,578
random,-1.000000,0.860000,0.860000,38,0.000000,0.860000,3870,597
random,-1.000000,0.860000,0.860000,39,0.000000,0.860000,3870,595
random,-1.000000,0.860000,0.860000,40,0.000000,0.860000,3870,710
random,-1.000000,0.860000,0.860000,41,0.000000,0.860000,3870,585
random,-1.000000,0.860000,0.860000,42,0.000000,0.860000,3870,601
random,-1.000000,0.860000,0.860000,43,0.000000,0.860000,3870,580
random,-1.000000,0.860000,0.860000,44,0.000000,0.860000,3870,570
random,-1.000000,0.860000,0.860000,45,0.000000,0.860000,3870,555
random,-1.000000,0.860000,0.860000,46,0.000000,0.860000,3870,580
random,-1.000000,0.860000,0.860000,47,0.000000,0.860000,3870,706
random,-1.000000,0.860000,0.860000,48,0.000000,0.860000,3870,659
random,-1.000000,0.860000,0.860000,49,0.000000,0.860000,3870,665
random,-1.000000,0.865000,0.865000,0,0.000000,0.864889,3892,553
random,-1.000000,0.865000,0.865000,1,0.000000,0.864889,3892,559
random,-1.000000,0.865000,0.865000,2,0.000000,0.864889,3892,579
random,-1.000000,0.865000,0.865000,3,0.000000,0.864889,3892,574
random,-1.000000,0.865000,0.865000,4,0.000000,0.864889,3892,566
random,-1.000000,0.865000,0.865000,5,0.000000,0.864889,3892,546
random,-1.000000,0.865000,0.865000,6,0.000000,0.864889,3892,545
random,-1.000000,0.865000,0.865000,7,0.000000,0.864889,3892,549
random,-1.000000,0.865000,0.865000,8,0.000000,0.864889,3892,627
random,-1.000000,0.865000,0.865000,9,0.000000,0.864889,3892,554
random,-1.000000,0.865000,0.865000,10,0.000000,0.864889,3892,733
random,-1.000000,0.865000,0.865000,11,0.000000,0.864889,3892,560
random,-1.000000,0.865000,0.865000,12,0.000000,0.864889,3892,568
random,-1.000000,0.865000,0.865000,13,0.000000,0.864889,3892,535
random,-1.000000,0.865000,0.865000,14,0.000000,0.864889,3892,559
random,-1.000000,0.865000,0.865000,15,0.000000,0.864889,3892,571
random,-1.000000,0.865000,0.865000,16,0.000000,0.864889,3892,545
random,-1.000000,0.865000,0.865000,17,0.000000,0.864889,3892,559
random,-1.000000,0.865000,0.865000,18,0.000000,0.864889,3892,590
random,-1.000000,0.865000,0.865000,19,0.000000,0.864889,3892,554
random,-1.000000,0.865000,0.865000,20,0.000000,0.864889,3892,552
random,-1.000000,0.865000,0.865000,21,0.000000,0.864889,3892,546
random,-1.000000,0.865000,0.865000,22,0.000000,0.864889,3892,547
random,-1.000000,0.865000,0.865000,23,0.000000,0.864889,3892,552
random,-1.000000,0.865000,0.865000,24,0.000000,0.864889,3892,698
random,-1.000000,0.865000,0.865000,25,0.000000,0.864889,3892,550
random,-1.000000,0.865000,0.865000,26,0.000000,0.864889,3892,549
random,-1.000000,0.865000,0.865000,27,0.000000,0.864889,3892,739
random,-1.000000,0.865000,0.865000,28,0.000000,0.864889,3892,572
random,-1.000000,0.865000,0.865000,29,0.000000,0.864889,3892,566
random,-1.000000,0.865000,0.865000,30,0.000000,0.864889,3892,672
random,-1.000000,0.865000,0.865000,31,0.000000,0.864889,3892,589
random,-1.000000,0.865000,0.865000,32,0.000000,0.864889,3892,548
random,-1.000000,0.865000,0.865000,33,0.000000,0.864889,3892,559
random,-1.000000,0.865000,0.865000,34,0.000000,0.864889,3892,577
random,-1.000000,0.865000,0.865000,35,0.000000,0.864889,3892,766
random,-1.000000,0.865000,0.865000,36,0.000000,0.864889,3892,564
random,-1.000000,0.865000,0.865000,37,0.000000,0.864889,3892,563
random,-1.000000,0.865000,0.865000,38,0.000000,0.864889,3892,570
random,-1.000000,0.865000,0.865000,39,0.000000,0.864889,3892,571
random,-1.000000,0.865000,0.865000,40,0.000000,0.864889,3892,651
random,-1.000000,0.865000,0.865000,41,0.000000,0.864889,3892,567
random,-1.000000,0.865000,0.865000,42,0.000000,0.864889,3892,557
random,-1.000000,0.865000,0.865000,43,0.000000,0.864889,3892,569
random,-1.000000,0.865000,0.865000,44,0.000000,0.864889,3892,554
random,-1.000000,0.865000,0.865000,45,0.000000,0.864889,3892,552
random,-1.000000,0.865000,0.865000,46,0.000000,0.864889,3892,552
random,-1.000000,0.865000,0.865000,47,0.000000,0.864889,3892,661
random,-1.000000,0.865000,0.865000,48,0.000000,0.864889,3892,553
random,-1.000000,0.865000,0.865000,49,0.000000,0.864889,3892,588
random,-1.000000,0.870000,0.870000,0,0.000000,0.870000,3915,547
random,-1.000000,0.870000,0.870000,1,0.000000,0.870000,3915,539
random,-1.000000,0.870000,0.870000,2,0.000000,0.870000,3915,570
random,-1.000000,0.870000,0.870000,3,0.000000,0.870000,3915,567
random,-1.000000,0.870000,0.870000,4,0.000000,0.870000,3915,540
random,-1.000000,0.870000,0.870000,5,0.000000,0.870000,3915,540
random,-1.000000,0.870000,0.870000,6,0.000000,0.870000,3915,540
random,-1.000000,0.870000,0.870000,7,0.000000,0.870000,3915,539
random,-1.000000,0.870000,0.870000,8,0.000000,0.870000,3915,614
random,-1.000000,0.870000,0.870000,9,0.000000,0.870000,3915,549
random,-1.000000,0.870000,0.870000,10,0.000000,0.870000,3915,592
random,-1.000000,0.870000,0.870000,11,0.000000,0.870000,3915,550
random,-1.000000,0.870000,0.870000,12,0.000000,0.870000,3915,548
random,-1.000000,0.870000,0.870000,13,0.000000,0.870000,3915,533
random,-1.000000,0.870000,0.870000,14,0.000000,0.870000,3915,544
random,-1.000000,0.870000,0.870000,15,0.000000,0.870000,3915,547
random,-1.000000,0.870000,0.870000,16,0.000000,0.870000,3915,541
random,-1.000000,0.870000,0.870000,17,0.000000,0.870000,3915,551
random,-1.000000,0.870000,0.870000,18,0.000000,0.870000,3915,556
random,-1.000000,0.870000,0.870000,19,0.000000,0.870000,3915,547
random,-1.000000,0.870000,0.870000,20,0.000000,0.870000,3915,546
random,-1.000000,0.870000,0.870000,21,0.000000,0.870000,3915,542
random,-1.000000,0.870000,0.870000,22,0.000000,0.870000,3915,544
random,-1.000000,0.870000,0.870000,23,0.000000,0.870000,3915,543
random,-1.000000,0.870000,0.870000,24,0.000000,0.870000,3915,638
random,-1.000000,0.870000,0.870000,25,0.000000,0.870000,3915,542
random,-1.000000,0.870000,0.870000,26,0.000000,0.870000,3915,543
random,-1.000000,0.870000,0.870000,27,0.000000,0.870000,3915,597
random,-1.000000,0.870000,0.870000,28,0.000000,0.870000,3915,568
random,-1.000000,0.870000,0.870000,29,0.000000,0.870000,3915,552
random,-1.000000,0.870000,0.870000,30,0.000000,0.870000,3915,634
random,-1.000000,0.870000,0.870000,31,0.000000,0.870000,3915,573
random,-1.000000,0.870000,0.870000,32,0.000000,0.870000,3915,542
random,-1.000000,0.870000,0.870000,33,0.000000,0.870000,3915,553
random,-1.000000,0.870000,0.870000,34,0.000000,0.870000,3915,549
random,-1.000000,0.870000,0.870000,35,0.000000,0.870000,3915,568
random,-1.000000,0.870000,0.870000,36,0.000000,0.870000,3915,550
random,-1.000000,0.870000,0.870000,37,0.000000,0.870000,3915,543
random,-1.000000,0.870000,0.870000,38,0.000000,0.870000,3915,554
random,-1.000000,0.870000,0.870000,39,0.000000,0.870000,3915,547
random,-1.000000,0.870000,0.870000,40,0.000000,0.870000,3915,580
random,-1.000000,0.870000,0.870000,41,0.000000,0.870000,3915,557
random,-1.000000,0.870000,0.870000,42,0.000000,0.870000,3915,543
random,-1.000000,0.870000,0.870000,43,0.000000,0.870000,3915,548
random,-1.000000,0.870000,0.870000,44,0.000000,0.870000,3915,540
random,-1.000000,0.870000,0.870000,45,0.000000,0.870000,3915,547
random,-1.000000,0.870000,0.870000,46,0.000000,0.870000,3915,545
random,-1.000000,0.870000,0.870000,47,0.000000,0.870000,3915,576
random,-1.000000,0.870000,0.870000,48,0.000000,0.870000,3915,542
random,-1.000000,0.870000,0.870000,49,0.000000,0.870000,3915,563
random,-1.000000,0.875000,0.875000,0,0.000000,0.874889,3937,541
random,-1.000000,0.875000,0.875000,1,0.000000,0.874889,3937,535
random,-1.000000,0.875000,0.875000,2,0.000000,0.874889,3937,561
random,-1.000000,0.875000,0.875000,3,0.000000,0.874889,3937,557
random,-1.000000,0.875000,0.875000,4,0.000000,0.874889,3937,536
random,-1.000000,0.875000,0.875000,5,0.000000,0.874889,3937,538
random,-1.000000,0.875000,0.875000,6,0.000000,0.874889,3937,538
random,-1.000000,0.875000,0.875000,7,0.000000,0.874889,3937,536
random,-1.000000,0.875000,0.875000,8,0.000000,0.874889,3937,596
random,-1.000000,0.875000,0.875000,9,0.000000,0.874889,3937,546
random,-1.000000,0.875000,0.875000,10,0.000000,0.874889,3937,556
random,-1.000000,0.875000,0.875000,11,0.000000,0.874889,3937,546
random,-1.000000,0.875000,0.875000,12,0.000000,0.874889,3937,537
random,-1.000000,0.875000,0.875000,13,0.000000,0.874889,3937,531
random,-1.000000,0.875000,0.875000,14,0.000000,0.874889,3937,542
random,-1.000000,0.875000,0.875000,15,0.000000,0.874889,3937,544
random,-1.000000,0.875000,0.875000,16,0.000000,0.874889,3937,538
random,-1.000000,0.875000,0.875000,17,0.000000,0.874889,3937,536
random,-1.000000,0.875000,0.875000,18,0.000000,0.874889,3937,540
random,-1.000000,0.875000,0.875000,19,0.000000,0.874889,3937,540
random,-1.000000,0.875000,0.875000,20,0.000000,0.874889,3937,539
random,-1.000000,0.875000,0.875000,21,0.000000,0.874889,3937,538
random,-1.000000,0.875000,0.875000,22,0.000000,0.874889,3937,537
random,-1.000000,0.875000,0.875000,23,0.000000,0.874889,3937,540
random,-1.000000,0.875000,0.875000,24,0.000000,0.874889,3937,599
random,-1.000000,0.875000,0.875000,25,0.000000,0.874889,3937,541
random,-1.000000,0.875000,0.875000,26,0.000000,0.874889,3937,541
random,-1.000000,0.875000,0.875000,27,0.000000,0.874889,3937,542
random,-1.000000,0.875000,0.875000,28,0.000000,0.874889,3937,561
random,-1.000000,0.875000,0.875000,29,0.000000,0.874889,3937,549
random,-1.000000,0.875000,0.875000,30,0.000000,0.874889,3937,626
random,-1.000000,0.875000,0.875000,31,0.000000,0.874889,3937,566
random,-1.000000,0.875000,0.875000,32,0.000000,0.874889,3937,533
random,-1.000000,0.875000,0.875000,33,0.000000,0.874889,3937,548
random,-1.000000,0.875000,0.875000,34,0.000000,0.874889,3937,540
random,-1.000000,0.875000,0.875000,35,0.000000,0.874889,3937,549
random,-1.000000,0.875000,0.875000,36,0.000000,0.874889,3937,540
random,-1.000000,0.875000,0.875000,37,0.000000,0.874889,3937,534
random,-1.000000,0.875000,0.875000,38,0.000000,0.874889,3937,548
random,-1.000000,0.875000,0.875000,39,0.000000,0.874889,3937,541
random,-1.000000,0.875000,0.875000,40,0.000000,0.874889,3937,554
random,-1.000000,0.875000,0.875000,41,0.000000,0.874889,3937,552
random,-1.000000,0.875000,0.875000,42,0.000000,0.874889,3937,535
random,-1.000000,0.875000,0.875000,43,0.000000,0.874889,3937,541
random,-1.000000,0.875000,0.875000,44,0.000000,0.874889,3937,528
random,-1.000000,0.875000,0.875000,45,0.000000,0.874889,3937,545
random,-1.000000,0.875000,0.875000,46,0.000000,0.874889,3937,541
random,-1.000000,0.875000,0.875000,47,0.000000,0.874889,3937,563
random,-1.000000,0.875000,0.875000,48,0.000000,0.874889,3937,532
random,-1.000000,0.875000,0.875000,49,0.000000,0.874889,3937,543
random,-1.000000,0.880000,0.880000,0,0.000000,0.880000,3960,537
random,-1.000000,0.880000,0.880000,1,0.000000,0.880000,3960,532
random,-1.000000,0.880000,0.880000,2,0.000000,0.880000,3960,549
random,-1.000000,0.880000,0.880000,3,0.000000,0.880000,3960,549
random,-1.000000,0.880000,0.880000,4,0.000000,0.880000,3960,536
random,-1.000000,0.880000,0.880000,5,0.000000,0.880000,3960,536
random,-1.000000,0.880000,0.880000,6,0.000000,0.880000,3960,534
random,-1.000000,0.880000,0.880000,7,0.000000,0.880000,3960,536
random,-1.000000,0.880000,0.880000,8,0.000000,0.880000,3960,576
random,-1.000000,0.880000,0.880000,9,0.000000,0.880000,3960,539
random,-1.000000,0.880000,0.880000,10,0.000000,0.880000,3960,549
random,-1.000000,0.880000,0.880000,11,0.000000,0.880000,3960,535
random,-1.000000,0.880000,0.880000,12,0.000000,0.880000,3960,537
random,-1.000000,0.880000,0.880000,13,0.000000,0.880000,3960,531
random,-1.000000,0.880000,0.880000,14,0.000000,0.880000,3960,532
random,-1.000000,0.880000,0.880000,15,0.000000,0.880000,3960,537
random,-1.000000,0.880000,0.880000,16,0.000000,0.880000,3960,531
random,-1.000000,0.880000,0.880000,17,0.000000,0.880000,3960,534
random,-1.000000,0.880000,0.880000,18,0.000000,0.880000,3960,533
random,-1.000000,0.880000,0.880000,19,0.000000,0.880000,3960,534
random,-1.000000,0.880000,0.880000,20,0.000000,0.880000,3960,538
random,-1.000000,0.880000,0.880000,21,0.000000,0.880000,3960,534
random,-1.000000,0.880000,0.880000,22,0.000000,0.880000,3960,534
random,-1.000000,0.880000,0.880000,23,0.000000,0.880000,3960,538
random,-1.000000,0.880000,0.880000,24,0.000000,0.880000,3960,576
random,-1.000000,0.880000,0.880000,25,0.000000,0.880000,3960,533
random,-1.000000,0.880000,0.880000,26,0.000000,0.880000,3960,532
random,-1.000000,0.880000,0.880000,27,0.000000,0.880000,3960,538
random,-1.000000,0.880000,0.880000,28,0.000000,0.880000,3960,551
random,-1.000000,0.880000,0.880000,29,0.000000,0.880000,3960,544
random,-1.000000,0.880000,0.880000,30,0.000000,0.880000,3960,620
random,-1.000000,0.880000,0.880000,31,0.000000,0.880000,3960,557
random,-1.000000,0.880000,0.880000,32,0.000000,0.880000,3960,532
random,-1.000000,0.880000,0.880000,33,0.000000,0.880000,3960,541
random,-1.000000,0.880000,0.880000,34,0.000000,0.880000,3960,536
random,-1.000000,0.880000,0.880000,35,0.000000,0.880000,3960,546
random,-1.000000,0.880000,0.880000,36,0.000000,0.880000,3960,536
random,-1.000000,0.880000,0.880000,37,0.000000,0.880000,3960,530
random,-1.000000,0.880000,0.880000,38,0.000000,0.880000,3960,544
random,-1.000000,0.880000,0.880000,39,0.000000,0.880000,3960,539
random,-1.000000,0.880000,0.880000,40,0.000000,0.880000,3960,543
random,-1.000000,0.880000,0.880000,41,0.000000,0.880000,3960,541
random,-1.000000,0.880000,0.880000,42,0.000000,0.880000,3960,531
random,-1.000000,0.880000,0.880000,43,0.000000,0.880000,3960,538
random,-1.000000,0.880000,0.880000,44,0.000000,0.880000,3960,524
random,-1.000000,0.880000,0.880000,45,0.000000,0.880000,3960,539
random,-1.000000,0.880000,0.880000,46,0.000000,0.880000,3960,540
random,-1.000000,0.880000,0.880000,47,0.000000,0.880000,3960,552
random,-1.000000,0.880000,0.880000,48,0.000000,0.880000,3960,530
random,-1.000000,0.880000,0.880000,49,0.000000,0.880000,3960,541
random,-1.000000,0.885000,0.885000,0,0.000000,0.884889,3982,533
random,-1.000000,0.885000,0.885000,1,0.000000,0.884889,3982,531
random,-1.000000,0.885000,0.885000,2,0.000000,0.884889,3982,538
random,-1.000000,0.885000,0.885000,3,0.000000,0.884889,3982,538
random,-1.000000,0.885000,0.885000,4,0.000000,0.884889,3982,535
random,-1.000000,0.885000,0.885000,5,0.000000,0.884889,3982,532
random,-1.000000,0.885000,0.885000,6,0.000000,0.884889,3982,531
random,-1.000000,0.885000,0.885000,7,0.000000,0.884889,3982,534
random,-1.000000,0.885000,0.885000,8,0.000000,0.884889,3982,566
random,-1.000000,0.885000,0.885000,9,0.000000,0.884889,3982,527
random,-1.000000,0.885000,0.885000,10,0.000000,0.884889,3982,546
random,-1.000000,0.885000,0.885000,11,0.000000,0.884889,3982,533
random,-1.000000,0.885000,0.885000,12,0.000000,0.884889,3982,532
random,-1.000000,0.885000,0.885000,13,0.000000,0.884889,3982,527
random,-1.000000,0.885000,0.885000,14,0.000000,0.884889,3982,531
random,-1.000000,0.885000,0.885000,15,0.000000,0.884889,3982,536
random,-1.000000,0.885000,0.885000,16,0.000000,0.884889,3982,527
random,-1.000000,0.885000,0.885000,17,0.000000,0.884889,3982,532
random,-1.000000,0.885000,0.885000,18,0.000000,0.884889,3982,531
random,-1.000000,0.885000,0.885000,19,0.000000,0.884889,3982,533
random,-1.000000,0.885000,0.885000,20,0.000000,0.884889,3982,533
random,-1.000000,0.885000,0.885000,21,0.000000,0.884889,3982,533
random,-1.000000,0.885000,0.885000,22,0.000000,0.884889,3982,532
random,-1.000000,0.885000,0.885000,23,0.000000,0.884889,3982,536
random,-1.000000,0.885000,0.885000,24,0.000000,0.884889,3982,571
random,-1.000000,0.885000,0.885000,25,0.000000,0.884889,3982,530
random,-1.000000,0.885000,0.885000,26,0.000000,0.884889,3982,532
random,-1.000000,0.885000,0.885000,27,0.000000,0.884889,3982,536
random,-1.000000,0.885000,0.885000,28,0.000000,0.884889,3982,547
random,-1.000000,0.885000,0.885000,29,0.000000,0.884889,3982,540
random,-1.000000,0.885000,0.885000,30,0.000000,0.884889,3982,569
random,-1.000000,0.885000,0.885000,31,0.000000,0.884889,3982,556
random,-1.000000,0.885000,0.885000,32,0.000000,0.884889,3982,530
random,-1.000000,0.885000,0.885000,33,0.000000,0.884889,3982,539
random,-1.000000,0.885000,0.885000,34,0.000000,0.884889,3982,535
random,-1.000000,0.885000,0.885000,35,0.000000,0.884889,3982,541
random,-1.000000,0.885000,0.885000,36,0.000000,0.884889,3982,534
random,-1.000000,0.885000,0.885000,37,0.000000,0.884889,3982,530
random,-1.000000,0.885000,0.885000,38,0.000000,0.884889,3982,541
random,-1.000000,0.885000,0.885000,39,0.000000,0.884889,3982,536
random,-1.000000,0.885000,0.885000,40,0.000000,0.884889,3982,535
random,-1.000000,0.885000,0.885000,41,0.000000,0.884889,3982,540
random,-1.000000,0.885000,0.885000,42,0.000000,0.884889,3982,529
random,-1.000000,0.885000,0.885000,43,0.000000,0.884889,3982,534
random,-1.000000,0.885000,0.885000,44,0.000000,0.884889,3982,524
random,-1.000000,0.885000,0.885000,45,0.000000,0.884889,3982,536
random,-1.000000,0.885000,0.885000,46,0.000000,0.884889,3982,538
random,-1.000000,0.885000,0.885000,47,0.000000,0.884889,3982,539
random,-1.000000,0.885000,0.885000,48,0.000000,0.884889,3982,528
random,-1.000000,0.885000,0.885000,49,0.000000,0.884889,3982,537
random,-1.000000,0.890000,0.890000,0,0.000000,0.890000,4005,531
random,-1.000000,0.890000,0.890000,1,0.000000,0.890000,4005,526
random,-1.000000,0.890000,0.890000,2,0.000000,0.890000,4005,537
random,-1.000000,0.890000,0.890000,3,0.000000,0.890000,4005,529
random,-1.000000,0.890000,0.890000,4,0.000000,0.890000,4005,531
random,-1.000000,0.890000,0.890000,5,0.000000,0.890000,4005,530
random,-1.000000,0.890000,0.890000,6,0.000000,0.890000,4005,531
random,-1.000000,0.890000,0.890000,7,0.000000,0.890000,4005,532
random,-1.000000,0.890000,0.890000,8,0.000000,0.890000,4005,550
random,-1.000000,0.890000,0.890000,9,0.000000,0.890000,4005,527
random,-1.000000,0.890000,0.890000,10,0.000000,0.890000,4005,539
random,-1.000000,0.890000,0.890000,11,0.000000,0.890000,4005,530
random,-1.000000,0.890000,0.890000,12,0.000000,0.890000,4005,531
random,-1.000000,0.890000,0.890000,13,0.000000,0.890000,4005,527
random,-1.000000,0.890000,0.890000,14,0.000000,0.890000,4005,530
random,-1.000000,0.890000,0.890000,15,0.000000,0.890000,4005,535
random,-1.000000,0.890000,0.890000,16,0.000000,0.890000,4005,525
random,-1.000000,0.890000,0.890000,17,0.000000,0.890000,4005,532
random,-1.000000,0.890000,0.890000,18,0.000000,0.890000,4005,525
random,-1.000000,0.890000,0.890000,19,0.000000,0.890000,4005,532
random,-1.000000,0.890000,0.890000,20,0.000000,0.890000,4005,530
random,-1.000000,0.890000,0.890000,21,0.000000,0.890000,4005,532
random,-1.000000,0.890000,0.890000,22,0.000000,0.890000,4005,526
random,-1.000000,0.890000,0.890000,23,0.000000,0.890000,4005,533
random,-1.000000,0.890000,0.890000,24,0.000000,0.890000,4005,542
random,-1.000000,0.890000,0.890000,25,0.000000,0.890000,4005,529
random,-1.000000,0.890000,0.890000,26,0.000000,0.890000,4005,531
random,-1.000000,0.890000,0.890000,27,0.000000,0.890000,4005,531
random,-1.000000,0.890000,0.890000,28,0.000000,0.890000,4005,541
random,-1.000000,0.890000,0.890000,29,0.000000,0.890000,4005,538
random,-1.000000,0.890000,0.890000,30,0.000000,0.890000,4005,543
random,-1.000000,0.890000,0.890000,31,0.000000,0.890000,4005,548
random,-1.000000,0.890000,0.890000,32,0.000000,0.890000,4005,529
random,-1.000000,0.890000,0.890000,33,0.000000,0.890000,4005,535
random,-1.000000,0.890000,0.890000,34,0.000000,0.890000,4005,532
random,-1.000000,0.890000,0.890000,35,0.000000,0.890000,4005,530
random,-1.000000,0.890000,0.890000,36,0.000000,0.890000,4005,534
random,-1.000000,0.890000,0.890000,37,0.000000,0.890000,4005,529
random,-1.000000,0.890000,0.890000,38,0.000000,0.890000,4005,539
random,-1.000000,0.890000,0.890000,39,0.000000,0.890000,4005,530
random,-1.000000,0.890000,0.890000,40,0.000000,0.890000,4005,532
random,-1.000000,0.890000,0.890000,41,0.000000,0.890000,4005,533
random,-1.000000,0.890000,0.890000,42,0.000000,0.890000,4005,527
random,-1.000000,0.890000,0.890000,43,0.000000,0.890000,4005,531
random,-1.000000,0.890000,0.890000,44,0.000000,0.890000,4005,523
random,-1.000000,0.890000,0.890000,45,0.000000,0.890000,4005,535
random,-1.000000,0.890000,0.890000,46,0.000000,0.890000,4005,535
random,-1.000000,0.890000,0.890000,47,0.000000,0.890000,4005,536
random,-1.000000,0.890000,0.890000,48,0.000000,0.890000,4005,526
random,-1.000000,0.890000,0.890000,49,0.000000,0.890000,4005,536
random,-1.000000,0.895000,0.895000,0,0.000000,0.894889,4027,531
random,-1.000000,0.895000,0.895000,1,0.000000,0.894889,4027,526
random,-1.000000,0.895000,0.895000,2,0.000000,0.894889,4027,535
random,-1.000000,0.895000,0.895000,3,0.000000,0.894889,4027,528
random,-1.000000,0.895000,0.895000,4,0.000000,0.894889,4027,529
random,-1.000000,0.895000,0.895000,5,0.000000,0.894889,4027,527
random,-1.000000,0.895000,0.895000,6,0.000000,0.894889,4027,530
random,-1.000000,0.895000,0.895000,7,0.000000,0.894889,4027,531
random,-1.000000,0.895000,0.895000,8,0.000000,0.894889,4027,546
random,-1.000000,0.895000,0.895000,9,0.000000,0.894889,4027,525
random,-1.000000,0.895000,0.895000,10,0.000000,0.894889,4027,538
random,-1.000000,0.895000,0.895000,11,0.000000,0.894889,4027,530
random,-1.000000,0.895000,0.895000,12,0.000000,0.894889,4027,530
random,-1.000000,0.895000,0.895000,13,0.000000,0.894889,4027,525
random,-1.000000,0.895000,0.895000,14,0.000000,0.894889,4027,528
random,-1.000000,0.895000,0.895000,15,0.000000,0.894889,4027,532
random,-1.000000,0.895000,0.895000,16,0.000000,0.894889,4027,525
random,-1.000000,0.895000,0.895000,17,0.000000,0.894889,4027,530
random,-1.000000,0.895000,0.895000,18,0.000000,0.894889,4027,524
random,-1.000000,0.895000,0.895000,19,0.000000,0.894889,4027,526
random,-1.000000,0.895000,0.895000,20,0.000000,0.894889,4027,527
random,-1.000000,0.895000,0.895000,21,0.000000,0.894889,4027,526
random,-1.000000,0.895000,0.895000,22,0.000000,0.894889,4027,524
random,-1.000000,0.895000,0.895000,23,0.000000,0.894889,4027,529
random,-1.000000,0.895000,0.895000,24,0.000000,0.894889,4027,538
random,-1.000000,0.895000,0.895000,25,0.000000,0.894889,4027,525
random,-1.000000,0.895000,0.895000,26,0.000000,0.894889,4027,527
random,-1.000000,0.895000,0.895000,27,0.000000,0.894889,4027,530
random,-1.000000,0.895000,0.895000,28,0.000000,0.894889,4027,540
random,-1.000000,0.895000,0.895000,29,0.000000,0.894889,4027,530
random,-1.000000,0.895000,0.895000,30,0.000000,0.894889,4027,538
random,-1.000000,0.895000,0.895000,31,0.000000,0.894889,4027,542
random,-1.000000,0.895000,0.895000,32,0.000000,0.894889,4027,528
random,-1.000000,0.895000,0.895000,33,0.000000,0.894889,4027,534
random,-1.000000,0.895000,0.895000,34,0.000000,0.894889,4027,530
random,-1.000000,0.895000,0.895000,35,0.000000,0.894889,4027,529
random,-1.000000,0.895000,0.895000,36,0.000000,0.894889,4027,525
random,-1.000000,0.895000,0.895000,37,0.000000,0.894889,4027,527
random,-1.000000,0.895000,0.895000,38,0.000000,0.894889,4027,537
random,-1.000000,0.895000,0.895000,39,0.000000,0.894889,4027,528
random,-1.000000,0.895000,0.895000,40,0.000000,0.894889,4027,530
random,-1.000000,0.895000,0.895000,41,0.000000,0.894889,4027,526
random,-1.000000,0.895000,0.895000,42,0.000000,0.894889,4027,526
random,-1.000000,0.895000,0.895000,43,0.000000,0.894889,4027,530
random,-1.000000,0.895000,0.895000,44,0.000000,0.894889,4027,522
random,-1.000000,0.895000,0.895000,45,0.000000,0.894889,4027,534
random,-1.000000,0.895000,0.895000,46,0.000000,0.894889,4027,530
random,-1.000000,0.895000,0.895000,47,0.000000,0.894889,4027,533
random,-1.000000,0.895000,0.895000,48,0.000000,0.894889,4027,525
random,-1.000000,0.895000,0.895000,49,0.000000,0.894889,4027,534
random,-1.000000,0.900000,0.900000,0,0.000000,0.900000,4050,529
random,-1.000000,0.900000,0.900000,1,0.000000,0.900000,4050,526
random,-1.000000,0.900000,0.900000,2,0.000000,0.900000,4050,534
random,-1.000000,0.900000,0.900000,3,0.000000,0.900000,4050,527
random,-1.000000,0.900000,0.900000,4,0.000000,0.900000,4050,525
random,-1.000000,0.900000,0.900000,5,0.000000,0.900000,4050,527
random,-1.000000,0.900000,0.900000,6,0.000000,0.900000,4050,525
random,-1.000000,0.900000,0.900000,7,0.000000,0.900000,4050,531
random,-1.000000,0.900000,0.900000,8,0.000000,0.900000,4050,544
random,-1.000000,0.900000,0.900000,9,0.000000,0.900000,4050,525
random,-1.000000,0.900000,0.900000,10,0.000000,0.900000,4050,534
random,-1.000000,0.900000,0.900000,11,0.000000,0.900000,4050,528
random,-1.000000,0.900000,0.900000,12,0.000000,0.900000,4050,528
random,-1.000000,0.900000,0.900000,13,0.000000,0.900000,4050,525
random,-1.000000,0.900000,0.900000,14,0.000000,0.900000,4050,528
random,-1.000000,0.900000,0.900000,15,0.000000,0.900000,4050,526
random,-1.000000,0.900000,0.900000,16,0.000000,0.900000,4050,524
random,-1.000000,0.900000,0.900000,17,0.000000,0.900000,4050,527
random,-1.000000,0.900000,0.900000,18,0.000000,0.900000,4050,524
random,-1.000000,0.900000,0.900000,19,0.000000,0.900000,4050,526
random,-1.000000,0.900000,0.900000,20,0.000000,0.900000,4050,527
random,-1.000000,0.900000,0.900000,21,0.000000,0.900000,4050,525
random,-1.000000,0.900000,0.900000,22,0.000000,0.900000,4050,523
random,-1.000000,0.900000,0.900000,23,0.000000,0.900000,4050,527
random,-1.000000,0.900000,0.900000,24,0.000000,0.900000,4050,527
random,-1.000000,0.900000,0.900000,25,0.000000,0.900000,4050,525
random,-1.000000,0.900000,0.900000,26,0.000000,0.900000,4050,526
random,-1.000000,0.900000,0.900000,27,0.000000,0.900000,4050,529
random,-1.000000,0.900000,0.900000,28,0.000000,0.900000,4050,531
random,-1.000000,0.900000,0.900000,29,0.000000,0.900000,4050,528
random,-1.000000,0.900000,0.900000,30,0.000000,0.900000,4050,525
random,-1.000000,0.900000,0.900000,31,0.000000,0.900000,4050,536
random,-1.000000,0.900000,0.900000,32,0.000000,0.900000,4050,526
random,-1.000000,0.900000,0.900000,33,0.000000,0.900000,4050,534
random,-1.000000,0.900000,0.900000,34,0.000000,0.900000,4050,526
random,-1.000000,0.900000,0.900000,35,0.000000,0.900000,4050,527
random,-1.000000,0.900000,0.900000,36,0.000000,0.900000,4050,524
random,-1.000000,0.900000,0.900000,37,0.000000,0.900000,4050,527
random,-1.000000,0.900000,0.900000,38,0.000000,0.900000,4050,537
random,-1.000000,0.900000,0.900000,39,0.000000,0.900000,4050,525
random,-1.000000,0.900000,0.900000,40,0.000000,0.900000,4050,525
random,-1.000000,0.900000,0.900000,41,0.000000,0.900000,4050,524
random,-1.000000,0.900000,0.900000,42,0.000000,0.900000,4050,526
random,-1.000000,0.900000,0.900000,43,0.000000,0.900000,4050,528
random,-1.000000,0.900000,0.900000,44,0.000000,0.900000,4050,522
random,-1.000000,0.900000,0.900000,45,0.000000,0.900000,4050,534
random,-1.000000,0.900000,0.900000,46,0.000000,0.900000,4050,530
random,-1.000000,0.900000,0.900000,47,0.000000,0.900000,4050,531
random,-1.000000,0.900000,0.900000,48,0.000000,0.900000,4050,525
random,-1.000000,0.900000,0.900000,49,0.000000,0.900000,4050,533
random,-1.000000,0.905000,0.905000,0,0.000000,0.904889,4072,525
random,-1.000000,0.905000,0.905000,1,0.000000,0.904889,4072,524
random,-1.000000,0.905000,0.905000,2,0.000000,0.904889,4072,530
random,-1.000000,0.905000,0.905000,3,0.000000,0.904889,4072,527
random,-1.000000,0.905000,0.905000,4,0.000000,0.904889,4072,525
random,-1.000000,0.905000,0.905000,5,0.000000,0.904889,4072,527
random,-1.000000,0.905000,0.905000,6,0.000000,0.904889,4072,523
random,-1.000000,0.905000,0.905000,7,0.000000,0.904889,4072,529
random,-1.000000,0.905000,0.905000,8,0.000000,0.904889,4072,540
random,-1.000000,0.905000,0.905000,9,0.000000,0.904889,4072,523
random,-1.000000,0.905000,0.905000,10,0.000000,0.904889,4072,534
random,-1.000000,0.905000,0.905000,11,0.000000,0.904889,4072,527
random,-1.000000,0.905000,0.905000,12,0.000000,0.904889,4072,524
random,-1.000000,0.905000,0.905000,13,0.000000,0.904889,4072,524
random,-1.000000,0.905000,0.905000,14,0.000000,0.904889,4072,524
random,-1.000000,0.905000,0.905000,15,0.000000,0.904889,4072,525
random,-1.000000,0.905000,0.905000,16,0.000000,0.904889,4072,523
random,-1.000000,0.905000,0.905000,17,0.000000,0.904889,4072,525
random,-1.000000,0.905000,0.905000,18,0.000000,0.904889,4072,522
random,-1.000000,0.905000,0.905000,19,0.000000,0.904889,4072,525
random,-1.000000,0.905000,0.905000,20,0.000000,0.904889,4072,527
random,-1.000000,0.905000,0.905000,21,0.000000,0.904889,4072,522
random,-1.000000,0.905000,0.905000,22,0.000000,0.904889,4072,523
random,-1.000000,0.905000,0.905000,23,0.000000,0.904889,4072,526
random,-1.000000,0.905000,0.905000,24,0.000000,0.904889,4072,527
random,-1.000000,0.905000,0.905000,25,0.000000,0.904889,4072,524
random,-1.000000,0.905000,0.905000,26,0.000000,0.904889,4072,526
random,-1.000000,0.905000,0.905000,27,0.000000,0.904889,4072,528
random,-1.000000,0.905000,0.905000,28,0.000000,0.904889,4072,529
random,-1.000000,0.905000,0.905000,29,0.000000,0.904889,4072,526
random,-1.000000,0.905000,0.905000,30,0.000000,0.904889,4072,523
random,-1.000000,0.905000,0.905000,31,0.000000,0.904889,4072,532
random,-1.000000,0.905000,0.905000,32,0.000000,0.904889,4072,526
random,-1.000000,0.905000,0.905000,33,0.000000,0.904889,4072,533
random,-1.000000,0.905000,0.905000,34,0.000000,0.904889,4072,525
random,-1.000000,0.905000,0.905000,35,0.000000,0.904889,4072,526
random,-1.000000,0.905000,0.905000,36,0.000000,0.904889,4072,524
random,-1.000000,0.905000,0.905000,37,0.000000,0.904889,4072,523
random,-1.000000,0.905000,0.905000,38,0.000000,0.904889,4072,529
random,-1.000000,0.905000,0.905000,39,0.000000,0.904889,4072,523
random,-1.000000,0.905000,0.905000,40,0.000000,0.904889,4072,522
random,-1.000000,0.905000,0.905000,41,0.000000,0.904889,4072,524
random,-1.000000,0.905000,0.905000,42,0.000000,0.904889,4072,525
random,-1.000000,0.905000,0.905000,43,0.000000,0.904889,4072,528
random,-1.000000,0.905000,0.905000,44,0.000000,0.904889,4072,521
random,-1.000000,0.905000,0.905000,45,0.000000,0.904889,4072,534
random,-1.000000,0.905000,0.905000,46,0.000000,0.904889,4072,530
random,-1.000000,0.905000,0.905000,47,0.000000,0.904889,4072,531
random,-1.000000,0.905000,0.905000,48,0.000000,0.904889,4072,525
random,-1.000000,0.905000,0.905000,49,0.000000,0.904889,4072,528
random,-1.000000,0.910000,0.910000,0,0.000000,0.910000,4095,525
random,-1.000000,0.910000,0.910000,1,0.000000,0.910000,4095,521
random,-1.000000,0.910000,0.910000,2,0.000000,0.910000,4095,529
random,-1.000000,0.910000,0.910000,3,0.000000,0.910000,4095,524
random,-1.000000,0.910000,0.910000,4,0.000000,0.910000,4095,524
random,-1.000000,0.910000,0.910000,5,0.000000,0.910000,4095,524
random,-1.000000,0.910000,0.910000,6,0.000000,0.910000,4095,523
random,-1.000000,0.910000,0.910000,7,0.000000,0.910000,4095,527
random,-1.000000,0.910000,0.910000,8,0.000000,0.910000,4095,538
random,-1.000000,0.910000,0.910000,9,0.000000,0.910000,4095,523
random,-1.000000,0.910000,0.910000,10,0.000000,0.910000,4095,531
random,-1.000000,0.910000,0.910000,11,0.000000,0.910000,4095,526
random,-1.000000,0.910000,0.910000,12,0.000000,0.910000,4095,524
random,-1.000000,0.910000,0.910000,13,0.000000,0.910000,4095,522
random,-1.000000,0.910000,0.910000,14,0.000000,0.910000,4095,522
random,-1.000000,0.910000,0.910000,15,0.000000,0.910000,4095,524
random,-1.000000,0.910000,0.910000,16,0.000000,0.910000,4095,521
random,-1.000000,0.910000,0.910000,17,0.000000,0.910000,4095,525
random,-1.000000,0.910000,0.910000,18,0.000000,0.910000,4095,522
random,-1.000000,0.910000,0.910000,19,0.000000,0.910000,4095,524
random,-1.000000,0.910000,0.910000,20,0.000000,0.910000,4095,524
random,-1.000000,0.910000,0.910000,21,0.000000,0.910000,4095,522
random,-1.000000,0.910000,0.910000,22,0.000000,0.910000,4095,523
random,-1.000000,0.910000,0.910000,23,0.000000,0.910000,4095,526
random,-1.000000,0.910000,0.910000,24,0.000000,0.910000,4095,526
random,-1.000000,0.910000,0.910000,25,0.000000,0.910000,4095,521
random,-1.000000,0.910000,0.910000,26,0.000000,0.910000,4095,525
random,-1.000000,0.910000,0.910000,27,0.000000,0.910000,4095,528
random,-1.000000,0.910000,0.910000,28,0.000000,0.910000,4095,528
random,-1.000000,0.910000,0.910000,29,0.000000,0.910000,4095,526
random,-1.000000,0.910000,0.910000,30,0.000000,0.910000,4095,523
random,-1.000000,0.910000,0.910000,31,0.000000,0.910000,4095,525
random,-1.000000,0.910000,0.910000,32,0.000000,0.910000,4095,524
random,-1.000000,0.910000,0.910000,33,0.000000,0.910000,4095,530
random,-1.000000,0.910000,0.910000,34,0.000000,0.910000,4095,524
random,-1.000000,0.910000,0.910000,35,0.000000,0.910000,4095,524
random,-1.000000,0.910000,0.910000,36,0.000000,0.910000,4095,523
random,-1.000000,0.910000,0.910000,37,0.000000,0.910000,4095,522
random,-1.000000,0.910000,0.910000,38,0.000000,0.910000,4095,528
random,-1.000000,0.910000,0.910000,39,0.000000,0.910000,4095,521
random,-1.000000,0.910000,0.910000,40,0.000000,0.910000,4095,521
random,-1.000000,0.910000,0.910000,41,0.000000,0.910000,4095,524
random,-1.000000,0.910000,0.910000,42,0.000000,0.910000,4095,524
random,-1.000000,0.910000,0.910000,43,0.000000,0.910000,4095,527
random,-1.000000,0.910000,0.910000,44,0.000000,0.910000,4095,521
random,-1.000000,0.910000,0.910000,45,0.000000,0.910000,4095,526
random,-1.000000,0.910000,0.910000,46,0.000000,0.910000,4095,527
random,-1.000000,0.910000,0.910000,47,0.000000,0.910000,4095,529
random,-1.000000,0.910000,0.910000,48,0.000000,0.910000,4095,524
random,-1.000000,0.910000,0.910000,49,0.000000,0.910000,4095,526
random,-1.000000,0.915000,0.915000,0,0.000000,0.914889,4117,524
random,-1.000000,0.915000,0.915000,1,0.000000,0.914889,4117,521
random,-1.000000,0.915000,0.915000,2,0.000000,0.914889,4117,525
random,-1.000000,0.915000,0.915000,3,0.000000,0.914889,4117,524
random,-1.000000,0.915000,0.915000,4,0.000000,0.914889,4117,524
random,-1.000000,0.915000,0.915000,5,0.000000,0.914889,4117,523
random,-1.000000,0.915000,0.915000,6,0.000000,0.914889,4117,523
random,-1.000000,0.915000,0.915000,7,0.000000,0.914889,4117,525
random,-1.000000,0.915000,0.915000,8,0.000000,0.914889,4117,533
random,-1.000000,0.915000,0.915000,9,0.000000,0.914889,4117,522
random,-1.000000,0.915000,0.915000,10,0.000000,0.914889,4117,530
random,-1.000000,0.915000,0.915000,11,0.000000,0.914889,4117,526
random,-1.000000,0.915000,0.915000,12,0.000000,0.914889,4117,524
random,-1.000000,0.915000,0.915000,13,0.000000,0.914889,4117,522
random,-1.000000,0.915000,0.915000,14,0.000000,0.914889,4117,522
random,-1.000000,0.915000,0.915000,15,0.000000,0.914889,4117,523
random,-1.000000,0.915000,0.915000,16,0.000000,0.914889,4117,520
random,-1.000000,0.915000,0.915000,17,0.000000,0.914889,4117,523
random,-1.000000,0.915000,0.915000,18,0.000000,0.914889,4117,520
random,-1.000000,0.915000,0.915000,19,0.000000,0.914889,4117,524
random,-1.000000,0.915000,0.915000,20,0.000000,0.914889,4117,524
random,-1.000000,0.915000,0.915000,21,0.000000,0.914889,4117,522
random,-1.000000,0.915000,0.915000,22,0.000000,0.914889,4117,521
random,-1.000000,0.915000,0.915000,23,0.000000,0.914889,4117,526
random,-1.000000,0.915000,0.915000,24,0.000000,0.914889,4117,526
random,-1.000000,0.915000,0.915000,25,0.000000,0.914889,4117,520
random,-1.000000,0.915000,0.915000,26,0.000000,0.914889,4117,525
random,-1.000000,0.915000,0.915000,27,0.000000,0.914889,4117,527
random,-1.000000,0.915000,0.915000,28,0.000000,0.914889,4117,528
random,-1.000000,0.915000,0.915000,29,0.000000,0.914889,4117,525
random,-1.000000,0.915000,0.915000,30,0.000000,0.914889,4117,521
random,-1.000000,0.915000,0.915000,31,0.000000,0.914889,4117,524
random,-1.000000,0.915000,0.915000,32,0.000000,0.914889,4117,524
random,-1.000000,0.915000,0.915000,33,0.000000,0.914889,4117,524
random,-1.000000,0.915000,0.915000,34,0.000000,0.914889,4117,521
random,-1.000000,0.915000,0.915000,35,0.000000,0.914889,4117,523
random,-1.000000,0.915000,0.915000,36,0.000000,0.914889,4117,523
random,-1.000000,0.915000,0.915000,37,0.000000,0.914889,4117,520
random,-1.000000,0.915000,0.915000,38,0.000000,0.914889,4117,527
random,-1.000000,0.915000,0.915000,39,0.000000,0.914889,4117,520
random,-1.000000,0.915000,0.915000,40,0.000000,0.914889,4117,521
random,-1.000000,0.915000,0.915000,41,0.000000,0.914889,4117,522
random,-1.000000,0.915000,0.915000,42,0.000000,0.914889,4117,524
random,-1.000000,0.915000,0.915000,43,0.000000,0.914889,4117,525
random,-1.000000,0.915000,0.915000,44,0.000000,0.914889,4117,521
random,-1.000000,0.915000,0.915000,45,0.000000,0.914889,4117,526
random,-1.000000,0.915000,0.915000,46,0.000000,0.914889,4117,525
random,-1.000000,0.915000,0.915000,47,0.000000,0.914889,4117,529
random,-1.000000,0.915000,0.915000,48,0.000000,0.914889,4117,523
random,-1.000000,0.915000,0.915000,49,0.000000,0.914889,4117,525
random,-1.000000,0.920000,0.920000,0,0.000000,0.920000,4140,523
random,-1.000000,0.920000,0.920000,1,0.000000,0.920000,4140,520
random,-1.000000,0.920000,0.920000,2,0.000000,0.920000,4140,522
random,-1.000000,0.920000,0.920000,3,0.000000,0.920000,4140,523
random,-1.000000,0.920000,0.920000,4,0.000000,0.920000,4140,523
random,-1.000000,0.920000,0.920000,5,0.000000,0.920000,4140,520
random,-1.000000,0.920000,0.920000,6,0.000000,0.920000,4140,521
random,-1.000000,0.920000,0.920000,7,0.000000,0.920000,4140,524
random,-1.000000,0.920000,0.920000,8,0.000000,0.920000,4140,528
random,-1.000000,0.920000,0.920000,9,0.000000,0.920000,4140,522
random,-1.000000,0.920000,0.920000,10,0.000000,0.920000,4140,529
random,-1.000000,0.920000,0.920000,11,0.000000,0.920000,4140,524
random,-1.000000,0.920000,0.920000,12,0.000000,0.920000,4140,523
random,-1.000000,0.920000,0.920000,13,0.000000,0.920000,4140,520
random,-1.000000,0.920000,0.920000,14,0.000000,0.920000,4140,522
random,-1.000000,0.920000,0.920000,15,0.000000,0.920000,4140,523
random,-1.000000,0.920000,0.920000,16,0.000000,0.920000,4140,519
random,-1.000000,0.920000,0.920000,17,0.000000,0.920000,4140,523
random,-1.000000,0.920000,0.920000,18,0.000000,0.920000,4140,520
random,-1.000000,0.920000,0.920000,19,0.000000,0.920000,4140,521
random,-1.000000,0.920000,0.920000,20,0.000000,0.920000,4140,523
random,-1.000000,0.920000,0.920000,21,0.000000,0.920000,4140,521
random,-1.000000,0.920000,0.920000,22,0.000000,0.920000,4140,521
random,-1.000000,0.920000,0.920000,23,0.000000,0.920000,4140,521
random,-1.000000,0.920000,0.920000,24,0.000000,0.920000,4140,524
random,-1.000000,0.920000,0.920000,25,0.000000,0.920000,4140,520
random,-1.000000,0.920000,0.920000,26,0.000000,0.920000,4140,524
random,-1.000000,0.920000,0.920000,27,0.000000,0.920000,4140,521
random,-1.000000,0.920000,0.920000,28,0.000000,0.920000,4140,524
random,-1.000000,0.920000,0.920000,29,0.000000,0.920000,4140,525
random,-1.000000,0.920000,0.920000,30,0.000000,0.920000,4140,520
random,-1.000000,0.920000,0.920000,31,0.000000,0.920000,4140,524
random,-1.000000,0.920000,0.920000,32,0.000000,0.920000,4140,522
random,-1.000000,0.920000,0.920000,33,0.000000,0.920000,4140,524
random,-1.000000,0.920000,0.920000,34,0.000000,0.920000,4140,519
random,-1.000000,0.920000,0.920000,35,0.000000,0.920000,4140,522
random,-1.000000,0.920000,0.920000,36,0.000000,0.920000,4140,523
random,-1.000000,0.920000,0.920000,37,0.000000,0.920000,4140,520
random,-1.000000,0.920000,0.920000,38,0.000000,0.920000,4140,527
random,-1.000000,0.920000,0.920000,39,0.000000,0.920000,4140,519
random,-1.000000,0.920000,0.920000,40,0.000000,0.920000,4140,519
random,-1.000000,0.920000,0.920000,41,0.000000,0.920000,4140,522
random,-1.000000,0.920000,0.920000,42,0.000000,0.920000,4140,524
random,-1.000000,0.920000,0.920000,43,0.000000,0.920000,4140,525
random,-1.000000,0.920000,0.920000,44,0.000000,0.920000,4140,518
random,-1.000000,0.920000,0.920000,45,0.000000,0.920000,4140,525
random,-1.000000,0.920000,0.920000,46,0.000000,0.920000,4140,523
random,-1.000000,0.920000,0.920000,47,0.000000,0.920000,4140,525
random,-1.000000,0.920000,0.920000,48,0.000000,0.920000,4140,520
random,-1.000000,0.920000,0.920000,49,0.000000,0.920000,4140,524
random,-1.000000,0.925000,0.925000,0,0.000000,0.924889,4162,521
random,-1.000000,0.925000,0.925000,1,0.000000,0.924889,4162,518
random,-1.000000,0.925000,0.925000,2,0.000000,0.924889,4162,522
random,-1.000000,0.925000,0.925000,3,0.000000,0.924889,4162,522
random,-1.000000,0.925000,0.925000,4,0.000000,0.924889,4162,523
random,-1.000000,0.925000,0.925000,5,0.000000,0.924889,4162,520
random,-1.000000,0.925000,0.925000,6,0.000000,0.924889,4162,519
random,-1.000000,0.925000,0.925000,7,0.000000,0.924889,4162,522
random,-1.000000,0.925000,0.925000,8,0.000000,0.924889,4162,524
random,-1.000000,0.925000,0.925000,9,0.000000,0.924889,4162,521
random,-1.000000,0.925000,0.925000,10,0.000000,0.924889,4162,526
random,-1.000000,0.925000,0.925000,11,0.000000,0.924889,4162,523
random,-1.000000,0.925000,0.925000,12,0.000000,0.924889,4162,523
random,-1.000000,0.925000,0.925000,13,0.000000,0.924889,4162,520
random,-1.000000,0.925000,0.925000,14,0.000000,0.924889,4162,518
random,-1.000000,0.925000,0.925000,15,0.000000,0.924889,4162,522
random,-1.000000,0.925000,0.925000,16,0.000000,0.924889,4162,519
random,-1.000000,0.925000,0.925000,17,0.000000,0.924889,4162,522
random,-1.000000,0.925000,0.925000,18,0.000000,0.924889,4162,519
random,-1.000000,0.925000,0.925000,19,0.000000,0.924889,4162,521
random,-1.000000,0.925000,0.925000,20,0.000000,0.924889,4162,523
random,-1.000000,0.925000,0.925000,21,0.000000,0.924889,4162,521
random,-1.000000,0.925000,0.925000,22,0.000000,0.924889,4162,519
random,-1.000000,0.925000,0.925000,23,0.000000,0.924889,4162,519
random,-1.000000,0.925000,0.925000,24,0.000000,0.924889,4162,521
random,-1.000000,0.925000,0.925000,25,0.000000,0.924889,4162,520
random,-1.000000,0.925000,0.925000,26,0.000000,0.924889,4162,524
random,-1.000000,0.925000,0.925000,27,0.000000,0.924889,4162,521
random,-1.000000,0.925000,0.925000,28,0.000000,0.924889,4162,521
random,-1.000000,0.925000,0.925000,29,0.000000,0.924889,4162,524
random,-1.000000,0.925000,0.925000,30,0.000000,0.924889,4162,519
random,-1.000000,0.925000,0.925000,31,0.000000,0.924889,4162,524
random,-1.000000,0.925000,0.925000,32,0.000000,0.924889,4162,522
random,-1.000000,0.925000,0.925000,33,0.000000,0.924889,4162,524
random,-1.000000,0.925000,0.925000,34,0.000000,0.924889,4162,519
random,-1.000000,0.925000,0.925000,35,0.000000,0.924889,4162,522
random,-1.000000,0.925000,0.925000,36,0.000000,0.924889,4162,523
random,-1.000000,0.925000,0.925000,37,0.000000,0.924889,4162,520
random,-1.000000,0.925000,0.925000,38,0.000000,0.924889,4162,527
random,-1.000000,0.925000,0.925000,39,0.000000,0.924889,4162,519
random,-1.000000,0.925000,0.925000,40,0.000000,0.924889,4162,519
random,-1.000000,0.925000,0.925000,41,0.000000,0.924889,4162,520
random,-1.000000,0.925000,0.925000,42,0.000000,0.924889,4162,522
random,-1.000000,0.925000,0.925000,43,0.000000,0.924889,4162,521
random,-1.000000,0.925000,0.925000,44,0.000000,0.924889,4162,518
random,-1.000000,0.925000,0.925000,45,0.000000,0.924889,4162,524
random,-1.000000,0.925000,0.925000,46,0.000000,0.924889,4162,523
random,-1.000000,0.925000,0.925000,47,0.000000,0.924889,4162,522
random,-1.000000,0.925000,0.925000,48,0.000000,0.924889,4162,520
random,-1.000000,0.925000,0.925000,49,0.000000,0.924889,4162,524
random,-1.000000,0.930000,0.930000,0,0.000000,0.930000,4185,520
random,-1.000000,0.930000,0.930000,1,0.000000,0.930000,4185,518
random,-1.000000,0.930000,0.930000,2,0.000000,0.930000,4185,522
random,-1.000000,0.930000,0.930000,3,0.000000,0.930000,4185,522
random,-1.000000,0.930000,0.930000,4,0.000000,0.930000,4185,523
random,-1.000000,0.930000,0.930000,5,0.000000,0.930000,4185,519
random,-1.000000,0.930000,0.930000,6,0.000000,0.930000,4185,518
random,-1.000000,0.930000,0.930000,7,0.000000,0.930000,4185,522
random,-1.000000,0.930000,0.930000,8,0.000000,0.930000,4185,521
random,-1.000000,0.930000,0.930000,9,0.000000,0.930000,4185,519
random,-1.000000,0.930000,0.930000,10,0.000000,0.930000,4185,518
random,-1.000000,0.930000,0.930000,11,0.000000,0.930000,4185,522
random,-1.000000,0.930000,0.930000,12,0.000000,0.930000,4185,523
random,-1.000000,0.930000,0.930000,13,0.000000,0.930000,4185,520
random,-1.000000,0.930000,0.930000,14,0.000000,0.930000,4185,518
random,-1.000000,0.930000,0.930000,15,0.000000,0.930000,4185,518
random,-1.000000,0.930000,0.930000,16,0.000000,0.930000,4185,519
random,-1.000000,0.930000,0.930000,17,0.000000,0.930000,4185,520
random,-1.000000,0.930000,0.930000,18,0.000000,0.930000,4185,519
random,-1.000000,0.930000,0.930000,19,0.000000,0.930000,4185,518
random,-1.000000,0.930000,0.930000,20,0.000000,0.930000,4185,522
random,-1.000000,0.930000,0.930000,21,0.000000,0.930000,4185,520
random,-1.000000,0.930000,0.930000,22,0.000000,0.930000,4185,519
random,-1.000000,0.930000,0.930000,23,0.000000,0.930000,4185,517
random,-1.000000,0.930000,0.930000,24,0.000000,0.930000,4185,521
random,-1.000000,0.930000,0.930000,25,0.000000,0.930000,4185,520
random,-1.000000,0.930000,0.930000,26,0.000000,0.930000,4185,524
random,-1.000000,0.930000,0.930000,27,0.000000,0.930000,4185,520
random,-1.000000,0.930000,0.930000,28,0.000000,0.930000,4185,521
random,-1.000000,0.930000,0.930000,29,0.000000,0.930000,4185,521
random,-1.000000,0.930000,0.930000,30,0.000000,0.930000,4185,519
random,-1.000000,0.930000,0.930000,31,0.000000,0.930000,4185,522
random,-1.000000,0.930000,0.930000,32,0.000000,0.930000,4185,519
random,-1.000000,0.930000,0.930000,33,0.000000,0.930000,4185,524
random,-1.000000,0.930000,0.930000,34,0.000000,0.930000,4185,518
random,-1.000000,0.930000,0.930000,35,0.000000,0.930000,4185,521
random,-1.000000,0.930000,0.930000,36,0.000000,0.930000,4185,522
random,-1.000000,0.930000,0.930000,37,0.000000,0.930000,4185,517
random,-1.000000,0.930000,0.930000,38,0.000000,0.930000,4185,526
random,-1.000000,0.930000,0.930000,39,0.000000,0.930000,4185,519
random,-1.000000,0.930000,0.930000,40,0.000000,0.930000,4185,518
random,-1.000000,0.930000,0.930000,41,0.000000,0.930000,4185,520
random,-1.000000,0.930000,0.930000,42,0.000000,0.930000,4185,519
random,-1.000000,0.930000,0.930000,43,0.000000,0.930000,4185,521
random,-1.000000,0.930000,0.930000,44,0.000000,0.930000,4185,516
random,-1.000000,0.930000,0.930000,45,0.000000,0.930000,4185,523
random,-1.000000,0.930000,0.930000,46,0.000000,0.930000,4185,523
random,-1.000000,0.930000,0.930000,47,0.000000,0.930000,4185,519
random,-1.000000,0.930000,0.930000,48,0.000000,0.930000,4185,519
random,-1.000000,0.930000,0.930000,49,0.000000,0.930000,4185,523
random,-1.000000,0.935000,0.935000,0,0.000000,0.934889,4207,520
random,-1.000000,0.935000,0.935000,1,0.000000,0.934889,4207,518
random,-1.000000,0.935000,0.935000,2,0.000000,0.934889,4207,522
random,-1.000000,0.935000,0.935000,3,0.000000,0.934889,4207,522
random,-1.000000,0.935000,0.935000,4,0.000000,0.934889,4207,522
random,-1.000000,0.935000,0.935000,5,0.000000,0.934889,4207,514
random,-1.000000,0.935000,0.935000,6,0.000000,0.934889,4207,518
random,-1.000000,0.935000,0.935000,7,0.000000,0.934889,4207,522
random,-1.000000,0.935000,0.935000,8,0.000000,0.934889,4207,520
random,-1.000000,0.935000,0.935000,9,0.000000,0.934889,4207,518
random,-1.000000,0.935000,0.935000,10,0.000000,0.934889,4207,518
random,-1.000000,0.935000,0.935000,11,0.000000,0.934889,4207,522
random,-1.000000,0.935000,0.935000,12,0.000000,0.934889,4207,521
random,-1.000000,0.935000,0.935000,13,0.000000,0.934889,4207,520
random,-1.000000,0.935000,0.935000,14,0.000000,0.934889,4207,513
random,-1.000000,0.935000,0.935000,15,0.000000,0.934889,4207,515
random,-1.000000,0.935000,0.935000,16,0.000000,0.934889,4207,518
random,-1.000000,0.935000,0.935000,17,0.000000,0.934889,4207,519
random,-1.000000,0.935000,0.935000,18,0.000000,0.934889,4207,515
random,-1.000000,0.935000,0.935000,19,0.000000,0.934889,4207,518
random,-1.000000,0.935000,0.935000,20,0.000000,0.934889,4207,521
random,-1.000000,0.935000,0.935000,21,0.000000,0.934889,4207,520
random,-1.000000,0.935000,0.935000,22,0.000000,0.934889,4207,519
random,-1.000000,0.935000,0.935000,23,0.000000,0.934889,4207,517
random,-1.000000,0.935000,0.935000,24,0.000000,0.934889,4207,519
random,-1.000000,0.935000,0.935000,25,0.000000,0.934889,4207,516
random,-1.000000,0.935000,0.935000,26,0.000000,0.934889,4207,524
random,-1.000000,0.935000,0.935000,27,0.000000,0.934889,4207,520
random,-1.000000,0.935000,0.935000,28,0.000000,0.934889,4207,521
random,-1.000000,0.935000,0.935000,29,0.000000,0.934889,4207,521
random,-1.000000,0.935000,0.935000,30,0.000000,0.934889,4207,518
random,-1.000000,0.935000,0.935000,31,0.000000,0.934889,4207,522
random,-1.000000,0.935000,0.935000,32,0.000000,0.934889,4207,519
random,-1.000000,0.935000,0.935000,33,0.000000,0.934889,4207,524
random,-1.000000,0.935000,0.935000,34,0.000000,0.934889,4207,517
random,-1.000000,0.935000,0.935000,35,0.000000,0.934889,4207,520
random,-1.000000,0.935000,0.935000,36,0.000000,0.934889,4207,521
random,-1.000000,0.935000,0.935000,37,0.000000,0.934889,4207,517
random,-1.000000,0.935000,0.935000,38,0.000000,0.934889,4207,521
random,-1.000000,0.935000,0.935000,39,0.000000,0.934889,4207,518
random,-1.000000,0.935000,0.935000,40,0.000000,0.934889,4207,518
random,-1.000000,0.935000,0.935000,41,0.000000,0.934889,4207,516
random,-1.000000,0.935000,0.935000,42,0.000000,0.934889,4207,519
random,-1.000000,0.935000,0.935000,43,0.000000,0.934889,4207,521
random,-1.000000,0.935000,0.935000,44,0.000000,0.934889,4207,516
random,-1.000000,0.935000,0.935000,45,0.000000,0.934889,4207,523
random,-1.000000,0.935000,0.935000,46,0.000000,0.934889,4207,523
random,-1.000000,0.935000,0.935000,47,0.000000,0.934889,4207,519
random,-1.000000,0.935000,0.935000,48,0.000000,0.934889,4207,515
random,-1.000000,0.935000,0.935000,49,0.000000,0.934889,4207,521
random,-1.000000,0.940000,0.940000,0,0.000000,0.940000,4230,519
random,-1.000000,0.940000,0.940000,1,0.000000,0.940000,4230,514
random,-1.000000,0.940000,0.940000,2,0.000000,0.940000,4230,519
random,-1.000000,0.940000,0.940000,3,0.000000,0.940000,4230,520
random,-1.000000,0.940000,0.940000,4,0.000000,0.940000,4230,521
random,-1.000000,0.940000,0.940000,5,0.000000,0.940000,4230,513
random,-1.000000,0.940000,0.940000,6,0.000000,0.940000,4230,518
random,-1.000000,0.940000,0.940000,7,0.000000,0.940000,4230,522
random,-1.000000,0.940000,0.940000,8,0.000000,0.940000,4230,519
random,-1.000000,0.940000,0.940000,9,0.000000,0.940000,4230,518
random,-1.000000,0.940000,0.940000,10,0.000000,0.940000,4230,517
random,-1.000000,0.940000,0.940000,11,0.000000,0.940000,4230,522
random,-1.000000,0.940000,0.940000,12,0.000000,0.940000,4230,516
random,-1.000000,0.940000,0.940000,13,0.000000,0.940000,4230,517
random,-1.000000,0.940000,0.940000,14,0.000000,0.940000,4230,510
random,-1.000000,0.940000,0.940000,15,0.000000,0.940000,4230,515
random,-1.000000,0.940000,0.940000,16,0.000000,0.940000,4230,516
random,-1.000000,0.940000,0.940000,17,0.000000,0.940000,4230,518
random,-1.000000,0.940000,0.940000,18,0.000000,0.940000,4230,515
random,-1.000000,0.940000,0.940000,19,0.000000,0.940000,4230,518
random,-1.000000,0.940000,0.940000,20,0.000000,0.940000,4230,520
random,-1.000000,0.940000,0.940000,21,0.000000,0.940000,4230,517
random,-1.000000,0.940000,0.940000,22,0.000000,0.940000,4230,516
random,-1.000000,0.940000,0.940000,23,0.000000,0.940000,4230,517
random,-1.000000,0.940000,0.940000,24,0.000000,0.940000,4230,518
random,-1.000000,0.940000,0.940000,25,0.000000,0.940000,4230,516
random,-1.000000,0.940000,0.940000,26,0.000000,0.940000,4230,520
random,-1.000000,0.940000,0.940000,27,0.000000,0.940000,4230,519
random,-1.000000,0.940000,0.940000,28,0.000000,0.940000,4230,520
random,-1.000000,0.940000,0.940000,29,0.000000,0.940000,4230,521
random,-1.000000,0.940000,0.940000,30,0.000000,0.940000,4230,515
random,-1.000000,0.940000,0.940000,31,0.000000,0.940000,4230,522
random,-1.000000,0.940000,0.940000,32,0.000000,0.940000,4230,518
random,-1.000000,0.940000,0.940000,33,0.000000,0.940000,4230,519
random,-1.000000,0.940000,0.940000,34,0.000000,0.940000,4230,517
random,-1.000000,0.940000,0.940000,35,0.000000,0.940000,4230,519
random,-1.000000,0.940000,0.940000,36,0.000000,0.940000,4230,517
random,-1.000000,0.940000,0.940000,37,0.000000,0.940000,4230,516
random,-1.000000,0.940000,0.940000,38,0.000000,0.940000,4230,519
random,-1.000000,0.940000,0.940000,39,0.000000,0.940000,4230,517
random,-1.000000,0.940000,0.940000,40,0.000000,0.940000,4230,516
random,-1.000000,0.940000,0.940000,41,0.000000,0.940000,4230,516
random,-1.000000,0.940000,0.940000,42,0.000000,0.940000,4230,519
random,-1.000000,0.940000,0.940000,43,0.000000,0.940000,4230,521
random,-1.000000,0.940000,0.940000,44,0.000000,0.940000,4230,513
random,-1.000000,0.940000,0.940000,45,0.000000,0.940000,4230,520
random,-1.000000,0.940000,0.940000,46,0.000000,0.940000,4230,522
random,-1.000000,0.940000,0.940000,47,0.000000,0.940000,4230,519
random,-1.000000,0.940000,0.940000,48,0.000000,0.940000,4230,515
random,-1.000000,0.940000,0.940000,49,0.000000,0.940000,4230,517
random,-1.000000,0.945000,0.945000,0,0.000000,0.944889,4252,517
random,-1.000000,0.945000,0.945000,1,0.000000,0.944889,4252,514
random,-1.000000,0.945000,0.945000,2,0.000000,0.944889,4252,516
random,-1.000000,0.945000,0.945000,3,0.000000,0.944889,4252,518
random,-1.000000,0.945000,0.945000,4,0.000000,0.944889,4252,520
random,-1.000000,0.945000,0.945000,5,0.000000,0.944889,4252,513
random,-1.000000,0.945000,0.945000,6,0.000000,0.944889,4252,517
random,-1.000000,0.945000,0.945000,7,0.000000,0.944889,4252,517
random,-1.000000,0.945000,0.945000,8,0.000000,0.944889,4252,518
random,-1.000000,0.945000,0.945000,9,0.000000,0.944889,4252,518
random,-1.000000,0.945000,0.945000,10,0.000000,0.944889,4252,517
random,-1.000000,0.945000,0.945000,11,0.000000,0.944889,4252,518
random,-1.000000,0.945000,0.945000,12,0.000000,0.944889,4252,516
random,-1.000000,0.945000,0.945000,13,0.000000,0.944889,4252,517
random,-1.000000,0.945000,0.945000,14,0.000000,0.944889,4252,509
random,-1.000000,0.945000,0.945000,15,0.000000,0.944889,4252,515
random,-1.000000,0.945000,0.945000,16,0.000000,0.944889,4252,516
random,-1.000000,0.945000,0.945000,17,0.000000,0.944889,4252,517
random,-1.000000,0.945000,0.945000,18,0.000000,0.944889,4252,515
random,-1.000000,0.945000,0.945000,19,0.000000,0.944889,4252,515
random,-1.000000,0.945000,0.945000,20,0.000000,0.944889,4252,520
random,-1.000000,0.945000,0.945000,21,0.000000,0.944889,4252,517
random,-1.000000,0.945000,0.945000,22,0.000000,0.944889,4252,516
random,-1.000000,0.945000,0.945000,23,0.000000,0.944889,4252,513
random,-1.000000,0.945000,0.945000,24,0.000000,0.944889,4252,517
random,-1.000000,0.945000,0.945000,25,0.000000,0.944889,4252,514
random,-1.000000,0.945000,0.945000,26,0.000000,0.944889,4252,520
random,-1.000000,0.945000,0.945000,27,0.000000,0.944889,4252,514
random,-1.000000,0.945000,0.945000,28,0.000000,0.944889,4252,516
random,-1.000000,0.945000,0.945000,29,0.000000,0.944889,4252,520
random,-1.000000,0.945000,0.945000,30,0.000000,0.944889,4252,515
random,-1.000000,0.945000,0.945000,31,0.000000,0.944889,4252,518
random,-1.000000,0.945000,0.945000,32,0.000000,0.944889,4252,516
random,-1.000000,0.945000,0.945000,33,0.000000,0.944889,4252,517
random,-1.000000,0.945000,0.945000,34,0.000000,0.944889,4252,517
random,-1.000000,0.945000,0.945000,35,0.000000,0.944889,4252,518
random,-1.000000,0.945000,0.945000,36,0.000000,0.944889,4252,517
random,-1.000000,0.945000,0.945000,37,0.000000,0.944889,4252,516
random,-1.000000,0.945000,0.945000,38,0.000000,0.944889,4252,518
random,-1.000000,0.945000,0.945000,39,0.000000,0.944889,4252,517
random,-1.000000,0.945000,0.945000,40,0.000000,0.944889,4252,515
random,-1.000000,0.945000,0.945000,41,0.000000,0.944889,4252,514
random,-1.000000,0.945000,0.945000,42,0.000000,0.944889,4252,518
random,-1.000000,0.945000,0.945000,43,0.000000,0.944889,4252,521
random,-1.000000,0.945000,0.945000,44,0.000000,0.944889,4252,513
random,-1.000000,0.945000,0.945000,45,0.000000,0.944889,4252,520
random,-1.000000,0.945000,0.945000,46,0.000000,0.944889,4252,519
random,-1.000000,0.945000,0.945000,47,0.000000,0.944889,4252,518
random,-1.000000,0.945000,0.945000,48,0.000000,0.944889,4252,515
random,-1.000000,0.945000,0.945000,49,0.000000,0.944889,4252,517
random,-1.000000,0.950000,0.950000,0,0.000000,0.950000,4275,517
random,-1.000000,0.950000,0.950000,1,0.000000,0.950000,4275,510
random,-1.000000,0.950000,0.950000,2,0.000000,0.950000,4275,516
random,-1.000000,0.950000,0.950000,3,0.000000,0.950000,4275,518
random,-1.000000,0.950000,0.950000,4,0.000000,0.950000,4275,513
random,-1.000000,0.950000,0.950000,5,0.000000,0.950000,4275,511
random,-1.000000,0.950000,0.950000,6,0.000000,0.950000,4275,514
random,-1.000000,0.950000,0.950000,7,0.000000,0.950000,4275,515
random,-1.000000,0.950000,0.950000,8,0.000000,0.950000,4275,518
random,-1.000000,0.950000,0.950000,9,0.000000,0.950000,4275,517
random,-1.000000,0.950000,0.950000,10,0.000000,0.950000,4275,516
random,-1.000000,0.950000,0.950000,11,0.000000,0.950000,4275,513
random,-1.000000,0.950000,0.950000,12,0.000000,0.950000,4275,513
random,-1.000000,0.950000,0.950000,13,0.000000,0.950000,4275,515
random,-1.000000,0.950000,0.950000,14,0.000000,0.950000,4275,509
random,-1.000000,0.950000,0.950000,15,0.000000,0.950000,4275,510
random,-1.000000,0.950000,0.950000,16,0.000000,0.950000,4275,514
random,-1.000000,0.950000,0.950000,17,0.000000,0.950000,4275,516
random,-1.000000,0.950000,0.950000,18,0.000000,0.950000,4275,514
random,-1.000000,0.950000,0.950000,19,0.000000,0.950000,4275,515
random,-1.000000,0.950000,0.950000,20,0.000000,0.950000,4275,513
random,-1.000000,0.950000,0.950000,21,0.000000,0.950000,4275,515
random,-1.000000,0.950000,0.950000,22,0.000000,0.950000,4275,514
random,-1.000000,0.950000,0.950000,23,0.000000,0.950000,4275,511
random,-1.000000,0.950000,0.950000,24,0.000000,0.950000,4275,516
random,-1.000000,0.950000,0.950000,25,0.000000,0.950000,4275,514
random,-1.000000,0.950000,0.950000,26,0.000000,0.950000,4275,518
random,-1.000000,0.950000,0.950000,27,0.000000,0.950000,4275,513
random,-1.000000,0.950000,0.950000,28,0.000000,0.950000,4275,516
random,-1.000000,0.950000,0.950000,29,0.000000,0.950000,4275,520
random,-1.000000,0.950000,0.950000,30,0.000000,0.950000,4275,514
random,-1.000000,0.950000,0.950000,31,0.000000,0.950000,4275,516
random,-1.000000,0.950000,0.950000,32,0.000000,0.950000,4275,516
random,-1.000000,0.950000,0.950000,33,0.000000,0.950000,4275,514
random,-1.000000,0.950000,0.950000,34,0.000000,0.950000,4275,516
random,-1.000000,0.950000,0.950000,35,0.000000,0.950000,4275,517
random,-1.000000,0.950000,0.950000,36,0.000000,0.950000,4275,517
random,-1.000000,0.950000,0.950000,37,0.000000,0.950000,4275,515
random,-1.000000,0.950000,0.950000,38,0.000000,0.950000,4275,518
random,-1.000000,0.950000,0.950000,39,0.000000,0.950000,4275,513
random,-1.000000,0.950000,0.950000,40,0.000000,0.950000,4275,513
random,-1.000000,0.950000,0.950000,41,0.000000,0.950000,4275,514
random,-1.000000,0.950000,0.950000,42,0.000000,0.950000,4275,517
random,-1.000000,0.950000,0.950000,43,0.000000,0.950000,4275,519
random,-1.000000,0.950000,0.950000,44,0.000000,0.950000,4275,511
random,-1.000000,0.950000,0.950000,45,0.000000,0.950000,4275,520
random,-1.000000,0.950000,0.950000,46,0.000000,0.950000,4275,516
random,-1.000000,0.950000,0.950000,47,0.000000,0.950000,4275,515
random,-1.000000,0.950000,0.950000,48,0.000000,0.950000,4275,515
random,-1.000000,0.950000,0.950000,49,0.000000,0.950000,4275,514
random,-1.000000,1.000000,1.000000,0,0.000000,0.999778,4499,433
random,-1.000000,1.000000,1.000000,1,0.000000,0.999778,4499,433
random,-1.000000,1.000000,1.000000,2,0.000000,0.999778,4499,433
random,-1.000000,1.000000,1.000000,3,0.000000,0.999778,4499,433
random,-1.000000,1.000000,1.000000,4,0.000000,0.999778,4499,433
random,-1.000000,1.000000,1.000000,5,0.000000,0.999778,4499,433
random,-1.000000,1.000000,1.000000,6,0.000000,0.999778,4499,433
random,-1.000000,1.000000,1.000000,7,0.000000,0.999778,4499,433
random,-1.000000,1.000000,1.000000,8,0.000000,0.999778,4499,433
random,-1.000000,1.000000,1.000000,9,0.000000,0.999778,4499,433
random,-1.000000,1.000000,1.000000,10,0.000000,0.999778,4499,433
random,-1.000000,1.000000,1.000000,11,0.000000,0.999778,4499,433
random,-1.000000,1.000000,1.000000,12,0.000000,0.999778,4499,433
random,-1.000000,1.000000,1.000000,13,0.000000,0.999778,4499,433
random,-1.000000,1.000000,1.000000,14,0.000000,0.999778,4499,433
random,-1.000000,1.000000,1.000000,15,0.000000,0.999778,4499,433
random,-1.000000,1.000000,1.000000,16,0.000000,0.999778,4499,433
random,-1.000000,1.000000,1.000000,17,0.000000,0.999778,4499,433
random,-1.000000,1.000000,1.000000,18,0.000000,0.999778,4499,433
random,-1.000000,1.000000,1.000000,19,0.000000,0.999778,4499,433
random,-1.000000,1.000000,1.000000,20,0.000000,0.999778,4499,433
random,-1.000000,1.000000,1.000000,21,0.000000,0.999778,4499,433
random,-1.000000,1.000000,1.000000,22,0.000000,0.999778,4499,433
random,-1.000000,1.000000,1.000000,23,0.000000,0.999778,4499,433
random,-1.000000,1.000000,1.000000,24,0.000000,0.999778,4499,433
random,-1.000000,1.000000,1.000000,25,0.000000,0.999778,4499,433
random,-1.000000,1.000000,1.000000,26,0.000000,0.999778,4499,433
random,-1.000000,1.000000,1.000000,27,0.000000,0.999778,4499,433
random,-1.000000,1.000000,1.000000,28,0.000000,0.999778,4499,433
random,-1.000000,1.000000,1.000000,29,0.000000,0.999778,4499,433
random,-1.000000,1.000000,1.000000,30,0.000000,0.999778,4499,433
random,-1.000000,1.000000,1.000000,31,0.000000,0.999778,4499,433
random,-1.000000,1.000000,1.000000,32,0.000000,0.999778,4499,433
random,-1.000000,1.000000,1.000000,33,0.000000,0.999778,4499,433
random,-1.000000,1.000000,1.000000,34,0.000000,0.999778,4499,433
random,-1.000000,1.000000,1.000000,35,0.000000,0.999778,4499,433
random,-1.000000,1.000000,1.000000,36,0.000000,0.999778,4499,433
random,-1.000000,1.000000,1.000000,37,0.000000,0.999778,4499,433
random,-1.000000,1.000000,1.000000,38,0.000000,0.999778,4499,433
random,-1.000000,1.000000,1.000000,39,0.000000,0.999778,4499,433
random,-1.000000,1.000000,1.000000,40,0.000000,0.999778,4499,433
random,-1.000000,1.000000,1.000000,41,0.000000,0.999778,4499,433
random,-1.000000,1.000000,1.000000,42,0.000000,0.999778,4499,433
random,-1.000000,1.000000,1.000000,43,0.000000,0.999778,4499,433
random,-1.000000,1.000000,1.000000,44,0.000000,0.999778,4499,433
random,-1.000000,1.000000,1.000000,45,0.000000,0.999778,4499,433
random,-1.000000,1.000000,1.000000,46,0.000000,0.999778,4499,433
random,-1.000000,1.000000,1.000000,47,0.000000,0.999778,4499,433
random,-1.000000,1.000000,1.000000,48,0.000000,0.999778,4499,433
random,-1.000000,1.000000,1.000000,49,0.000000,0.999778,4499,433
