0,1,2,3,4,5,6,7,8,9,10,11,12,13,14,15,16,17,18,19,20,21,22,23,24,25,26,27,28,29,30,31,32,33,34,35,36,37,38,39,40,41,42,43,44,45,46,47,48,49,50,51,52,53,54,55,56,57,58,59,60,61,62,63,64,65,66,67,68,69,70,71,72,73,74,75,76,77,78,79,80,81,82,83,84,85,86,87,88,89,90,91,92,93,94,95,96,97,98,99,100
0.3,0.344,0.386,0.42,0.419,0.446,0.453,0.491,0.524,0.541,0.563,0.568,0.615,0.609,0.64,0.622,0.612,0.639,0.637,0.646,0.662,0.694,0.68,0.665,0.66,0.676,0.668,0.661,0.67,0.689,0.672,0.658,0.646,0.663,0.658,0.672,0.68,0.651,0.65,0.678,0.643,0.645,0.638,0.653,0.656,0.659,0.656,0.652,0.649,0.632,0.647,0.647,0.636,0.663,0.657,0.658,0.621,0.65,0.66,0.665,0.662,0.702,0.695,0.647,0.662,0.67,0.663,0.639,0.657,0.644,0.656,0.643,0.657,0.667,0.674,0.691,0.69,0.677,0.642,0.652,0.655,0.667,0.652,0.674,0.666,0.63,0.621,0.652,0.657,0.674,0.658,0.641,0.639,0.612,0.626,0.644,0.657,0.654,0.648,0.654,0.646
0.3,0.336,0.37,0.404,0.418,0.426,0.451,0.495,0.532,0.553,0.548,0.584,0.605,0.607,0.62,0.617,0.63,0.619,0.64,0.647,0.661,0.661,0.658,0.657,0.661,0.654,0.639,0.646,0.643,0.638,0.661,0.669,0.669,0.665,0.659,0.665,0.667,0.656,0.676,0.687,0.665,0.661,0.666,0.658,0.669,0.676,0.687,0.674,0.667,0.661,0.665,0.676,0.658,0.668,0.638,0.652,0.675,0.674,0.661,0.632,0.642,0.65,0.663,0.671,0.646,0.68,0.667,0.686,0.669,0.673,0.66,0.666,0.672,0.644,0.653,0.661,0.674,0.683,0.69,0.656,0.672,0.675,0.678,0.703,0.66,0.666,0.649,0.687,0.656,0.68,0.673,0.666,0.659,0.647,0.666,0.649,0.667,0.659,0.665,0.666,0.674
0.3,0.339,0.387,0.412,0.445,0.459,0.465,0.496,0.518,0.557,0.576,0.595,0.603,0.602,0.586,0.604,0.636,0.64,0.65,0.637,0.634,0.633,0.629,0.651,0.658,0.646,0.66,0.653,0.646,0.668,0.671,0.663,0.635,0.659,0.641,0.647,0.668,0.654,0.657,0.669,0.659,0.643,0.642,0.647,0.657,0.659,0.658,0.653,0.65,0.649,0.648,0.647,0.655,0.675,0.653,0.649,0.657,0.636,0.611,0.619,0.627,0.618,0.645,0.638,0.628,0.668,0.655,0.667,0.648,0.646,0.635,0.633,0.656,0.657,0.662,0.662,0.66,0.67,0.654,0.65,0.655,0.657,0.664,0.657,0.682,0.683,0.653,0.644,0.653,0.661,0.668,0.644,0.644,0.656,0.662,0.675,0.679,0.653,0.662,0.666,0.662
0.3,0.327,0.386,0.421,0.453,0.483,0.488,0.493,0.534,0.55,0.57,0.59,0.598,0.588,0.617,0.608,0.614,0.625,0.628,0.628,0.651,0.65,0.655,0.644,0.631,0.63,0.657,0.651,0.647,0.641,0.672,0.682,0.677,0.675,0.671,0.658,0.66,0.656,0.637,0.644,0.659,0.631,0.627,0.636,0.633,0.659,0.673,0.67,0.656,0.65,0.666,0.665,0.664,0.662,0.662,0.664,0.656,0.635,0.669,0.682,0.694,0.689,0.679,0.671,0.667,0.67,0.665,0.68,0.696,0.671,0.688,0.665,0.65,0.639,0.645,0.653,0.669,0.65,0.664,0.656,0.633,0.647,0.662,0.667,0.673,0.629,0.65,0.654,0.638,0.657,0.658,0.658,0.671,0.67,0.655,0.671,0.648,0.647,0.651,0.656,0.675
0.3,0.379,0.395,0.425,0.456,0.451,0.472,0.513,0.536,0.539,0.555,0.574,0.6,0.612,0.597,0.602,0.628,0.64,0.637,0.658,0.664,0.652,0.675,0.656,0.666,0.666,0.668,0.671,0.66,0.661,0.656,0.654,0.662,0.668,0.651,0.661,0.658,0.655,0.668,0.679,0.689,0.689,0.672,0.647,0.669,0.663,0.652,0.657,0.662,0.659,0.637,0.658,0.637,0.644,0.63,0.656,0.64,0.641,0.659,0.664,0.687,0.695,0.677,0.674,0.666,0.657,0.666,0.673,0.671,0.678,0.669,0.662,0.667,0.67,0.647,0.652,0.66,0.662,0.637,0.671,0.688,0.675,0.686,0.649,0.631,0.645,0.658,0.678,0.681,0.697,0.664,0.686,0.661,0.654,0.638,0.644,0.636,0.669,0.689,0.702,0.681
0.3,0.342,0.385,0.412,0.446,0.476,0.484,0.485,0.538,0.55,0.554,0.552,0.585,0.589,0.611,0.661,0.644,0.633,0.649,0.654,0.67,0.678,0.676,0.668,0.661,0.656,0.659,0.664,0.672,0.671,0.656,0.659,0.668,0.652,0.669,0.675,0.664,0.666,0.654,0.646,0.629,0.625,0.645,0.652,0.652,0.648,0.658,0.642,0.632,0.671,0.662,0.665,0.678,0.661,0.661,0.662,0.651,0.654,0.654,0.656,0.657,0.657,0.675,0.66,0.666,0.661,0.66,0.663,0.65,0.649,0.647,0.644,0.643,0.662,0.66,0.652,0.631,0.638,0.642,0.662,0.648,0.66,0.675,0.663,0.678,0.672,0.656,0.649,0.677,0.657,0.662,0.685,0.692,0.687,0.669,0.66,0.652,0.666,0.672,0.671,0.667
0.3,0.371,0.404,0.399,0.445,0.468,0.488,0.517,0.538,0.563,0.562,0.578,0.584,0.599,0.6,0.591,0.606,0.622,0.636,0.647,0.647,0.666,0.671,0.669,0.681,0.648,0.65,0.63,0.679,0.649,0.663,0.652,0.629,0.675,0.654,0.66,0.648,0.643,0.658,0.65,0.655,0.664,0.674,0.651,0.662,0.694,0.696,0.683,0.666,0.668,0.661,0.638,0.654,0.651,0.674,0.674,0.66,0.673,0.672,0.666,0.649,0.68,0.674,0.671,0.661,0.68,0.691,0.678,0.672,0.652,0.652,0.643,0.654,0.657,0.676,0.643,0.641,0.659,0.665,0.684,0.688,0.672,0.657,0.659,0.665,0.636,0.641,0.638,0.652,0.651,0.658,0.657,0.669,0.654,0.653,0.651,0.656,0.65,0.663,0.677,0.66
0.3,0.327,0.371,0.39,0.405,0.435,0.438,0.449,0.472,0.503,0.539,0.546,0.56,0.573,0.572,0.587,0.599,0.608,0.623,0.629,0.621,0.615,0.651,0.676,0.666,0.642,0.658,0.643,0.629,0.643,0.656,0.636,0.615,0.622,0.642,0.642,0.647,0.684,0.663,0.655,0.628,0.634,0.663,0.655,0.658,0.663,0.656,0.662,0.687,0.684,0.665,0.676,0.664,0.661,0.676,0.674,0.684,0.673,0.667,0.649,0.657,0.659,0.653,0.64,0.653,0.677,0.675,0.671,0.648,0.682,0.651,0.666,0.663,0.663,0.652,0.654,0.672,0.682,0.671,0.658,0.653,0.65,0.69,0.671,0.658,0.664,0.662,0.668,0.674,0.668,0.667,0.672,0.683,0.696,0.67,0.666,0.654,0.653,0.669,0.64,0.67
0.3,0.331,0.341,0.381,0.408,0.423,0.447,0.45,0.492,0.51,0.521,0.547,0.563,0.572,0.604,0.606,0.606,0.611,0.645,0.663,0.653,0.648,0.655,0.673,0.641,0.637,0.632,0.658,0.631,0.653,0.651,0.664,0.668,0.674,0.654,0.673,0.652,0.69,0.669,0.664,0.659,0.658,0.668,0.668,0.686,0.675,0.662,0.668,0.666,0.675,0.663,0.658,0.617,0.632,0.657,0.645,0.659,0.685,0.665,0.663,0.686,0.685,0.67,0.683,0.677,0.653,0.632,0.646,0.67,0.657,0.645,0.659,0.671,0.7,0.669,0.657,0.657,0.653,0.648,0.665,0.685,0.672,0.667,0.653,0.645,0.641,0.632,0.656,0.645,0.662,0.649,0.659,0.689,0.637,0.652,0.658,0.646,0.668,0.631,0.653,0.675
0.3,0.361,0.395,0.417,0.432,0.461,0.477,0.492,0.524,0.534,0.55,0.57,0.579,0.601,0.589,0.601,0.629,0.617,0.613,0.635,0.63,0.645,0.649,0.67,0.658,0.628,0.645,0.644,0.666,0.673,0.666,0.663,0.644,0.655,0.643,0.63,0.626,0.647,0.671,0.632,0.665,0.654,0.665,0.653,0.669,0.68,0.671,0.668,0.669,0.679,0.669,0.653,0.659,0.651,0.664,0.668,0.666,0.676,0.693,0.675,0.673,0.656,0.679,0.665,0.679,0.635,0.666,0.648,0.631,0.612,0.619,0.649,0.651,0.668,0.662,0.683,0.666,0.654,0.641,0.645,0.65,0.664,0.649,0.659,0.648,0.656,0.641,0.664,0.686,0.65,0.683,0.673,0.65,0.635,0.657,0.617,0.622,0.635,0.649,0.65,0.656
0.3,0.346,0.382,0.401,0.429,0.46,0.507,0.538,0.558,0.563,0.578,0.589,0.591,0.615,0.631,0.633,0.64,0.635,0.61,0.626,0.641,0.646,0.646,0.651,0.645,0.653,0.653,0.638,0.635,0.633,0.659,0.644,0.635,0.66,0.644,0.647,0.661,0.688,0.673,0.664,0.667,0.671,0.666,0.652,0.665,0.664,0.666,0.633,0.655,0.679,0.669,0.666,0.661,0.669,0.683,0.671,0.662,0.673,0.648,0.68,0.686,0.659,0.645,0.642,0.676,0.66,0.649,0.666,0.66,0.67,0.667,0.662,0.661,0.664,0.646,0.664,0.676,0.624,0.638,0.633,0.661,0.665,0.682,0.683,0.683,0.669,0.665,0.676,0.653,0.657,0.689,0.679,0.66,0.649,0.646,0.671,0.679,0.679,0.675,0.656,0.67
0.3,0.343,0.381,0.421,0.444,0.494,0.509,0.526,0.543,0.535,0.556,0.565,0.57,0.588,0.61,0.587,0.617,0.64,0.645,0.633,0.653,0.658,0.672,0.636,0.661,0.655,0.645,0.659,0.654,0.676,0.659,0.659,0.65,0.669,0.665,0.67,0.655,0.65,0.666,0.653,0.687,0.679,0.682,0.676,0.661,0.679,0.67,0.671,0.662,0.674,0.666,0.675,0.658,0.667,0.672,0.688,0.675,0.663,0.649,0.636,0.655,0.673,0.67,0.676,0.666,0.684,0.667,0.687,0.666,0.67,0.664,0.658,0.67,0.643,0.649,0.647,0.663,0.691,0.651,0.677,0.672,0.676,0.685,0.655,0.656,0.668,0.681,0.657,0.678,0.673,0.657,0.658,0.641,0.655,0.647,0.657,0.664,0.671,0.681,0.672,0.642
0.3,0.333,0.383,0.389,0.413,0.446,0.484,0.517,0.526,0.578,0.553,0.562,0.583,0.616,0.615,0.63,0.636,0.641,0.636,0.642,0.673,0.663,0.667,0.66,0.66,0.673,0.665,0.631,0.633,0.66,0.663,0.662,0.659,0.66,0.664,0.656,0.662,0.653,0.641,0.659,0.669,0.666,0.665,0.667,0.655,0.655,0.655,0.671,0.674,0.675,0.668,0.672,0.655,0.676,0.657,0.656,0.661,0.673,0.675,0.662,0.656,0.664,0.639,0.638,0.645,0.669,0.667,0.68,0.669,0.652,0.661,0.681,0.66,0.657,0.649,0.681,0.669,0.678,0.663,0.66,0.666,0.686,0.67,0.662,0.661,0.682,0.688,0.662,0.677,0.661,0.68,0.678,0.674,0.66,0.679,0.648,0.653,0.662,0.651,0.669,0.664
0.3,0.345,0.401,0.412,0.439,0.471,0.492,0.517,0.535,0.568,0.576,0.579,0.614,0.616,0.629,0.623,0.638,0.618,0.606,0.614,0.641,0.653,0.646,0.639,0.64,0.635,0.638,0.677,0.658,0.655,0.672,0.667,0.687,0.664,0.659,0.656,0.639,0.648,0.655,0.634,0.661,0.691,0.659,0.634,0.641,0.657,0.634,0.642,0.649,0.659,0.651,0.654,0.666,0.677,0.645,0.654,0.633,0.645,0.639,0.653,0.655,0.664,0.681,0.678,0.684,0.673,0.677,0.672,0.698,0.68,0.678,0.666,0.663,0.664,0.668,0.647,0.64,0.664,0.652,0.695,0.681,0.678,0.659,0.659,0.641,0.645,0.636,0.669,0.665,0.655,0.64,0.636,0.623,0.636,0.651,0.662,0.632,0.636,0.656,0.67,0.687
0.3,0.331,0.37,0.405,0.416,0.453,0.467,0.487,0.52,0.541,0.577,0.597,0.595,0.606,0.606,0.616,0.618,0.655,0.649,0.657,0.651,0.671,0.658,0.651,0.673,0.654,0.669,0.642,0.667,0.654,0.65,0.652,0.646,0.654,0.664,0.66,0.646,0.67,0.659,0.682,0.672,0.682,0.674,0.655,0.645,0.654,0.656,0.654,0.658,0.653,0.64,0.622,0.624,0.639,0.626,0.647,0.636,0.642,0.66,0.653,0.655,0.651,0.672,0.674,0.676,0.694,0.659,0.65,0.637,0.644,0.681,0.661,0.654,0.666,0.65,0.664,0.658,0.666,0.651,0.674,0.655,0.673,0.67,0.658,0.652,0.657,0.644,0.681,0.687,0.66,0.668,0.681,0.698,0.697,0.676,0.671,0.685,0.662,0.657,0.645,0.631
0.3,0.342,0.371,0.406,0.454,0.448,0.497,0.513,0.514,0.521,0.528,0.553,0.577,0.59,0.608,0.639,0.632,0.639,0.627,0.645,0.647,0.647,0.655,0.631,0.646,0.649,0.633,0.664,0.675,0.633,0.631,0.644,0.648,0.651,0.628,0.64,0.666,0.655,0.664,0.632,0.634,0.643,0.653,0.661,0.643,0.67,0.674,0.681,0.672,0.662,0.67,0.672,0.661,0.662,0.655,0.674,0.666,0.658,0.649,0.656,0.647,0.661,0.661,0.656,0.643,0.657,0.627,0.646,0.636,0.633,0.626,0.636,0.662,0.653,0.655,0.671,0.671,0.66,0.657,0.661,0.657,0.649,0.644,0.662,0.647,0.658,0.673,0.657,0.658,0.651,0.668,0.657,0.664,0.67,0.673,0.686,0.675,0.666,0.668,0.669,0.658
0.3,0.337,0.383,0.414,0.439,0.459,0.492,0.519,0.552,0.595,0.585,0.584,0.606,0.606,0.636,0.628,0.65,0.658,0.653,0.654,0.644,0.619,0.645,0.629,0.654,0.654,0.658,0.665,0.654,0.657,0.644,0.665,0.649,0.696,0.679,0.693,0.68,0.672,0.672,0.663,0.647,0.654,0.66,0.669,0.669,0.667,0.666,0.661,0.678,0.665,0.677,0.671,0.656,0.637,0.635,0.67,0.643,0.63,0.625,0.653,0.64,0.647,0.677,0.665,0.654,0.674,0.656,0.65,0.652,0.646,0.654,0.683,0.69,0.648,0.662,0.648,0.674,0.668,0.661,0.672,0.69,0.656,0.656,0.671,0.692,0.684,0.676,0.673,0.69,0.661,0.68,0.654,0.66,0.666,0.667,0.659,0.66,0.678,0.663,0.652,0.644
0.3,0.331,0.345,0.385,0.408,0.417,0.455,0.476,0.494,0.494,0.509,0.513,0.556,0.573,0.592,0.594,0.596,0.616,0.634,0.632,0.656,0.634,0.64,0.645,0.653,0.649,0.651,0.657,0.665,0.657,0.646,0.667,0.64,0.64,0.634,0.654,0.646,0.655,0.683,0.665,0.642,0.656,0.65,0.656,0.636,0.654,0.658,0.654,0.672,0.66,0.656,0.65,0.651,0.66,0.655,0.667,0.647,0.649,0.648,0.66,0.659,0.66,0.657,0.644,0.634,0.648,0.635,0.663,0.636,0.671,0.661,0.637,0.65,0.655,0.643,0.651,0.657,0.678,0.67,0.677,0.664,0.641,0.669,0.643,0.678,0.671,0.678,0.649,0.652,0.643,0.647,0.675,0.665,0.658,0.649,0.659,0.652,0.652,0.671,0.671,0.681
0.3,0.349,0.388,0.441,0.459,0.457,0.48,0.494,0.509,0.548,0.584,0.584,0.583,0.611,0.61,0.626,0.637,0.649,0.622,0.624,0.625,0.652,0.651,0.645,0.656,0.651,0.669,0.675,0.662,0.674,0.644,0.681,0.676,0.648,0.653,0.685,0.665,0.652,0.665,0.663,0.665,0.657,0.671,0.682,0.679,0.67,0.677,0.671,0.68,0.669,0.651,0.656,0.678,0.657,0.651,0.665,0.667,0.653,0.675,0.664,0.666,0.67,0.667,0.658,0.658,0.661,0.648,0.63,0.658,0.62,0.64,0.682,0.69,0.681,0.652,0.672,0.671,0.677,0.676,0.657,0.657,0.652,0.644,0.645,0.656,0.66,0.661,0.653,0.654,0.65,0.671,0.654,0.671,0.675,0.68,0.704,0.687,0.653,0.644,0.662,0.659
0.3,0.357,0.389,0.426,0.438,0.441,0.463,0.494,0.5,0.539,0.549,0.566,0.593,0.579,0.595,0.596,0.62,0.656,0.664,0.653,0.68,0.679,0.663,0.669,0.652,0.635,0.667,0.679,0.643,0.684,0.696,0.674,0.671,0.672,0.679,0.684,0.673,0.694,0.648,0.655,0.644,0.663,0.635,0.647,0.632,0.666,0.66,0.659,0.661,0.658,0.649,0.636,0.668,0.682,0.679,0.669,0.666,0.649,0.661,0.665,0.656,0.667,0.672,0.65,0.649,0.643,0.664,0.66,0.661,0.69,0.667,0.662,0.653,0.628,0.653,0.663,0.638,0.636,0.64,0.637,0.645,0.659,0.68,0.669,0.65,0.645,0.628,0.631,0.656,0.656,0.657,0.656,0.664,0.661,0.65,0.643,0.632,0.647,0.647,0.664,0.679
0.3,0.363,0.401,0.428,0.46,0.474,0.506,0.525,0.542,0.583,0.596,0.586,0.626,0.62,0.612,0.645,0.638,0.621,0.641,0.643,0.67,0.658,0.665,0.651,0.669,0.672,0.64,0.652,0.635,0.657,0.643,0.644,0.66,0.66,0.675,0.658,0.657,0.659,0.672,0.655,0.654,0.661,0.682,0.673,0.654,0.637,0.64,0.666,0.65,0.667,0.656,0.66,0.666,0.669,0.672,0.68,0.66,0.679,0.672,0.656,0.671,0.652,0.643,0.676,0.676,0.66,0.668,0.666,0.656,0.668,0.647,0.643,0.639,0.644,0.654,0.665,0.672,0.671,0.66,0.691,0.685,0.692,0.677,0.668,0.659,0.665,0.661,0.66,0.66,0.656,0.654,0.668,0.647,0.664,0.656,0.657,0.674,0.643,0.626,0.616,0.618
0.3,0.345,0.359,0.396,0.416,0.455,0.494,0.49,0.497,0.53,0.557,0.567,0.57,0.593,0.631,0.654,0.653,0.669,0.68,0.652,0.67,0.645,0.665,0.67,0.649,0.662,0.683,0.68,0.689,0.682,0.68,0.655,0.662,0.665,0.671,0.665,0.648,0.668,0.658,0.652,0.638,0.65,0.662,0.665,0.66,0.669,0.663,0.673,0.66,0.646,0.673,0.66,0.654,0.659,0.65,0.658,0.668,0.661,0.653,0.636,0.661,0.68,0.696,0.679,0.662,0.652,0.647,0.624,0.62,0.634,0.654,0.656,0.655,0.667,0.67,0.652,0.673,0.674,0.67,0.686,0.674,0.67,0.638,0.634,0.638,0.633,0.643,0.656,0.656,0.654,0.641,0.645,0.629,0.66,0.67,0.67,0.686,0.663,0.671,0.664,0.635
0.3,0.353,0.381,0.412,0.453,0.471,0.483,0.489,0.5,0.554,0.549,0.55,0.576,0.564,0.601,0.592,0.629,0.625,0.632,0.649,0.639,0.652,0.671,0.659,0.669,0.656,0.66,0.682,0.669,0.654,0.662,0.663,0.65,0.654,0.65,0.647,0.661,0.659,0.663,0.658,0.626,0.653,0.685,0.672,0.674,0.681,0.651,0.664,0.667,0.661,0.667,0.657,0.67,0.655,0.642,0.644,0.665,0.681,0.679,0.661,0.682,0.673,0.672,0.672,0.665,0.671,0.666,0.67,0.687,0.662,0.645,0.66,0.641,0.655,0.664,0.679,0.692,0.668,0.696,0.653,0.654,0.647,0.657,0.674,0.67,0.671,0.661,0.66,0.676,0.659,0.654,0.67,0.636,0.67,0.682,0.666,0.658,0.647,0.648,0.625,0.662
0.3,0.362,0.384,0.41,0.42,0.438,0.461,0.473,0.487,0.524,0.549,0.553,0.56,0.599,0.577,0.603,0.584,0.578,0.611,0.64,0.646,0.644,0.661,0.654,0.668,0.663,0.653,0.643,0.65,0.66,0.654,0.659,0.665,0.652,0.637,0.673,0.664,0.668,0.663,0.67,0.647,0.638,0.619,0.651,0.642,0.637,0.66,0.649,0.654,0.625,0.646,0.668,0.642,0.664,0.673,0.665,0.654,0.672,0.665,0.651,0.646,0.669,0.666,0.675,0.669,0.678,0.679,0.683,0.664,0.675,0.685,0.693,0.653,0.702,0.679,0.672,0.69,0.644,0.641,0.653,0.67,0.666,0.687,0.674,0.658,0.657,0.655,0.659,0.657,0.667,0.65,0.686,0.663,0.626,0.623,0.648,0.642,0.673,0.668,0.663,0.657
0.3,0.349,0.372,0.409,0.425,0.456,0.481,0.503,0.518,0.515,0.533,0.557,0.577,0.589,0.602,0.622,0.642,0.66,0.631,0.636,0.633,0.644,0.628,0.661,0.651,0.673,0.688,0.669,0.649,0.63,0.645,0.648,0.653,0.644,0.651,0.625,0.675,0.651,0.654,0.673,0.662,0.675,0.663,0.669,0.637,0.666,0.644,0.633,0.644,0.642,0.647,0.635,0.639,0.674,0.671,0.658,0.675,0.646,0.646,0.642,0.661,0.682,0.683,0.676,0.662,0.652,0.669,0.646,0.649,0.65,0.642,0.657,0.633,0.652,0.662,0.639,0.638,0.649,0.653,0.644,0.68,0.646,0.652,0.683,0.662,0.659,0.648,0.677,0.67,0.662,0.658,0.645,0.642,0.667,0.692,0.665,0.683,0.658,0.678,0.655,0.645
0.3,0.339,0.357,0.37,0.411,0.442,0.472,0.509,0.538,0.563,0.571,0.597,0.612,0.602,0.64,0.637,0.642,0.655,0.632,0.629,0.617,0.639,0.653,0.664,0.639,0.646,0.641,0.656,0.639,0.629,0.631,0.63,0.656,0.663,0.661,0.688,0.682,0.681,0.684,0.659,0.642,0.653,0.653,0.643,0.66,0.686,0.683,0.668,0.671,0.65,0.652,0.639,0.641,0.618,0.625,0.65,0.66,0.649,0.642,0.648,0.639,0.661,0.644,0.648,0.662,0.673,0.671,0.689,0.663,0.672,0.652,0.656,0.648,0.663,0.646,0.649,0.649,0.649,0.672,0.669,0.677,0.678,0.676,0.67,0.664,0.655,0.645,0.645,0.654,0.658,0.636,0.642,0.651,0.646,0.649,0.636,0.628,0.616,0.63,0.623,0.646
0.3,0.354,0.399,0.418,0.446,0.462,0.482,0.519,0.545,0.565,0.58,0.558,0.553,0.569,0.607,0.589,0.595,0.613,0.608,0.621,0.615,0.635,0.624,0.633,0.631,0.669,0.66,0.635,0.647,0.633,0.629,0.673,0.659,0.642,0.674,0.695,0.666,0.655,0.639,0.658,0.646,0.667,0.658,0.669,0.671,0.672,0.654,0.671,0.679,0.713,0.688,0.674,0.671,0.674,0.685,0.673,0.681,0.682,0.674,0.666,0.67,0.661,0.671,0.679,0.677,0.648,0.685,0.669,0.69,0.669,0.653,0.665,0.653,0.653,0.664,0.665,0.657,0.644,0.666,0.669,0.648,0.667,0.667,0.674,0.649,0.651,0.669,0.683,0.674,0.691,0.679,0.688,0.703,0.681,0.67,0.675,0.689,0.667,0.655,0.647,0.645
0.3,0.337,0.379,0.399,0.426,0.468,0.494,0.522,0.523,0.533,0.54,0.561,0.606,0.595,0.615,0.627,0.657,0.668,0.654,0.663,0.661,0.649,0.631,0.631,0.641,0.641,0.651,0.66,0.642,0.647,0.649,0.667,0.679,0.674,0.679,0.645,0.653,0.664,0.679,0.685,0.687,0.648,0.679,0.661,0.656,0.646,0.667,0.663,0.666,0.675,0.665,0.67,0.677,0.667,0.701,0.689,0.666,0.654,0.679,0.686,0.669,0.658,0.658,0.663,0.666,0.685,0.664,0.669,0.681,0.669,0.691,0.677,0.688,0.677,0.673,0.682,0.661,0.664,0.657,0.66,0.676,0.677,0.657,0.644,0.666,0.664,0.683,0.693,0.681,0.669,0.668,0.635,0.637,0.668,0.683,0.686,0.683,0.67,0.673,0.676,0.661
0.3,0.337,0.384,0.42,0.446,0.455,0.478,0.49,0.527,0.581,0.603,0.602,0.583,0.565,0.608,0.625,0.662,0.67,0.651,0.648,0.64,0.635,0.664,0.658,0.641,0.644,0.658,0.659,0.657,0.676,0.647,0.649,0.641,0.668,0.662,0.679,0.679,0.675,0.676,0.663,0.67,0.663,0.664,0.654,0.644,0.654,0.636,0.658,0.653,0.675,0.673,0.656,0.651,0.648,0.671,0.671,0.667,0.667,0.672,0.648,0.645,0.644,0.648,0.649,0.637,0.661,0.676,0.687,0.701,0.669,0.675,0.669,0.653,0.664,0.656,0.646,0.639,0.649,0.653,0.645,0.65,0.649,0.681,0.667,0.656,0.638,0.646,0.641,0.658,0.66,0.649,0.65,0.633,0.646,0.657,0.661,0.642,0.643,0.647,0.648,0.631
0.3,0.341,0.372,0.392,0.427,0.465,0.499,0.529,0.539,0.542,0.572,0.565,0.589,0.619,0.626,0.638,0.629,0.629,0.642,0.67,0.662,0.634,0.638,0.648,0.63,0.628,0.643,0.641,0.666,0.66,0.67,0.63,0.636,0.668,0.699,0.677,0.667,0.67,0.664,0.665,0.674,0.669,0.667,0.672,0.674,0.649,0.668,0.665,0.678,0.633,0.67,0.67,0.667,0.673,0.706,0.665,0.678,0.655,0.684,0.672,0.676,0.687,0.669,0.669,0.649,0.668,0.681,0.655,0.677,0.663,0.658,0.66,0.64,0.657,0.65,0.658,0.672,0.677,0.664,0.674,0.686,0.686,0.66,0.672,0.655,0.652,0.644,0.64,0.632,0.649,0.68,0.651,0.655,0.658,0.648,0.652,0.67,0.654,0.664,0.661,0.671
0.3,0.36,0.365,0.395,0.422,0.437,0.44,0.459,0.486,0.513,0.553,0.558,0.573,0.58,0.614,0.623,0.605,0.642,0.627,0.626,0.666,0.655,0.634,0.652,0.658,0.654,0.665,0.652,0.661,0.66,0.666,0.652,0.659,0.649,0.661,0.65,0.666,0.696,0.669,0.682,0.673,0.673,0.675,0.669,0.678,0.66,0.668,0.677,0.654,0.667,0.663,0.675,0.656,0.648,0.677,0.673,0.684,0.67,0.656,0.658,0.653,0.661,0.651,0.642,0.635,0.655,0.652,0.631,0.649,0.663,0.661,0.66,0.631,0.642,0.631,0.662,0.665,0.649,0.679,0.678,0.658,0.655,0.667,0.63,0.661,0.653,0.669,0.66,0.667,0.67,0.674,0.662,0.674,0.677,0.687,0.701,0.684,0.668,0.669,0.664,0.675
0.3,0.339,0.376,0.388,0.424,0.458,0.477,0.495,0.516,0.529,0.552,0.579,0.579,0.606,0.61,0.628,0.641,0.619,0.652,0.652,0.64,0.638,0.61,0.654,0.669,0.67,0.687,0.679,0.693,0.679,0.648,0.651,0.652,0.665,0.669,0.635,0.668,0.636,0.665,0.664,0.646,0.647,0.652,0.675,0.669,0.662,0.677,0.682,0.678,0.678,0.657,0.651,0.655,0.663,0.67,0.672,0.666,0.65,0.634,0.643,0.668,0.659,0.656,0.655,0.666,0.669,0.663,0.663,0.662,0.659,0.643,0.659,0.67,0.637,0.668,0.659,0.656,0.678,0.664,0.683,0.662,0.668,0.669,0.653,0.654,0.64,0.674,0.681,0.668,0.666,0.651,0.64,0.655,0.668,0.694,0.671,0.67,0.66,0.652,0.679,0.656
0.3,0.354,0.405,0.423,0.41,0.433,0.455,0.489,0.504,0.517,0.532,0.567,0.585,0.615,0.618,0.603,0.656,0.642,0.668,0.644,0.641,0.653,0.642,0.637,0.658,0.66,0.651,0.653,0.665,0.661,0.651,0.666,0.652,0.657,0.653,0.671,0.657,0.654,0.651,0.661,0.651,0.63,0.631,0.65,0.631,0.67,0.682,0.666,0.64,0.647,0.645,0.665,0.658,0.655,0.631,0.661,0.666,0.667,0.663,0.674,0.665,0.647,0.671,0.657,0.661,0.659,0.657,0.654,0.654,0.654,0.649,0.656,0.641,0.668,0.691,0.697,0.685,0.675,0.659,0.662,0.678,0.665,0.669,0.669,0.675,0.669,0.66,0.661,0.664,0.659,0.643,0.63,0.627,0.644,0.667,0.64,0.66,0.635,0.654,0.658,0.642
0.3,0.326,0.357,0.397,0.423,0.45,0.457,0.463,0.466,0.506,0.514,0.54,0.563,0.564,0.575,0.583,0.601,0.596,0.626,0.619,0.659,0.656,0.628,0.636,0.663,0.648,0.652,0.629,0.652,0.662,0.672,0.648,0.655,0.659,0.66,0.655,0.647,0.66,0.656,0.7,0.684,0.688,0.683,0.679,0.672,0.659,0.649,0.675,0.677,0.687,0.677,0.675,0.667,0.675,0.66,0.667,0.679,0.674,0.657,0.649,0.634,0.66,0.67,0.673,0.659,0.649,0.68,0.681,0.686,0.683,0.676,0.663,0.688,0.698,0.668,0.662,0.674,0.676,0.659,0.669,0.648,0.685,0.687,0.677,0.679,0.65,0.652,0.647,0.642,0.671,0.66,0.649,0.656,0.658,0.671,0.663,0.686,0.678,0.666,0.656,0.641
0.3,0.332,0.381,0.395,0.434,0.455,0.466,0.487,0.506,0.529,0.534,0.537,0.576,0.604,0.615,0.613,0.636,0.649,0.633,0.635,0.638,0.632,0.653,0.653,0.656,0.644,0.64,0.647,0.647,0.658,0.658,0.642,0.656,0.667,0.666,0.652,0.678,0.66,0.644,0.67,0.65,0.661,0.653,0.649,0.663,0.658,0.672,0.662,0.651,0.629,0.652,0.655,0.649,0.65,0.66,0.647,0.644,0.65,0.672,0.664,0.662,0.666,0.667,0.655,0.643,0.651,0.66,0.655,0.638,0.63,0.645,0.649,0.666,0.649,0.655,0.635,0.636,0.633,0.656,0.661,0.659,0.662,0.669,0.657,0.683,0.68,0.668,0.67,0.67,0.685,0.687,0.687,0.655,0.636,0.639,0.663,0.672,0.663,0.652,0.661,0.659
0.3,0.353,0.384,0.407,0.449,0.464,0.467,0.494,0.545,0.561,0.569,0.588,0.603,0.614,0.625,0.635,0.626,0.633,0.63,0.634,0.638,0.652,0.652,0.667,0.671,0.658,0.683,0.676,0.676,0.67,0.68,0.687,0.691,0.684,0.677,0.691,0.689,0.67,0.657,0.646,0.639,0.641,0.642,0.632,0.621,0.636,0.629,0.641,0.647,0.646,0.644,0.64,0.625,0.622,0.64,0.65,0.668,0.674,0.682,0.674,0.686,0.687,0.657,0.662,0.677,0.668,0.656,0.647,0.666,0.672,0.66,0.672,0.656,0.636,0.654,0.65,0.64,0.662,0.654,0.679,0.67,0.668,0.68,0.687,0.673,0.661,0.643,0.673,0.668,0.672,0.662,0.634,0.642,0.659,0.684,0.671,0.672,0.646,0.677,0.657,0.658
0.3,0.327,0.385,0.409,0.463,0.482,0.509,0.517,0.523,0.553,0.585,0.583,0.596,0.621,0.64,0.609,0.621,0.631,0.656,0.637,0.634,0.651,0.644,0.66,0.644,0.643,0.64,0.651,0.643,0.649,0.664,0.643,0.632,0.66,0.666,0.668,0.67,0.663,0.648,0.654,0.661,0.674,0.659,0.653,0.661,0.676,0.679,0.693,0.658,0.696,0.7,0.69,0.667,0.661,0.689,0.686,0.669,0.667,0.665,0.68,0.676,0.665,0.669,0.66,0.635,0.665,0.671,0.684,0.672,0.678,0.657,0.703,0.692,0.69,0.695,0.689,0.68,0.664,0.652,0.654,0.654,0.673,0.693,0.666,0.684,0.665,0.686,0.662,0.691,0.677,0.667,0.675,0.679,0.664,0.665,0.645,0.664,0.679,0.66,0.66,0.658
0.3,0.352,0.366,0.401,0.45,0.471,0.493,0.517,0.538,0.554,0.591,0.609,0.612,0.63,0.639,0.642,0.65,0.628,0.642,0.656,0.681,0.671,0.643,0.648,0.652,0.65,0.661,0.679,0.675,0.658,0.662,0.645,0.651,0.649,0.651,0.697,0.672,0.673,0.67,0.67,0.668,0.681,0.668,0.66,0.668,0.669,0.665,0.656,0.65,0.667,0.665,0.662,0.667,0.66,0.653,0.636,0.655,0.666,0.662,0.673,0.675,0.664,0.666,0.657,0.671,0.651,0.662,0.645,0.658,0.661,0.648,0.652,0.657,0.653,0.653,0.658,0.665,0.674,0.635,0.642,0.642,0.658,0.663,0.657,0.681,0.67,0.675,0.673,0.67,0.679,0.669,0.672,0.667,0.658,0.662,0.657,0.651,0.663,0.645,0.657,0.68
0.3,0.335,0.37,0.385,0.409,0.442,0.447,0.469,0.492,0.508,0.516,0.534,0.564,0.556,0.591,0.595,0.614,0.623,0.61,0.619,0.608,0.627,0.626,0.645,0.642,0.639,0.655,0.642,0.658,0.658,0.651,0.674,0.684,0.67,0.666,0.671,0.664,0.665,0.678,0.67,0.653,0.674,0.676,0.672,0.682,0.689,0.692,0.683,0.669,0.665,0.663,0.67,0.663,0.656,0.661,0.637,0.631,0.626,0.654,0.669,0.643,0.655,0.653,0.678,0.676,0.675,0.652,0.669,0.681,0.687,0.721,0.688,0.674,0.69,0.688,0.655,0.65,0.657,0.666,0.662,0.668,0.669,0.652,0.673,0.687,0.667,0.668,0.656,0.654,0.668,0.655,0.665,0.657,0.651,0.651,0.651,0.641,0.632,0.652,0.649,0.645
0.3,0.352,0.37,0.4,0.436,0.444,0.479,0.499,0.51,0.543,0.563,0.574,0.576,0.577,0.592,0.614,0.618,0.612,0.651,0.661,0.663,0.641,0.677,0.672,0.691,0.696,0.685,0.668,0.688,0.704,0.674,0.665,0.678,0.675,0.67,0.668,0.685,0.69,0.685,0.668,0.665,0.679,0.665,0.648,0.655,0.633,0.657,0.676,0.671,0.622,0.672,0.675,0.639,0.662,0.638,0.663,0.666,0.667,0.657,0.636,0.683,0.661,0.666,0.649,0.632,0.642,0.66,0.656,0.663,0.647,0.637,0.633,0.63,0.627,0.649,0.656,0.653,0.66,0.673,0.68,0.643,0.673,0.662,0.672,0.64,0.632,0.645,0.664,0.655,0.653,0.643,0.671,0.656,0.655,0.639,0.642,0.643,0.659,0.668,0.645,0.648
0.3,0.345,0.37,0.403,0.43,0.457,0.488,0.495,0.495,0.52,0.551,0.589,0.586,0.567,0.591,0.631,0.639,0.629,0.64,0.656,0.691,0.652,0.633,0.654,0.645,0.653,0.658,0.653,0.65,0.674,0.652,0.669,0.681,0.662,0.668,0.669,0.659,0.665,0.663,0.662,0.648,0.655,0.666,0.661,0.647,0.661,0.659,0.654,0.65,0.653,0.659,0.655,0.666,0.664,0.675,0.688,0.65,0.623,0.633,0.642,0.674,0.663,0.662,0.679,0.689,0.644,0.662,0.65,0.646,0.673,0.652,0.66,0.657,0.664,0.68,0.67,0.66,0.651,0.655,0.669,0.653,0.676,0.672,0.678,0.639,0.641,0.639,0.651,0.621,0.66,0.653,0.661,0.652,0.653,0.651,0.655,0.664,0.673,0.68,0.659,0.646
0.3,0.342,0.384,0.405,0.444,0.472,0.519,0.533,0.553,0.579,0.575,0.597,0.603,0.626,0.612,0.644,0.639,0.62,0.631,0.64,0.638,0.639,0.658,0.656,0.675,0.685,0.689,0.681,0.653,0.649,0.652,0.658,0.655,0.661,0.676,0.678,0.671,0.644,0.676,0.676,0.631,0.658,0.665,0.671,0.663,0.641,0.663,0.665,0.658,0.659,0.671,0.663,0.664,0.669,0.651,0.666,0.657,0.672,0.665,0.677,0.691,0.679,0.675,0.689,0.646,0.644,0.676,0.667,0.68,0.646,0.665,0.669,0.665,0.664,0.674,0.664,0.68,0.657,0.67,0.645,0.635,0.639,0.636,0.661,0.663,0.648,0.644,0.633,0.641,0.647,0.674,0.679,0.637,0.635,0.651,0.642,0.651,0.633,0.653,0.641,0.639
0.3,0.333,0.342,0.364,0.402,0.437,0.446,0.45,0.477,0.509,0.536,0.563,0.585,0.577,0.586,0.617,0.605,0.611,0.628,0.649,0.618,0.65,0.642,0.634,0.656,0.668,0.651,0.641,0.652,0.65,0.654,0.643,0.637,0.655,0.639,0.652,0.653,0.66,0.645,0.664,0.646,0.647,0.66,0.685,0.668,0.669,0.686,0.703,0.656,0.686,0.68,0.697,0.668,0.662,0.662,0.665,0.641,0.647,0.606,0.609,0.626,0.64,0.627,0.618,0.637,0.634,0.664,0.654,0.662,0.663,0.655,0.649,0.679,0.678,0.668,0.674,0.662,0.658,0.661,0.645,0.65,0.668,0.66,0.649,0.692,0.668,0.651,0.669,0.661,0.661,0.661,0.654,0.643,0.647,0.647,0.656,0.67,0.671,0.696,0.684,0.68
0.3,0.346,0.374,0.398,0.416,0.467,0.5,0.525,0.538,0.536,0.567,0.599,0.612,0.598,0.636,0.631,0.617,0.626,0.65,0.673,0.688,0.669,0.652,0.648,0.636,0.665,0.664,0.66,0.666,0.664,0.65,0.618,0.648,0.655,0.636,0.642,0.645,0.655,0.671,0.66,0.672,0.656,0.661,0.647,0.651,0.671,0.666,0.665,0.686,0.658,0.645,0.645,0.672,0.661,0.665,0.683,0.645,0.661,0.666,0.658,0.668,0.664,0.669,0.663,0.659,0.679,0.668,0.658,0.652,0.657,0.683,0.641,0.677,0.671,0.666,0.676,0.657,0.684,0.651,0.654,0.653,0.655,0.629,0.65,0.663,0.656,0.627,0.653,0.671,0.642,0.65,0.645,0.67,0.654,0.648,0.644,0.648,0.638,0.661,0.66,0.655
0.3,0.363,0.391,0.405,0.415,0.441,0.477,0.523,0.541,0.554,0.567,0.576,0.582,0.606,0.602,0.611,0.639,0.652,0.651,0.648,0.651,0.647,0.65,0.642,0.67,0.69,0.666,0.658,0.657,0.658,0.648,0.655,0.649,0.676,0.66,0.669,0.65,0.642,0.644,0.654,0.662,0.661,0.67,0.67,0.659,0.67,0.654,0.655,0.681,0.679,0.646,0.64,0.68,0.654,0.656,0.658,0.646,0.65,0.647,0.658,0.664,0.68,0.675,0.653,0.665,0.648,0.65,0.656,0.668,0.645,0.654,0.656,0.664,0.642,0.667,0.649,0.667,0.682,0.662,0.668,0.651,0.661,0.674,0.688,0.651,0.643,0.651,0.66,0.669,0.672,0.678,0.672,0.704,0.69,0.678,0.661,0.65,0.644,0.655,0.667,0.668
0.3,0.349,0.387,0.419,0.439,0.472,0.501,0.521,0.544,0.546,0.555,0.605,0.624,0.59,0.609,0.608,0.646,0.66,0.657,0.669,0.646,0.624,0.626,0.633,0.645,0.65,0.637,0.655,0.656,0.649,0.652,0.657,0.666,0.659,0.682,0.665,0.674,0.666,0.683,0.673,0.686,0.695,0.685,0.673,0.659,0.655,0.676,0.66,0.689,0.68,0.656,0.659,0.674,0.662,0.667,0.678,0.679,0.648,0.65,0.651,0.657,0.625,0.629,0.647,0.663,0.683,0.672,0.666,0.661,0.674,0.652,0.645,0.681,0.669,0.659,0.655,0.653,0.639,0.649,0.671,0.667,0.672,0.666,0.661,0.668,0.683,0.673,0.651,0.639,0.659,0.679,0.679,0.685,0.682,0.691,0.672,0.644,0.666,0.669,0.658,0.657
0.3,0.338,0.388,0.391,0.411,0.432,0.463,0.51,0.497,0.523,0.542,0.575,0.577,0.596,0.589,0.62,0.634,0.632,0.641,0.655,0.662,0.671,0.658,0.692,0.667,0.677,0.672,0.67,0.67,0.674,0.671,0.654,0.656,0.647,0.65,0.686,0.652,0.642,0.664,0.653,0.666,0.671,0.669,0.669,0.671,0.655,0.677,0.677,0.639,0.649,0.653,0.64,0.655,0.641,0.643,0.636,0.628,0.65,0.646,0.662,0.666,0.672,0.681,0.679,0.674,0.678,0.67,0.662,0.672,0.656,0.649,0.663,0.655,0.655,0.647,0.663,0.65,0.669,0.661,0.673,0.648,0.624,0.646,0.637,0.663,0.68,0.647,0.669,0.654,0.661,0.654,0.664,0.656,0.625,0.641,0.647,0.631,0.642,0.644,0.637,0.643
0.3,0.328,0.367,0.401,0.417,0.437,0.463,0.477,0.506,0.515,0.542,0.526,0.568,0.577,0.583,0.585,0.594,0.615,0.635,0.619,0.66,0.659,0.663,0.639,0.647,0.655,0.657,0.666,0.648,0.631,0.641,0.626,0.637,0.662,0.682,0.67,0.652,0.675,0.643,0.665,0.673,0.674,0.665,0.668,0.675,0.647,0.668,0.662,0.67,0.635,0.638,0.673,0.672,0.654,0.653,0.642,0.615,0.649,0.662,0.681,0.68,0.645,0.654,0.652,0.677,0.662,0.705,0.684,0.683,0.672,0.662,0.661,0.647,0.658,0.633,0.655,0.632,0.629,0.653,0.672,0.668,0.642,0.637,0.625,0.631,0.638,0.66,0.677,0.677,0.655,0.646,0.644,0.634,0.619,0.651,0.644,0.636,0.646,0.659,0.672,0.649
0.3,0.338,0.377,0.394,0.419,0.444,0.475,0.51,0.523,0.54,0.568,0.562,0.575,0.614,0.624,0.613,0.637,0.627,0.635,0.634,0.625,0.623,0.611,0.625,0.618,0.619,0.633,0.652,0.656,0.676,0.672,0.65,0.681,0.675,0.683,0.686,0.663,0.647,0.657,0.677,0.665,0.667,0.663,0.669,0.65,0.642,0.667,0.659,0.639,0.644,0.677,0.683,0.702,0.673,0.665,0.659,0.66,0.67,0.678,0.67,0.669,0.664,0.674,0.661,0.674,0.653,0.683,0.684,0.664,0.655,0.669,0.666,0.648,0.666,0.68,0.656,0.663,0.685,0.645,0.679,0.656,0.694,0.665,0.691,0.645,0.645,0.621,0.673,0.663,0.646,0.662,0.638,0.638,0.655,0.655,0.647,0.673,0.666,0.676,0.666,0.667
0.3,0.346,0.386,0.407,0.445,0.449,0.492,0.485,0.523,0.517,0.532,0.575,0.58,0.586,0.584,0.607,0.634,0.643,0.633,0.633,0.646,0.659,0.655,0.644,0.64,0.636,0.64,0.654,0.667,0.659,0.662,0.664,0.663,0.678,0.64,0.678,0.662,0.652,0.656,0.659,0.664,0.681,0.68,0.681,0.68,0.669,0.692,0.661,0.664,0.656,0.652,0.641,0.644,0.645,0.645,0.652,0.656,0.686,0.688,0.68,0.672,0.661,0.67,0.655,0.648,0.645,0.644,0.652,0.646,0.649,0.658,0.649,0.636,0.642,0.673,0.656,0.652,0.676,0.658,0.683,0.664,0.66,0.673,0.652,0.645,0.66,0.659,0.648,0.666,0.67,0.66,0.665,0.638,0.643,0.68,0.658,0.649,0.655,0.647,0.625,0.646
0.3,0.342,0.369,0.4,0.421,0.456,0.476,0.507,0.532,0.567,0.588,0.593,0.625,0.614,0.597,0.631,0.621,0.633,0.663,0.624,0.654,0.676,0.669,0.69,0.656,0.643,0.655,0.654,0.641,0.668,0.665,0.657,0.662,0.659,0.671,0.659,0.653,0.662,0.668,0.65,0.664,0.65,0.653,0.633,0.678,0.666,0.659,0.653,0.643,0.665,0.65,0.649,0.646,0.68,0.673,0.652,0.655,0.662,0.649,0.661,0.68,0.669,0.672,0.679,0.65,0.65,0.658,0.642,0.655,0.665,0.699,0.677,0.672,0.657,0.657,0.659,0.673,0.668,0.678,0.68,0.654,0.654,0.663,0.666,0.642,0.672,0.663,0.666,0.662,0.659,0.645,0.668,0.687,0.66,0.677,0.658,0.672,0.676,0.66,0.67,0.65
0.3,0.33,0.36,0.37,0.399,0.435,0.468,0.488,0.509,0.526,0.539,0.591,0.565,0.572,0.608,0.624,0.619,0.647,0.679,0.657,0.676,0.654,0.649,0.67,0.642,0.645,0.649,0.647,0.655,0.66,0.63,0.643,0.658,0.671,0.649,0.652,0.66,0.649,0.64,0.679,0.654,0.672,0.688,0.681,0.679,0.667,0.654,0.669,0.652,0.654,0.668,0.653,0.66,0.672,0.681,0.669,0.665,0.655,0.665,0.68,0.655,0.648,0.642,0.659,0.695,0.661,0.649,0.663,0.671,0.688,0.669,0.666,0.655,0.653,0.669,0.667,0.685,0.685,0.686,0.687,0.678,0.689,0.67,0.678,0.65,0.666,0.687,0.676,0.678,0.672,0.663,0.667,0.641,0.648,0.657,0.64,0.654,0.656,0.626,0.634,0.655
0.3,0.364,0.382,0.415,0.444,0.461,0.483,0.514,0.527,0.526,0.548,0.545,0.582,0.576,0.599,0.6,0.616,0.613,0.612,0.621,0.649,0.656,0.636,0.642,0.637,0.65,0.631,0.631,0.625,0.648,0.636,0.633,0.663,0.655,0.665,0.635,0.657,0.667,0.675,0.675,0.662,0.651,0.666,0.678,0.641,0.645,0.628,0.644,0.645,0.655,0.65,0.657,0.65,0.63,0.633,0.65,0.67,0.664,0.665,0.655,0.682,0.661,0.677,0.65,0.664,0.661,0.649,0.656,0.629,0.635,0.652,0.667,0.657,0.659,0.643,0.646,0.633,0.663,0.654,0.668,0.666,0.683,0.665,0.666,0.66,0.663,0.67,0.654,0.647,0.659,0.665,0.664,0.671,0.671,0.657,0.66,0.644,0.666,0.659,0.67,0.668
0.3,0.329,0.37,0.395,0.426,0.44,0.473,0.502,0.516,0.533,0.531,0.566,0.591,0.615,0.625,0.636,0.636,0.647,0.654,0.651,0.647,0.637,0.622,0.637,0.639,0.628,0.64,0.652,0.653,0.683,0.677,0.684,0.69,0.672,0.656,0.658,0.641,0.631,0.642,0.643,0.652,0.68,0.639,0.651,0.656,0.677,0.639,0.646,0.672,0.671,0.655,0.645,0.656,0.662,0.671,0.65,0.676,0.633,0.665,0.66,0.673,0.65,0.651,0.676,0.669,0.657,0.684,0.648,0.667,0.63,0.646,0.654,0.667,0.656,0.654,0.67,0.632,0.623,0.646,0.625,0.651,0.657,0.659,0.665,0.661,0.668,0.656,0.664,0.679,0.67,0.666,0.67,0.641,0.651,0.677,0.683,0.683,0.664,0.659,0.662,0.659
0.3,0.341,0.36,0.381,0.421,0.445,0.449,0.481,0.5,0.52,0.55,0.572,0.563,0.611,0.603,0.607,0.621,0.62,0.634,0.65,0.651,0.642,0.653,0.643,0.67,0.675,0.646,0.615,0.651,0.662,0.644,0.648,0.651,0.65,0.657,0.664,0.629,0.63,0.668,0.665,0.678,0.68,0.694,0.691,0.681,0.685,0.668,0.701,0.698,0.676,0.674,0.687,0.68,0.688,0.685,0.665,0.667,0.678,0.673,0.646,0.636,0.647,0.655,0.65,0.68,0.676,0.662,0.646,0.666,0.698,0.672,0.682,0.677,0.666,0.659,0.655,0.677,0.679,0.689,0.69,0.684,0.684,0.714,0.698,0.674,0.654,0.674,0.649,0.657,0.659,0.676,0.689,0.681,0.687,0.668,0.664,0.673,0.664,0.661,0.663,0.659
0.3,0.355,0.378,0.398,0.394,0.442,0.475,0.5,0.532,0.547,0.543,0.574,0.579,0.586,0.625,0.626,0.624,0.645,0.665,0.66,0.654,0.631,0.646,0.635,0.641,0.661,0.668,0.67,0.666,0.674,0.666,0.678,0.683,0.657,0.676,0.678,0.69,0.669,0.668,0.688,0.67,0.668,0.668,0.653,0.651,0.654,0.647,0.646,0.655,0.663,0.645,0.64,0.67,0.671,0.69,0.671,0.674,0.668,0.665,0.658,0.674,0.669,0.672,0.659,0.674,0.638,0.64,0.664,0.667,0.655,0.652,0.656,0.643,0.648,0.654,0.657,0.637,0.637,0.642,0.64,0.621,0.652,0.649,0.694,0.694,0.68,0.679,0.65,0.647,0.643,0.667,0.654,0.665,0.672,0.661,0.675,0.668,0.653,0.636,0.64,0.658
0.3,0.336,0.379,0.377,0.401,0.416,0.452,0.511,0.523,0.53,0.549,0.569,0.569,0.584,0.588,0.61,0.615,0.618,0.64,0.661,0.655,0.647,0.684,0.681,0.68,0.671,0.647,0.669,0.643,0.658,0.665,0.665,0.635,0.655,0.67,0.659,0.659,0.679,0.676,0.688,0.704,0.653,0.654,0.672,0.669,0.696,0.673,0.674,0.682,0.676,0.652,0.656,0.651,0.637,0.663,0.663,0.645,0.638,0.666,0.66,0.655,0.646,0.678,0.658,0.661,0.691,0.684,0.66,0.671,0.676,0.669,0.668,0.655,0.666,0.668,0.664,0.673,0.646,0.651,0.679,0.632,0.663,0.654,0.637,0.646,0.654,0.66,0.66,0.679,0.66,0.664,0.644,0.662,0.663,0.661,0.658,0.652,0.644,0.652,0.673,0.658
0.3,0.368,0.396,0.416,0.442,0.456,0.461,0.478,0.514,0.556,0.573,0.581,0.599,0.578,0.597,0.594,0.606,0.62,0.64,0.649,0.644,0.635,0.644,0.641,0.634,0.644,0.653,0.654,0.657,0.658,0.666,0.688,0.656,0.649,0.649,0.666,0.68,0.67,0.685,0.679,0.693,0.674,0.695,0.659,0.644,0.661,0.656,0.655,0.672,0.65,0.657,0.655,0.657,0.657,0.661,0.66,0.659,0.672,0.659,0.652,0.679,0.69,0.685,0.685,0.662,0.663,0.649,0.671,0.684,0.654,0.658,0.652,0.683,0.674,0.649,0.673,0.676,0.683,0.676,0.68,0.648,0.674,0.695,0.676,0.69,0.651,0.669,0.658,0.676,0.68,0.664,0.666,0.685,0.662,0.672,0.653,0.65,0.656,0.648,0.658,0.642
0.3,0.341,0.383,0.406,0.42,0.461,0.477,0.482,0.51,0.525,0.556,0.589,0.591,0.587,0.599,0.605,0.635,0.629,0.644,0.639,0.65,0.665,0.648,0.641,0.648,0.664,0.644,0.66,0.657,0.674,0.659,0.668,0.642,0.654,0.648,0.658,0.665,0.647,0.645,0.655,0.669,0.666,0.665,0.641,0.65,0.67,0.686,0.662,0.662,0.646,0.67,0.656,0.653,0.658,0.674,0.675,0.638,0.669,0.682,0.648,0.666,0.653,0.669,0.659,0.657,0.665,0.687,0.682,0.699,0.709,0.671,0.675,0.666,0.679,0.675,0.69,0.674,0.641,0.671,0.667,0.671,0.679,0.68,0.669,0.659,0.658,0.665,0.658,0.672,0.663,0.685,0.669,0.688,0.649,0.648,0.664,0.658,0.662,0.671,0.665,0.651
0.3,0.335,0.357,0.379,0.408,0.437,0.448,0.465,0.49,0.528,0.537,0.571,0.581,0.562,0.589,0.584,0.603,0.623,0.628,0.618,0.638,0.667,0.657,0.655,0.637,0.652,0.645,0.662,0.665,0.672,0.625,0.65,0.646,0.661,0.662,0.673,0.648,0.65,0.671,0.665,0.676,0.666,0.656,0.649,0.675,0.641,0.665,0.689,0.673,0.674,0.686,0.657,0.669,0.648,0.652,0.67,0.662,0.674,0.661,0.653,0.661,0.687,0.681,0.674,0.647,0.666,0.665,0.675,0.646,0.663,0.674,0.662,0.656,0.652,0.653,0.643,0.666,0.667,0.65,0.62,0.628,0.646,0.659,0.649,0.65,0.655,0.65,0.649,0.658,0.652,0.634,0.642,0.635,0.655,0.665,0.652,0.668,0.641,0.649,0.651,0.668
0.3,0.342,0.361,0.401,0.437,0.434,0.447,0.503,0.506,0.552,0.571,0.588,0.575,0.588,0.596,0.611,0.636,0.624,0.624,0.61,0.636,0.635,0.647,0.657,0.666,0.654,0.66,0.686,0.68,0.658,0.649,0.645,0.637,0.664,0.66,0.653,0.649,0.658,0.655,0.657,0.667,0.645,0.658,0.654,0.649,0.639,0.64,0.632,0.626,0.638,0.635,0.677,0.666,0.658,0.653,0.668,0.667,0.677,0.662,0.684,0.684,0.672,0.694,0.671,0.673,0.646,0.674,0.667,0.678,0.669,0.637,0.651,0.648,0.653,0.662,0.665,0.65,0.67,0.678,0.686,0.67,0.663,0.666,0.647,0.651,0.666,0.654,0.656,0.662,0.667,0.64,0.672,0.646,0.666,0.688,0.669,0.673,0.672,0.651,0.65,0.666
0.3,0.34,0.352,0.386,0.43,0.452,0.487,0.524,0.54,0.544,0.569,0.581,0.627,0.613,0.631,0.627,0.633,0.655,0.687,0.667,0.669,0.673,0.662,0.666,0.651,0.677,0.659,0.68,0.655,0.658,0.651,0.679,0.662,0.655,0.661,0.652,0.669,0.667,0.669,0.658,0.654,0.69,0.659,0.674,0.673,0.64,0.63,0.657,0.664,0.65,0.656,0.632,0.671,0.652,0.655,0.665,0.651,0.662,0.652,0.628,0.646,0.643,0.639,0.616,0.624,0.634,0.618,0.643,0.666,0.638,0.642,0.673,0.67,0.684,0.643,0.642,0.66,0.656,0.675,0.65,0.681,0.666,0.666,0.664,0.668,0.663,0.661,0.663,0.664,0.657,0.664,0.665,0.663,0.669,0.691,0.662,0.668,0.647,0.656,0.662,0.67
0.3,0.36,0.387,0.407,0.415,0.436,0.48,0.512,0.515,0.525,0.542,0.557,0.591,0.591,0.592,0.619,0.647,0.64,0.627,0.644,0.644,0.649,0.643,0.655,0.667,0.654,0.65,0.655,0.678,0.682,0.681,0.67,0.642,0.637,0.658,0.637,0.66,0.642,0.637,0.668,0.696,0.684,0.693,0.662,0.651,0.649,0.658,0.662,0.654,0.655,0.669,0.645,0.662,0.683,0.682,0.67,0.665,0.667,0.652,0.644,0.655,0.664,0.685,0.683,0.664,0.672,0.666,0.672,0.666,0.688,0.675,0.644,0.633,0.646,0.676,0.658,0.645,0.657,0.659,0.656,0.656,0.671,0.648,0.644,0.643,0.649,0.65,0.648,0.625,0.632,0.639,0.653,0.649,0.62,0.647,0.648,0.648,0.65,0.668,0.667,0.642
0.3,0.333,0.35,0.365,0.393,0.442,0.47,0.483,0.525,0.558,0.573,0.577,0.583,0.603,0.594,0.617,0.622,0.631,0.64,0.656,0.668,0.634,0.641,0.649,0.664,0.665,0.672,0.655,0.677,0.652,0.674,0.663,0.662,0.674,0.676,0.647,0.668,0.662,0.667,0.657,0.683,0.681,0.659,0.68,0.664,0.637,0.666,0.66,0.636,0.665,0.646,0.658,0.634,0.655,0.664,0.681,0.675,0.682,0.664,0.653,0.656,0.653,0.632,0.615,0.638,0.636,0.64,0.634,0.625,0.624,0.662,0.661,0.676,0.683,0.67,0.644,0.652,0.659,0.65,0.65,0.666,0.68,0.65,0.657,0.683,0.682,0.661,0.665,0.676,0.653,0.66,0.681,0.668,0.682,0.665,0.671,0.666,0.653,0.629,0.632,0.665
0.3,0.359,0.408,0.466,0.475,0.498,0.504,0.511,0.532,0.551,0.555,0.565,0.597,0.579,0.601,0.621,0.642,0.657,0.663,0.66,0.662,0.646,0.642,0.632,0.654,0.637,0.644,0.668,0.654,0.673,0.654,0.661,0.662,0.667,0.695,0.689,0.681,0.717,0.704,0.69,0.676,0.654,0.648,0.682,0.662,0.666,0.652,0.655,0.656,0.655,0.664,0.646,0.664,0.653,0.652,0.659,0.667,0.643,0.636,0.635,0.639,0.624,0.619,0.653,0.644,0.654,0.657,0.642,0.651,0.641,0.642,0.668,0.67,0.652,0.63,0.642,0.661,0.67,0.668,0.665,0.667,0.664,0.669,0.663,0.651,0.668,0.692,0.664,0.679,0.672,0.631,0.648,0.627,0.614,0.634,0.631,0.656,0.629,0.646,0.635,0.639
0.3,0.345,0.354,0.405,0.423,0.453,0.47,0.488,0.524,0.528,0.563,0.592,0.606,0.604,0.609,0.603,0.615,0.63,0.631,0.655,0.649,0.638,0.639,0.647,0.669,0.67,0.664,0.654,0.669,0.673,0.674,0.652,0.658,0.653,0.676,0.695,0.691,0.689,0.673,0.669,0.668,0.688,0.665,0.683,0.662,0.66,0.648,0.642,0.667,0.681,0.667,0.657,0.674,0.661,0.641,0.668,0.644,0.651,0.648,0.649,0.661,0.663,0.66,0.661,0.671,0.656,0.644,0.66,0.657,0.657,0.664,0.649,0.659,0.666,0.676,0.653,0.656,0.648,0.643,0.629,0.64,0.667,0.659,0.626,0.647,0.651,0.67,0.683,0.676,0.657,0.637,0.642,0.658,0.638,0.648,0.649,0.63,0.651,0.658,0.642,0.628
0.3,0.35,0.38,0.393,0.417,0.44,0.464,0.496,0.516,0.52,0.526,0.541,0.57,0.594,0.595,0.619,0.622,0.636,0.651,0.619,0.64,0.638,0.656,0.663,0.634,0.641,0.619,0.64,0.655,0.666,0.656,0.644,0.636,0.664,0.65,0.647,0.642,0.659,0.633,0.67,0.65,0.659,0.656,0.65,0.683,0.675,0.663,0.647,0.667,0.635,0.673,0.651,0.664,0.647,0.642,0.659,0.656,0.665,0.659,0.678,0.684,0.687,0.667,0.68,0.665,0.67,0.675,0.652,0.651,0.65,0.652,0.648,0.649,0.678,0.665,0.694,0.673,0.662,0.622,0.647,0.651,0.641,0.664,0.652,0.652,0.68,0.671,0.661,0.677,0.673,0.686,0.652,0.671,0.655,0.64,0.637,0.635,0.664,0.654,0.661,0.675
0.3,0.339,0.363,0.386,0.419,0.456,0.472,0.496,0.495,0.521,0.551,0.572,0.604,0.604,0.616,0.632,0.653,0.629,0.632,0.631,0.63,0.653,0.652,0.646,0.639,0.65,0.637,0.666,0.663,0.661,0.67,0.646,0.668,0.674,0.706,0.655,0.692,0.668,0.678,0.63,0.644,0.641,0.66,0.656,0.633,0.653,0.679,0.655,0.672,0.679,0.658,0.641,0.657,0.663,0.652,0.667,0.658,0.662,0.668,0.657,0.647,0.63,0.639,0.646,0.676,0.672,0.66,0.679,0.677,0.686,0.65,0.645,0.633,0.641,0.65,0.639,0.675,0.66,0.667,0.66,0.674,0.658,0.642,0.651,0.656,0.648,0.634,0.63,0.628,0.649,0.665,0.651,0.645,0.673,0.683,0.67,0.624,0.639,0.633,0.681,0.642
0.3,0.339,0.355,0.38,0.41,0.455,0.456,0.499,0.511,0.526,0.547,0.556,0.578,0.626,0.61,0.616,0.611,0.625,0.629,0.641,0.648,0.639,0.646,0.634,0.635,0.637,0.64,0.65,0.654,0.661,0.656,0.651,0.652,0.62,0.638,0.634,0.645,0.65,0.665,0.654,0.635,0.637,0.676,0.658,0.673,0.642,0.664,0.687,0.67,0.68,0.661,0.65,0.648,0.651,0.647,0.641,0.64,0.67,0.646,0.646,0.68,0.676,0.654,0.657,0.684,0.676,0.668,0.651,0.654,0.672,0.671,0.684,0.657,0.648,0.646,0.636,0.662,0.657,0.663,0.666,0.686,0.663,0.661,0.664,0.66,0.637,0.658,0.665,0.647,0.658,0.657,0.673,0.662,0.653,0.678,0.694,0.689,0.688,0.649,0.656,0.663
0.3,0.333,0.38,0.397,0.393,0.419,0.452,0.475,0.519,0.514,0.498,0.55,0.574,0.589,0.595,0.595,0.58,0.584,0.611,0.625,0.604,0.614,0.62,0.646,0.674,0.677,0.66,0.65,0.654,0.648,0.665,0.65,0.659,0.652,0.636,0.666,0.638,0.663,0.678,0.652,0.633,0.646,0.656,0.661,0.658,0.665,0.657,0.668,0.63,0.659,0.663,0.686,0.665,0.68,0.688,0.656,0.656,0.642,0.66,0.647,0.678,0.684,0.67,0.658,0.66,0.643,0.648,0.647,0.673,0.648,0.676,0.661,0.659,0.654,0.653,0.653,0.681,0.679,0.706,0.688,0.66,0.684,0.686,0.662,0.66,0.664,0.67,0.663,0.65,0.669,0.667,0.657,0.669,0.643,0.659,0.648,0.653,0.654,0.666,0.672,0.66
0.3,0.343,0.37,0.421,0.426,0.438,0.462,0.494,0.523,0.549,0.547,0.575,0.594,0.591,0.612,0.617,0.64,0.646,0.638,0.659,0.679,0.658,0.642,0.667,0.658,0.657,0.674,0.668,0.664,0.665,0.681,0.678,0.653,0.661,0.657,0.662,0.674,0.672,0.68,0.678,0.695,0.687,0.659,0.644,0.676,0.655,0.663,0.653,0.633,0.662,0.665,0.648,0.625,0.65,0.635,0.673,0.673,0.667,0.678,0.68,0.689,0.68,0.673,0.656,0.65,0.657,0.655,0.651,0.664,0.694,0.675,0.677,0.667,0.652,0.657,0.669,0.659,0.654,0.643,0.677,0.67,0.676,0.673,0.67,0.672,0.655,0.68,0.645,0.656,0.671,0.658,0.685,0.664,0.65,0.636,0.655,0.659,0.647,0.653,0.658,0.684
0.3,0.335,0.364,0.403,0.447,0.466,0.484,0.504,0.53,0.539,0.549,0.576,0.597,0.616,0.622,0.631,0.632,0.629,0.653,0.676,0.68,0.659,0.658,0.671,0.655,0.683,0.683,0.688,0.665,0.665,0.663,0.658,0.661,0.669,0.709,0.677,0.667,0.687,0.694,0.653,0.676,0.658,0.675,0.689,0.661,0.662,0.678,0.684,0.671,0.67,0.651,0.658,0.66,0.663,0.65,0.658,0.641,0.659,0.647,0.648,0.653,0.664,0.637,0.678,0.674,0.669,0.695,0.68,0.677,0.662,0.658,0.675,0.659,0.679,0.662,0.667,0.653,0.644,0.652,0.687,0.66,0.69,0.673,0.67,0.661,0.683,0.664,0.636,0.663,0.685,0.663,0.673,0.663,0.648,0.661,0.662,0.645,0.633,0.615,0.648,0.638
0.3,0.358,0.394,0.427,0.459,0.489,0.49,0.509,0.516,0.551,0.588,0.589,0.599,0.618,0.625,0.634,0.63,0.639,0.64,0.645,0.648,0.651,0.647,0.639,0.63,0.625,0.633,0.67,0.643,0.646,0.673,0.682,0.675,0.645,0.64,0.652,0.674,0.665,0.654,0.682,0.656,0.668,0.683,0.692,0.675,0.687,0.685,0.671,0.645,0.662,0.646,0.648,0.665,0.691,0.689,0.671,0.655,0.669,0.646,0.653,0.655,0.664,0.681,0.663,0.669,0.675,0.682,0.685,0.679,0.659,0.657,0.652,0.645,0.624,0.626,0.646,0.657,0.659,0.627,0.627,0.628,0.648,0.63,0.644,0.651,0.653,0.647,0.645,0.669,0.654,0.679,0.674,0.667,0.663,0.679,0.68,0.67,0.7,0.699,0.689,0.681
0.3,0.35,0.386,0.417,0.431,0.412,0.435,0.448,0.453,0.491,0.531,0.555,0.553,0.597,0.605,0.636,0.629,0.644,0.618,0.603,0.634,0.635,0.662,0.628,0.638,0.655,0.654,0.634,0.629,0.651,0.623,0.653,0.664,0.669,0.674,0.671,0.673,0.671,0.686,0.667,0.667,0.655,0.665,0.682,0.69,0.689,0.68,0.678,0.666,0.648,0.675,0.661,0.667,0.694,0.668,0.664,0.663,0.65,0.657,0.648,0.668,0.665,0.65,0.641,0.673,0.669,0.66,0.658,0.631,0.638,0.646,0.646,0.64,0.632,0.649,0.657,0.669,0.649,0.657,0.661,0.679,0.684,0.683,0.67,0.684,0.674,0.66,0.667,0.671,0.686,0.674,0.65,0.661,0.657,0.662,0.647,0.637,0.647,0.667,0.647,0.684
0.3,0.34,0.372,0.411,0.417,0.438,0.46,0.48,0.511,0.525,0.522,0.568,0.555,0.559,0.585,0.623,0.631,0.618,0.628,0.634,0.65,0.65,0.657,0.638,0.67,0.679,0.678,0.678,0.686,0.672,0.677,0.656,0.662,0.667,0.673,0.71,0.692,0.689,0.663,0.677,0.67,0.664,0.661,0.656,0.648,0.667,0.658,0.661,0.656,0.651,0.637,0.645,0.651,0.66,0.647,0.636,0.633,0.65,0.68,0.662,0.667,0.667,0.679,0.678,0.653,0.638,0.658,0.662,0.633,0.664,0.663,0.659,0.649,0.665,0.691,0.678,0.669,0.689,0.648,0.661,0.642,0.658,0.65,0.659,0.663,0.657,0.658,0.644,0.632,0.657,0.627,0.656,0.636,0.626,0.663,0.644,0.654,0.65,0.629,0.641,0.663
0.3,0.346,0.347,0.393,0.399,0.432,0.457,0.485,0.507,0.538,0.57,0.591,0.615,0.634,0.621,0.624,0.641,0.627,0.65,0.672,0.66,0.666,0.641,0.644,0.63,0.636,0.665,0.659,0.676,0.665,0.669,0.676,0.685,0.674,0.697,0.67,0.665,0.649,0.665,0.69,0.675,0.697,0.677,0.675,0.661,0.673,0.682,0.673,0.666,0.641,0.65,0.661,0.651,0.662,0.66,0.673,0.697,0.684,0.678,0.677,0.661,0.66,0.644,0.651,0.622,0.658,0.657,0.65,0.658,0.657,0.668,0.67,0.654,0.683,0.661,0.645,0.629,0.643,0.658,0.682,0.682,0.652,0.647,0.658,0.664,0.653,0.658,0.647,0.635,0.638,0.648,0.639,0.631,0.654,0.653,0.682,0.668,0.642,0.621,0.632,0.648
0.3,0.345,0.377,0.407,0.458,0.467,0.468,0.511,0.516,0.537,0.542,0.554,0.577,0.607,0.609,0.612,0.63,0.655,0.653,0.653,0.65,0.649,0.657,0.641,0.647,0.662,0.676,0.669,0.648,0.647,0.661,0.653,0.657,0.67,0.656,0.651,0.65,0.662,0.666,0.649,0.65,0.656,0.669,0.661,0.647,0.663,0.648,0.634,0.641,0.668,0.681,0.665,0.648,0.641,0.674,0.662,0.672,0.666,0.685,0.666,0.661,0.65,0.667,0.668,0.683,0.633,0.657,0.65,0.654,0.657,0.673,0.663,0.667,0.644,0.634,0.665,0.672,0.635,0.654,0.67,0.652,0.679,0.682,0.717,0.684,0.685,0.682,0.662,0.661,0.669,0.636,0.633,0.624,0.634,0.636,0.627,0.635,0.635,0.66,0.649,0.652
0.3,0.339,0.366,0.401,0.431,0.444,0.476,0.495,0.522,0.559,0.598,0.601,0.602,0.635,0.635,0.634,0.639,0.647,0.634,0.636,0.664,0.655,0.656,0.655,0.657,0.641,0.663,0.644,0.65,0.652,0.662,0.652,0.667,0.654,0.645,0.662,0.637,0.648,0.676,0.678,0.685,0.639,0.635,0.63,0.649,0.644,0.655,0.65,0.636,0.67,0.682,0.679,0.68,0.655,0.657,0.642,0.65,0.667,0.654,0.686,0.661,0.649,0.67,0.665,0.652,0.637,0.649,0.632,0.64,0.666,0.672,0.676,0.662,0.648,0.66,0.667,0.647,0.659,0.631,0.667,0.659,0.654,0.674,0.658,0.662,0.657,0.685,0.698,0.676,0.688,0.641,0.674,0.641,0.666,0.661,0.649,0.632,0.662,0.668,0.656,0.638
0.3,0.322,0.352,0.391,0.402,0.419,0.441,0.478,0.507,0.511,0.514,0.537,0.562,0.558,0.581,0.616,0.604,0.633,0.632,0.66,0.627,0.646,0.637,0.632,0.653,0.64,0.657,0.643,0.656,0.664,0.698,0.678,0.652,0.647,0.648,0.66,0.672,0.677,0.663,0.683,0.655,0.656,0.664,0.654,0.675,0.671,0.66,0.663,0.654,0.666,0.664,0.663,0.67,0.64,0.66,0.629,0.642,0.645,0.66,0.675,0.67,0.674,0.688,0.647,0.658,0.662,0.662,0.665,0.641,0.653,0.671,0.653,0.658,0.666,0.662,0.686,0.675,0.689,0.662,0.656,0.668,0.649,0.64,0.644,0.654,0.632,0.66,0.669,0.64,0.662,0.664,0.667,0.651,0.645,0.652,0.677,0.678,0.675,0.636,0.632,0.643
0.3,0.344,0.371,0.395,0.442,0.47,0.477,0.513,0.542,0.558,0.593,0.605,0.594,0.61,0.611,0.601,0.629,0.624,0.66,0.639,0.628,0.647,0.646,0.651,0.654,0.658,0.647,0.651,0.66,0.671,0.67,0.681,0.67,0.676,0.656,0.653,0.665,0.677,0.683,0.679,0.667,0.657,0.651,0.66,0.678,0.628,0.646,0.66,0.651,0.66,0.666,0.674,0.675,0.657,0.671,0.66,0.636,0.636,0.636,0.62,0.626,0.63,0.632,0.669,0.668,0.642,0.693,0.685,0.682,0.636,0.656,0.644,0.636,0.634,0.678,0.673,0.665,0.657,0.679,0.67,0.666,0.667,0.662,0.673,0.651,0.663,0.677,0.662,0.656,0.663,0.634,0.64,0.644,0.67,0.705,0.691,0.692,0.678,0.67,0.677,0.671
0.3,0.334,0.37,0.412,0.447,0.494,0.503,0.493,0.508,0.527,0.556,0.561,0.589,0.583,0.624,0.647,0.643,0.654,0.656,0.64,0.659,0.631,0.636,0.662,0.643,0.65,0.65,0.635,0.639,0.635,0.659,0.662,0.667,0.669,0.635,0.659,0.65,0.662,0.647,0.654,0.669,0.685,0.686,0.654,0.653,0.677,0.67,0.665,0.646,0.634,0.642,0.634,0.636,0.64,0.645,0.672,0.66,0.653,0.644,0.658,0.637,0.659,0.665,0.685,0.68,0.7,0.689,0.667,0.656,0.647,0.647,0.624,0.648,0.647,0.642,0.649,0.662,0.643,0.658,0.662,0.639,0.667,0.669,0.669,0.661,0.676,0.67,0.679,0.638,0.627,0.661,0.632,0.627,0.635,0.636,0.655,0.642,0.645,0.644,0.648,0.64
0.3,0.344,0.382,0.403,0.43,0.446,0.482,0.488,0.513,0.534,0.53,0.547,0.565,0.577,0.581,0.587,0.634,0.637,0.64,0.63,0.625,0.641,0.658,0.666,0.633,0.644,0.646,0.661,0.643,0.652,0.672,0.664,0.656,0.665,0.686,0.694,0.699,0.686,0.663,0.686,0.696,0.671,0.67,0.668,0.642,0.655,0.66,0.626,0.651,0.65,0.643,0.651,0.619,0.625,0.625,0.634,0.641,0.648,0.644,0.646,0.654,0.647,0.646,0.648,0.64,0.668,0.662,0.689,0.679,0.655,0.663,0.644,0.648,0.668,0.648,0.661,0.652,0.666,0.642,0.658,0.672,0.649,0.654,0.669,0.683,0.673,0.675,0.702,0.666,0.651,0.669,0.661,0.676,0.677,0.67,0.655,0.661,0.655,0.657,0.652,0.674
0.3,0.377,0.402,0.433,0.439,0.481,0.49,0.513,0.547,0.577,0.581,0.589,0.602,0.602,0.613,0.608,0.624,0.642,0.658,0.658,0.633,0.635,0.646,0.63,0.647,0.667,0.673,0.643,0.653,0.649,0.651,0.618,0.65,0.66,0.648,0.645,0.667,0.655,0.688,0.681,0.663,0.642,0.661,0.656,0.666,0.672,0.679,0.676,0.663,0.688,0.642,0.648,0.661,0.656,0.647,0.661,0.671,0.65,0.655,0.643,0.654,0.687,0.68,0.66,0.66,0.699,0.674,0.67,0.664,0.675,0.67,0.68,0.684,0.694,0.679,0.668,0.654,0.662,0.651,0.66,0.631,0.646,0.67,0.696,0.668,0.676,0.672,0.676,0.667,0.642,0.638,0.647,0.66,0.648,0.673,0.676,0.648,0.667,0.645,0.65,0.672
0.3,0.353,0.386,0.414,0.44,0.463,0.474,0.498,0.533,0.552,0.584,0.589,0.595,0.614,0.616,0.629,0.628,0.619,0.631,0.635,0.624,0.592,0.628,0.628,0.644,0.663,0.653,0.66,0.665,0.658,0.682,0.674,0.678,0.656,0.674,0.7,0.673,0.667,0.651,0.646,0.63,0.658,0.668,0.681,0.689,0.668,0.657,0.667,0.66,0.669,0.659,0.67,0.679,0.67,0.659,0.668,0.67,0.667,0.657,0.65,0.674,0.659,0.681,0.691,0.673,0.663,0.651,0.631,0.624,0.65,0.631,0.638,0.639,0.656,0.67,0.655,0.666,0.679,0.652,0.676,0.665,0.655,0.646,0.649,0.658,0.656,0.668,0.667,0.681,0.679,0.662,0.67,0.662,0.672,0.665,0.654,0.64,0.669,0.694,0.672,0.634
0.3,0.331,0.362,0.412,0.452,0.462,0.47,0.499,0.52,0.543,0.556,0.575,0.575,0.616,0.607,0.617,0.628,0.642,0.619,0.586,0.611,0.624,0.627,0.646,0.639,0.665,0.661,0.665,0.643,0.644,0.659,0.661,0.673,0.648,0.668,0.675,0.675,0.663,0.675,0.667,0.668,0.68,0.652,0.66,0.664,0.659,0.677,0.689,0.679,0.673,0.664,0.69,0.69,0.673,0.684,0.662,0.666,0.665,0.647,0.657,0.655,0.651,0.685,0.664,0.667,0.681,0.68,0.671,0.663,0.655,0.654,0.649,0.652,0.645,0.653,0.64,0.639,0.649,0.673,0.67,0.66,0.656,0.653,0.655,0.656,0.647,0.656,0.657,0.661,0.662,0.661,0.636,0.64,0.675,0.646,0.667,0.644,0.661,0.651,0.674,0.663
0.3,0.337,0.36,0.402,0.434,0.458,0.449,0.468,0.522,0.546,0.557,0.575,0.595,0.616,0.609,0.617,0.611,0.631,0.637,0.655,0.635,0.651,0.652,0.622,0.64,0.656,0.68,0.662,0.647,0.69,0.657,0.663,0.662,0.627,0.656,0.645,0.663,0.684,0.668,0.664,0.667,0.67,0.659,0.678,0.655,0.682,0.683,0.686,0.692,0.682,0.674,0.671,0.658,0.662,0.657,0.663,0.669,0.65,0.644,0.66,0.65,0.676,0.666,0.681,0.686,0.68,0.665,0.673,0.664,0.671,0.66,0.642,0.651,0.638,0.654,0.644,0.642,0.643,0.628,0.647,0.657,0.652,0.666,0.634,0.632,0.647,0.638,0.655,0.636,0.635,0.643,0.653,0.651,0.65,0.633,0.636,0.643,0.666,0.641,0.667,0.639
0.3,0.339,0.36,0.397,0.412,0.416,0.437,0.448,0.477,0.502,0.519,0.537,0.545,0.538,0.558,0.595,0.605,0.622,0.602,0.612,0.603,0.623,0.628,0.628,0.656,0.663,0.653,0.66,0.618,0.651,0.627,0.653,0.643,0.659,0.648,0.653,0.661,0.64,0.639,0.664,0.662,0.666,0.671,0.668,0.669,0.687,0.669,0.683,0.682,0.678,0.667,0.672,0.682,0.664,0.692,0.678,0.667,0.691,0.672,0.69,0.685,0.682,0.67,0.656,0.651,0.638,0.645,0.655,0.665,0.649,0.67,0.678,0.651,0.68,0.663,0.67,0.66,0.677,0.68,0.695,0.675,0.667,0.674,0.674,0.685,0.672,0.692,0.661,0.634,0.658,0.672,0.656,0.669,0.651,0.654,0.644,0.673,0.636,0.638,0.634,0.631
0.3,0.368,0.371,0.42,0.457,0.487,0.503,0.514,0.543,0.554,0.587,0.601,0.597,0.602,0.62,0.618,0.621,0.643,0.655,0.676,0.662,0.667,0.672,0.668,0.665,0.685,0.666,0.667,0.666,0.659,0.651,0.674,0.657,0.663,0.654,0.635,0.645,0.657,0.683,0.68,0.664,0.654,0.67,0.672,0.653,0.66,0.653,0.656,0.67,0.674,0.672,0.67,0.646,0.652,0.675,0.688,0.675,0.664,0.64,0.657,0.645,0.681,0.652,0.672,0.667,0.676,0.651,0.642,0.66,0.647,0.644,0.664,0.672,0.653,0.641,0.666,0.668,0.654,0.648,0.661,0.663,0.653,0.659,0.668,0.656,0.645,0.665,0.658,0.665,0.682,0.675,0.695,0.694,0.645,0.654,0.664,0.641,0.658,0.666,0.675,0.668
0.3,0.347,0.389,0.421,0.435,0.469,0.476,0.495,0.518,0.521,0.545,0.553,0.598,0.596,0.628,0.62,0.627,0.658,0.641,0.651,0.657,0.653,0.661,0.66,0.679,0.681,0.68,0.666,0.663,0.667,0.656,0.659,0.646,0.631,0.65,0.642,0.645,0.654,0.658,0.672,0.642,0.658,0.624,0.658,0.637,0.632,0.665,0.655,0.65,0.659,0.659,0.647,0.652,0.659,0.638,0.656,0.694,0.681,0.682,0.693,0.674,0.683,0.669,0.632,0.64,0.639,0.661,0.652,0.667,0.679,0.655,0.623,0.651,0.66,0.663,0.667,0.673,0.655,0.651,0.683,0.647,0.645,0.661,0.657,0.638,0.632,0.643,0.664,0.664,0.665,0.662,0.644,0.668,0.682,0.685,0.654,0.647,0.657,0.656,0.668,0.657
0.3,0.357,0.396,0.407,0.429,0.458,0.482,0.51,0.511,0.528,0.557,0.581,0.588,0.604,0.613,0.671,0.65,0.677,0.67,0.664,0.635,0.64,0.645,0.647,0.656,0.657,0.671,0.645,0.65,0.644,0.66,0.675,0.662,0.655,0.679,0.658,0.648,0.662,0.653,0.657,0.645,0.645,0.641,0.637,0.657,0.676,0.658,0.636,0.657,0.652,0.668,0.685,0.684,0.642,0.674,0.672,0.668,0.666,0.642,0.62,0.634,0.654,0.659,0.653,0.663,0.643,0.659,0.655,0.668,0.656,0.65,0.652,0.647,0.649,0.66,0.67,0.656,0.635,0.637,0.668,0.642,0.644,0.627,0.647,0.674,0.701,0.683,0.666,0.671,0.677,0.656,0.659,0.67,0.65,0.635,0.623,0.643,0.654,0.648,0.634,0.638
0.3,0.34,0.37,0.407,0.443,0.476,0.474,0.497,0.521,0.567,0.58,0.594,0.605,0.613,0.633,0.629,0.649,0.644,0.641,0.647,0.676,0.651,0.641,0.644,0.645,0.668,0.673,0.684,0.671,0.661,0.639,0.651,0.67,0.669,0.674,0.658,0.663,0.665,0.658,0.638,0.65,0.665,0.645,0.651,0.652,0.646,0.633,0.654,0.68,0.648,0.637,0.655,0.662,0.672,0.654,0.667,0.648,0.647,0.656,0.637,0.641,0.646,0.65,0.675,0.674,0.64,0.634,0.643,0.64,0.659,0.638,0.636,0.651,0.659,0.653,0.665,0.661,0.662,0.66,0.631,0.656,0.663,0.652,0.661,0.66,0.628,0.661,0.662,0.673,0.69,0.674,0.679,0.667,0.654,0.652,0.662,0.645,0.647,0.653,0.668,0.655
0.3,0.337,0.374,0.396,0.43,0.457,0.488,0.487,0.522,0.535,0.556,0.57,0.586,0.613,0.622,0.646,0.637,0.643,0.645,0.647,0.632,0.659,0.645,0.671,0.66,0.678,0.66,0.669,0.654,0.648,0.671,0.693,0.644,0.647,0.653,0.643,0.634,0.616,0.62,0.62,0.646,0.645,0.655,0.665,0.647,0.654,0.656,0.649,0.666,0.663,0.653,0.654,0.655,0.67,0.668,0.645,0.65,0.656,0.644,0.67,0.639,0.656,0.673,0.659,0.637,0.652,0.671,0.665,0.666,0.665,0.668,0.66,0.663,0.664,0.637,0.656,0.683,0.67,0.68,0.681,0.646,0.669,0.683,0.667,0.675,0.667,0.677,0.683,0.656,0.652,0.639,0.649,0.664,0.661,0.656,0.683,0.67,0.658,0.655,0.667,0.658
0.3,0.337,0.378,0.411,0.448,0.458,0.487,0.524,0.517,0.565,0.571,0.598,0.622,0.633,0.617,0.615,0.638,0.629,0.628,0.669,0.665,0.665,0.665,0.672,0.683,0.671,0.652,0.677,0.682,0.662,0.67,0.669,0.679,0.678,0.671,0.662,0.663,0.66,0.644,0.664,0.695,0.637,0.642,0.641,0.664,0.647,0.657,0.645,0.658,0.673,0.659,0.68,0.68,0.692,0.686,0.697,0.69,0.654,0.655,0.655,0.663,0.672,0.663,0.653,0.677,0.666,0.669,0.661,0.657,0.656,0.654,0.664,0.655,0.656,0.668,0.68,0.67,0.674,0.674,0.665,0.664,0.663,0.654,0.658,0.654,0.663,0.676,0.653,0.639,0.633,0.626,0.63,0.622,0.632,0.641,0.651,0.647,0.642,0.637,0.67,0.671
0.3,0.343,0.36,0.388,0.419,0.437,0.45,0.481,0.511,0.516,0.544,0.575,0.578,0.603,0.591,0.625,0.642,0.653,0.637,0.638,0.647,0.648,0.653,0.64,0.651,0.682,0.67,0.67,0.689,0.682,0.68,0.705,0.692,0.677,0.671,0.674,0.668,0.649,0.685,0.68,0.658,0.648,0.651,0.648,0.666,0.661,0.666,0.672,0.688,0.674,0.664,0.664,0.659,0.675,0.651,0.638,0.628,0.645,0.634,0.634,0.637,0.651,0.643,0.65,0.653,0.67,0.645,0.641,0.665,0.681,0.683,0.673,0.685,0.712,0.687,0.655,0.648,0.66,0.639,0.647,0.643,0.66,0.665,0.682,0.669,0.66,0.661,0.67,0.682,0.682,0.673,0.673,0.67,0.661,0.658,0.647,0.665,0.668,0.653,0.668,0.67
0.3,0.332,0.381,0.405,0.427,0.469,0.493,0.518,0.531,0.551,0.569,0.6,0.589,0.591,0.61,0.635,0.628,0.661,0.648,0.661,0.658,0.645,0.648,0.653,0.664,0.669,0.678,0.676,0.683,0.678,0.674,0.64,0.658,0.667,0.674,0.666,0.66,0.664,0.66,0.652,0.66,0.671,0.675,0.667,0.667,0.63,0.656,0.667,0.665,0.657,0.629,0.647,0.648,0.635,0.642,0.662,0.667,0.661,0.666,0.66,0.681,0.67,0.653,0.66,0.66,0.66,0.65,0.65,0.649,0.661,0.662,0.674,0.682,0.67,0.671,0.673,0.692,0.677,0.678,0.677,0.66,0.68,0.688,0.657,0.654,0.657,0.653,0.672,0.673,0.656,0.666,0.644,0.668,0.638,0.645,0.648,0.662,0.671,0.664,0.655,0.669
0.3,0.349,0.376,0.393,0.43,0.454,0.464,0.467,0.53,0.524,0.544,0.561,0.584,0.62,0.621,0.642,0.63,0.631,0.627,0.647,0.666,0.663,0.641,0.625,0.64,0.648,0.672,0.673,0.669,0.64,0.669,0.659,0.674,0.686,0.681,0.685,0.68,0.705,0.674,0.697,0.69,0.663,0.646,0.644,0.664,0.657,0.686,0.657,0.657,0.653,0.65,0.644,0.662,0.681,0.673,0.678,0.65,0.645,0.655,0.659,0.666,0.659,0.675,0.669,0.673,0.668,0.659,0.679,0.666,0.666,0.66,0.678,0.663,0.655,0.653,0.675,0.672,0.643,0.656,0.649,0.654,0.643,0.646,0.649,0.652,0.668,0.638,0.628,0.644,0.652,0.667,0.671,0.658,0.651,0.671,0.662,0.659,0.669,0.646,0.671,0.686
0.3,0.327,0.355,0.39,0.434,0.467,0.493,0.5,0.531,0.556,0.547,0.562,0.584,0.585,0.602,0.621,0.612,0.633,0.646,0.633,0.63,0.671,0.654,0.688,0.678,0.678,0.668,0.664,0.65,0.647,0.665,0.654,0.655,0.633,0.657,0.657,0.644,0.637,0.662,0.638,0.668,0.637,0.654,0.662,0.679,0.679,0.664,0.647,0.655,0.671,0.658,0.695,0.699,0.692,0.699,0.675,0.674,0.668,0.651,0.652,0.674,0.679,0.683,0.673,0.657,0.694,0.693,0.688,0.684,0.668,0.669,0.66,0.648,0.655,0.659,0.657,0.677,0.668,0.683,0.653,0.641,0.627,0.645,0.643,0.645,0.619,0.648,0.678,0.694,0.679,0.655,0.676,0.678,0.66,0.648,0.64,0.641,0.668,0.662,0.653,0.673
0.3,0.353,0.374,0.413,0.419,0.44,0.469,0.489,0.514,0.527,0.528,0.557,0.579,0.581,0.601,0.612,0.641,0.651,0.659,0.68,0.658,0.677,0.649,0.666,0.657,0.653,0.667,0.66,0.645,0.633,0.664,0.653,0.654,0.649,0.649,0.65,0.642,0.637,0.665,0.659,0.664,0.65,0.651,0.626,0.658,0.672,0.673,0.648,0.654,0.668,0.678,0.667,0.66,0.663,0.653,0.649,0.662,0.682,0.678,0.663,0.661,0.646,0.663,0.674,0.66,0.673,0.657,0.672,0.666,0.687,0.681,0.689,0.681,0.686,0.648,0.648,0.637,0.657,0.652,0.672,0.669,0.669,0.676,0.681,0.658,0.662,0.659,0.644,0.669,0.65,0.648,0.644,0.649,0.641,0.62,0.624,0.642,0.644,0.634,0.666,0.67
0.3,0.345,0.373,0.413,0.439,0.474,0.507,0.535,0.535,0.572,0.585,0.61,0.618,0.625,0.635,0.651,0.667,0.672,0.674,0.663,0.671,0.653,0.644,0.651,0.668,0.666,0.651,0.662,0.657,0.653,0.644,0.662,0.659,0.676,0.683,0.665,0.66,0.662,0.648,0.67,0.657,0.668,0.651,0.638,0.673,0.669,0.641,0.662,0.627,0.667,0.652,0.666,0.656,0.634,0.653,0.654,0.671,0.664,0.645,0.656,0.656,0.672,0.671,0.673,0.678,0.692,0.665,0.655,0.65,0.649,0.655,0.681,0.674,0.682,0.688,0.689,0.694,0.694,0.681,0.657,0.662,0.666,0.636,0.658,0.643,0.649,0.645,0.649,0.647,0.683,0.687,0.677,0.656,0.665,0.674,0.639,0.678,0.662,0.645,0.668,0.667
0.3,0.333,0.363,0.398,0.436,0.446,0.443,0.484,0.505,0.532,0.547,0.588,0.606,0.616,0.622,0.635,0.641,0.628,0.623,0.645,0.666,0.653,0.667,0.676,0.667,0.653,0.66,0.655,0.674,0.652,0.686,0.696,0.668,0.645,0.643,0.669,0.629,0.658,0.63,0.654,0.646,0.655,0.673,0.669,0.691,0.674,0.667,0.68,0.661,0.673,0.655,0.643,0.676,0.666,0.662,0.663,0.654,0.647,0.663,0.651,0.655,0.671,0.657,0.688,0.663,0.654,0.671,0.673,0.674,0.673,0.653,0.678,0.682,0.672,0.664,0.652,0.667,0.678,0.644,0.671,0.665,0.649,0.665,0.652,0.656,0.632,0.626,0.632,0.649,0.647,0.648,0.642,0.668,0.646,0.665,0.678,0.679,0.68,0.679,0.666,0.67
0.3,0.375,0.387,0.408,0.44,0.474,0.481,0.499,0.501,0.525,0.563,0.568,0.6,0.598,0.604,0.62,0.638,0.615,0.657,0.637,0.633,0.658,0.663,0.662,0.67,0.654,0.674,0.679,0.66,0.647,0.647,0.665,0.66,0.665,0.661,0.667,0.662,0.652,0.651,0.667,0.674,0.663,0.667,0.652,0.679,0.657,0.661,0.648,0.644,0.65,0.658,0.67,0.645,0.661,0.66,0.628,0.655,0.641,0.668,0.68,0.667,0.668,0.665,0.634,0.647,0.663,0.64,0.656,0.671,0.658,0.67,0.658,0.667,0.669,0.654,0.624,0.651,0.643,0.638,0.646,0.683,0.689,0.679,0.67,0.675,0.658,0.668,0.64,0.624,0.656,0.662,0.661,0.658,0.66,0.653,0.667,0.681,0.696,0.674,0.655,0.665
0.3,0.337,0.377,0.404,0.41,0.425,0.461,0.481,0.509,0.542,0.57,0.593,0.6,0.622,0.633,0.636,0.637,0.634,0.655,0.664,0.645,0.632,0.631,0.63,0.663,0.661,0.651,0.653,0.617,0.636,0.644,0.657,0.647,0.664,0.663,0.656,0.661,0.664,0.667,0.677,0.658,0.656,0.663,0.658,0.682,0.662,0.649,0.677,0.669,0.657,0.637,0.664,0.691,0.684,0.662,0.69,0.68,0.666,0.661,0.668,0.66,0.651,0.642,0.658,0.649,0.663,0.654,0.661,0.651,0.663,0.66,0.662,0.671,0.667,0.673,0.665,0.693,0.666,0.664,0.686,0.667,0.652,0.641,0.639,0.636,0.664,0.64,0.644,0.671,0.668,0.642,0.634,0.652,0.629,0.626,0.633,0.631,0.641,0.654,0.636,0.646
0.3,0.334,0.354,0.388,0.409,0.44,0.473,0.479,0.496,0.526,0.566,0.565,0.587,0.602,0.596,0.617,0.648,0.647,0.653,0.638,0.634,0.638,0.641,0.652,0.667,0.652,0.66,0.679,0.671,0.656,0.668,0.665,0.661,0.65,0.656,0.694,0.686,0.656,0.677,0.655,0.65,0.649,0.638,0.669,0.643,0.657,0.679,0.672,0.647,0.687,0.676,0.647,0.672,0.69,0.685,0.655,0.655,0.666,0.656,0.67,0.68,0.676,0.662,0.65,0.655,0.669,0.65,0.64,0.659,0.674,0.651,0.669,0.655,0.663,0.662,0.657,0.652,0.669,0.647,0.648,0.653,0.657,0.642,0.639,0.65,0.645,0.653,0.659,0.649,0.652,0.648,0.645,0.643,0.643,0.638,0.649,0.648,0.677,0.661,0.635,0.656
0.3,0.335,0.378,0.407,0.428,0.445,0.479,0.507,0.528,0.561,0.579,0.579,0.603,0.589,0.615,0.657,0.644,0.649,0.65,0.664,0.675,0.642,0.666,0.663,0.657,0.674,0.665,0.656,0.656,0.654,0.681,0.675,0.657,0.654,0.671,0.675,0.647,0.657,0.644,0.659,0.672,0.676,0.672,0.647,0.668,0.68,0.649,0.655,0.657,0.641,0.647,0.639,0.642,0.639,0.661,0.644,0.647,0.658,0.656,0.672,0.65,0.638,0.664,0.661,0.652,0.655,0.672,0.654,0.663,0.655,0.656,0.65,0.661,0.682,0.656,0.656,0.652,0.632,0.661,0.668,0.648,0.679,0.662,0.663,0.657,0.643,0.663,0.646,0.645,0.629,0.646,0.653,0.651,0.645,0.633,0.657,0.646,0.67,0.664,0.663,0.668
0.3,0.35,0.388,0.423,0.451,0.477,0.509,0.529,0.567,0.594,0.609,0.596,0.604,0.631,0.642,0.65,0.647,0.66,0.619,0.629,0.617,0.654,0.648,0.641,0.674,0.685,0.699,0.661,0.674,0.673,0.677,0.681,0.683,0.674,0.683,0.655,0.68,0.669,0.678,0.688,0.685,0.684,0.676,0.671,0.672,0.681,0.672,0.671,0.656,0.671,0.664,0.632,0.634,0.638,0.646,0.645,0.643,0.657,0.654,0.669,0.654,0.652,0.665,0.664,0.646,0.679,0.657,0.683,0.652,0.63,0.635,0.634,0.629,0.643,0.654,0.654,0.666,0.651,0.658,0.654,0.663,0.629,0.658,0.653,0.661,0.649,0.649,0.674,0.67,0.652,0.665,0.65,0.631,0.639,0.646,0.628,0.635,0.658,0.671,0.669,0.692
0.3,0.348,0.373,0.392,0.426,0.476,0.495,0.507,0.53,0.563,0.56,0.57,0.575,0.588,0.613,0.624,0.621,0.625,0.618,0.645,0.645,0.65,0.623,0.623,0.614,0.629,0.619,0.655,0.662,0.658,0.661,0.648,0.647,0.677,0.68,0.672,0.692,0.672,0.666,0.662,0.674,0.681,0.641,0.631,0.625,0.639,0.637,0.639,0.649,0.672,0.656,0.663,0.623,0.648,0.662,0.678,0.652,0.649,0.695,0.649,0.656,0.67,0.667,0.676,0.665,0.667,0.668,0.664,0.686,0.668,0.663,0.656,0.679,0.682,0.671,0.651,0.667,0.67,0.65,0.671,0.651,0.674,0.682,0.665,0.673,0.65,0.654,0.658,0.683,0.662,0.693,0.676,0.665,0.644,0.662,0.65,0.669,0.684,0.666,0.668,0.681
0.3,0.34,0.365,0.413,0.424,0.449,0.476,0.498,0.518,0.548,0.558,0.594,0.611,0.629,0.63,0.62,0.633,0.638,0.639,0.647,0.639,0.636,0.626,0.643,0.647,0.689,0.69,0.667,0.651,0.656,0.663,0.659,0.646,0.653,0.666,0.666,0.668,0.679,0.685,0.674,0.668,0.663,0.662,0.656,0.644,0.646,0.634,0.665,0.666,0.638,0.631,0.653,0.672,0.641,0.644,0.63,0.62,0.645,0.659,0.667,0.671,0.661,0.647,0.656,0.68,0.667,0.655,0.643,0.656,0.657,0.651,0.628,0.631,0.608,0.627,0.645,0.628,0.637,0.657,0.661,0.669,0.688,0.676,0.672,0.666,0.656,0.66,0.654,0.652,0.642,0.643,0.642,0.653,0.659,0.663,0.652,0.663,0.646,0.635,0.628,0.624
0.3,0.348,0.369,0.382,0.42,0.457,0.465,0.486,0.511,0.535,0.554,0.561,0.593,0.613,0.618,0.622,0.644,0.634,0.639,0.624,0.639,0.651,0.626,0.645,0.645,0.638,0.661,0.638,0.662,0.671,0.664,0.681,0.661,0.655,0.638,0.672,0.658,0.653,0.635,0.659,0.642,0.635,0.66,0.653,0.631,0.639,0.628,0.656,0.663,0.67,0.654,0.659,0.689,0.658,0.678,0.683,0.67,0.681,0.682,0.687,0.683,0.67,0.679,0.669,0.663,0.657,0.653,0.681,0.674,0.672,0.661,0.67,0.645,0.652,0.662,0.659,0.639,0.671,0.653,0.654,0.669,0.666,0.691,0.696,0.706,0.675,0.654,0.671,0.648,0.644,0.67,0.663,0.671,0.678,0.679,0.689,0.68,0.664,0.686,0.67,0.659
0.3,0.356,0.361,0.395,0.409,0.42,0.447,0.474,0.497,0.526,0.57,0.577,0.591,0.619,0.616,0.615,0.629,0.641,0.659,0.641,0.635,0.671,0.67,0.643,0.637,0.66,0.639,0.668,0.682,0.678,0.687,0.696,0.681,0.672,0.654,0.654,0.628,0.643,0.662,0.639,0.631,0.665,0.657,0.646,0.652,0.661,0.673,0.668,0.667,0.683,0.678,0.685,0.668,0.666,0.674,0.715,0.686,0.669,0.659,0.682,0.668,0.675,0.649,0.653,0.689,0.665,0.676,0.658,0.664,0.662,0.673,0.672,0.676,0.677,0.664,0.674,0.639,0.628,0.662,0.663,0.641,0.641,0.637,0.643,0.677,0.649,0.662,0.659,0.649,0.65,0.655,0.671,0.646,0.682,0.686,0.667,0.647,0.679,0.662,0.696,0.674
0.3,0.36,0.397,0.431,0.473,0.494,0.507,0.538,0.534,0.563,0.585,0.595,0.61,0.619,0.643,0.64,0.649,0.653,0.634,0.653,0.654,0.645,0.635,0.64,0.644,0.652,0.666,0.659,0.637,0.629,0.664,0.663,0.661,0.649,0.665,0.671,0.67,0.683,0.689,0.681,0.681,0.661,0.648,0.659,0.656,0.642,0.668,0.679,0.677,0.665,0.676,0.67,0.693,0.679,0.654,0.657,0.662,0.638,0.665,0.681,0.667,0.655,0.67,0.678,0.673,0.682,0.684,0.651,0.668,0.668,0.665,0.697,0.69,0.692,0.692,0.676,0.686,0.665,0.648,0.662,0.654,0.671,0.672,0.671,0.664,0.64,0.667,0.655,0.68,0.675,0.661,0.669,0.659,0.655,0.648,0.654,0.66,0.661,0.66,0.664,0.663
0.3,0.349,0.358,0.37,0.397,0.426,0.448,0.495,0.513,0.556,0.563,0.577,0.602,0.612,0.613,0.617,0.631,0.642,0.626,0.659,0.668,0.668,0.664,0.671,0.647,0.648,0.659,0.662,0.645,0.655,0.663,0.643,0.653,0.646,0.668,0.658,0.676,0.679,0.651,0.664,0.643,0.634,0.645,0.662,0.668,0.663,0.687,0.671,0.668,0.653,0.658,0.658,0.679,0.674,0.655,0.657,0.685,0.692,0.669,0.665,0.676,0.668,0.655,0.639,0.672,0.664,0.641,0.656,0.671,0.693,0.688,0.673,0.692,0.679,0.674,0.661,0.673,0.667,0.666,0.66,0.675,0.664,0.635,0.654,0.645,0.645,0.643,0.66,0.651,0.653,0.657,0.641,0.668,0.642,0.651,0.657,0.652,0.663,0.655,0.651,0.667
0.3,0.352,0.408,0.416,0.438,0.459,0.497,0.492,0.525,0.536,0.551,0.553,0.594,0.595,0.616,0.611,0.64,0.627,0.647,0.669,0.674,0.681,0.665,0.668,0.648,0.659,0.626,0.639,0.668,0.664,0.672,0.661,0.657,0.668,0.679,0.677,0.682,0.679,0.668,0.659,0.665,0.664,0.671,0.649,0.669,0.669,0.676,0.652,0.646,0.645,0.669,0.659,0.666,0.671,0.675,0.672,0.677,0.669,0.674,0.668,0.661,0.66,0.664,0.678,0.669,0.675,0.667,0.663,0.659,0.664,0.664,0.68,0.667,0.661,0.665,0.646,0.639,0.65,0.659,0.69,0.67,0.667,0.67,0.677,0.67,0.641,0.653,0.626,0.627,0.653,0.634,0.647,0.641,0.628,0.64,0.644,0.657,0.673,0.653,0.645,0.672
0.3,0.326,0.353,0.375,0.398,0.413,0.44,0.449,0.481,0.515,0.532,0.524,0.567,0.587,0.613,0.599,0.616,0.634,0.632,0.643,0.657,0.631,0.656,0.644,0.646,0.652,0.667,0.638,0.634,0.654,0.674,0.647,0.648,0.642,0.666,0.653,0.634,0.664,0.644,0.671,0.665,0.673,0.645,0.629,0.653,0.645,0.653,0.662,0.671,0.664,0.638,0.643,0.617,0.64,0.645,0.653,0.637,0.65,0.656,0.649,0.639,0.657,0.702,0.685,0.684,0.674,0.653,0.667,0.646,0.648,0.667,0.666,0.649,0.664,0.665,0.675,0.644,0.681,0.642,0.655,0.653,0.66,0.672,0.663,0.673,0.658,0.652,0.666,0.656,0.658,0.646,0.658,0.664,0.658,0.658,0.655,0.656,0.667,0.669,0.651,0.681
0.3,0.336,0.387,0.417,0.436,0.452,0.45,0.488,0.504,0.523,0.552,0.551,0.556,0.592,0.617,0.609,0.619,0.64,0.619,0.653,0.645,0.653,0.633,0.661,0.659,0.653,0.656,0.643,0.678,0.672,0.682,0.67,0.687,0.674,0.693,0.668,0.648,0.653,0.669,0.659,0.674,0.651,0.638,0.646,0.677,0.663,0.66,0.639,0.666,0.662,0.659,0.65,0.658,0.635,0.649,0.658,0.652,0.638,0.678,0.673,0.693,0.692,0.672,0.698,0.679,0.653,0.635,0.654,0.643,0.651,0.633,0.632,0.659,0.666,0.658,0.663,0.672,0.658,0.651,0.657,0.654,0.68,0.674,0.663,0.673,0.67,0.658,0.683,0.656,0.672,0.672,0.698,0.684,0.664,0.674,0.674,0.67,0.668,0.656,0.639,0.645
0.3,0.332,0.368,0.365,0.403,0.424,0.442,0.476,0.488,0.509,0.521,0.542,0.571,0.562,0.603,0.605,0.62,0.639,0.656,0.648,0.615,0.625,0.627,0.642,0.639,0.642,0.669,0.682,0.676,0.675,0.652,0.675,0.65,0.66,0.648,0.649,0.659,0.669,0.697,0.659,0.697,0.703,0.668,0.664,0.657,0.635,0.641,0.645,0.643,0.649,0.672,0.68,0.668,0.658,0.671,0.676,0.692,0.684,0.689,0.687,0.662,0.679,0.647,0.646,0.649,0.65,0.649,0.654,0.625,0.65,0.671,0.654,0.675,0.67,0.667,0.657,0.663,0.647,0.65,0.648,0.65,0.624,0.651,0.637,0.65,0.641,0.661,0.683,0.653,0.681,0.668,0.659,0.665,0.652,0.668,0.667,0.643,0.657,0.676,0.669,0.658
0.3,0.332,0.362,0.392,0.409,0.418,0.448,0.489,0.511,0.548,0.566,0.567,0.603,0.61,0.62,0.612,0.661,0.66,0.644,0.671,0.668,0.654,0.673,0.684,0.673,0.678,0.67,0.668,0.66,0.669,0.673,0.678,0.637,0.661,0.664,0.679,0.655,0.672,0.665,0.658,0.659,0.638,0.664,0.665,0.64,0.639,0.65,0.634,0.658,0.658,0.648,0.646,0.648,0.63,0.64,0.613,0.629,0.637,0.622,0.632,0.656,0.681,0.665,0.668,0.644,0.649,0.643,0.674,0.677,0.686,0.68,0.642,0.652,0.651,0.65,0.635,0.659,0.636,0.672,0.647,0.65,0.661,0.677,0.68,0.671,0.664,0.676,0.657,0.646,0.643,0.653,0.656,0.666,0.676,0.69,0.677,0.671,0.674,0.672,0.643,0.655
0.3,0.332,0.366,0.406,0.425,0.462,0.474,0.481,0.507,0.52,0.551,0.561,0.572,0.591,0.592,0.6,0.589,0.602,0.63,0.627,0.638,0.635,0.642,0.64,0.637,0.655,0.669,0.677,0.649,0.636,0.647,0.663,0.659,0.655,0.66,0.671,0.69,0.666,0.665,0.662,0.644,0.669,0.669,0.702,0.677,0.686,0.69,0.674,0.658,0.643,0.668,0.679,0.68,0.66,0.661,0.66,0.65,0.647,0.652,0.657,0.669,0.678,0.674,0.677,0.661,0.657,0.649,0.649,0.633,0.647,0.641,0.661,0.628,0.643,0.659,0.657,0.667,0.655,0.634,0.656,0.671,0.674,0.655,0.654,0.657,0.666,0.658,0.645,0.676,0.664,0.672,0.68,0.668,0.671,0.644,0.676,0.643,0.674,0.664,0.634,0.627
0.3,0.334,0.367,0.394,0.425,0.436,0.465,0.49,0.5,0.541,0.571,0.543,0.575,0.604,0.597,0.603,0.603,0.619,0.634,0.652,0.647,0.658,0.664,0.653,0.659,0.652,0.652,0.639,0.638,0.623,0.655,0.655,0.647,0.661,0.675,0.628,0.625,0.648,0.673,0.641,0.668,0.655,0.654,0.645,0.644,0.637,0.67,0.667,0.648,0.658,0.665,0.647,0.666,0.653,0.659,0.65,0.659,0.669,0.655,0.661,0.675,0.654,0.663,0.691,0.666,0.682,0.671,0.669,0.662,0.663,0.673,0.664,0.684,0.664,0.64,0.646,0.649,0.637,0.627,0.669,0.633,0.642,0.644,0.656,0.659,0.675,0.653,0.672,0.674,0.664,0.632,0.673,0.677,0.659,0.675,0.695,0.662,0.675,0.658,0.667,0.672
0.3,0.336,0.36,0.4,0.417,0.434,0.444,0.481,0.498,0.522,0.563,0.579,0.585,0.591,0.604,0.627,0.654,0.641,0.638,0.638,0.648,0.661,0.666,0.665,0.669,0.65,0.627,0.647,0.655,0.615,0.632,0.643,0.671,0.66,0.673,0.659,0.657,0.65,0.664,0.657,0.635,0.649,0.67,0.668,0.664,0.669,0.67,0.677,0.656,0.685,0.655,0.665,0.666,0.664,0.667,0.673,0.67,0.663,0.654,0.672,0.648,0.644,0.646,0.639,0.632,0.639,0.667,0.668,0.658,0.657,0.651,0.665,0.693,0.67,0.638,0.646,0.623,0.633,0.651,0.645,0.663,0.662,0.642,0.653,0.686,0.66,0.681,0.693,0.687,0.687,0.688,0.68,0.671,0.661,0.652,0.638,0.652,0.651,0.648,0.646,0.645
0.3,0.358,0.402,0.432,0.466,0.468,0.484,0.493,0.496,0.541,0.561,0.578,0.591,0.6,0.618,0.626,0.631,0.638,0.635,0.631,0.636,0.642,0.631,0.655,0.659,0.661,0.651,0.661,0.655,0.651,0.643,0.661,0.669,0.653,0.7,0.683,0.665,0.649,0.654,0.647,0.664,0.669,0.664,0.689,0.692,0.672,0.663,0.673,0.672,0.67,0.667,0.657,0.664,0.689,0.687,0.671,0.675,0.668,0.666,0.672,0.668,0.674,0.664,0.664,0.661,0.673,0.675,0.649,0.655,0.677,0.696,0.666,0.665,0.641,0.652,0.654,0.65,0.667,0.655,0.672,0.656,0.651,0.648,0.642,0.633,0.645,0.657,0.651,0.687,0.69,0.668,0.658,0.671,0.672,0.68,0.666,0.668,0.682,0.652,0.66,0.653
0.3,0.344,0.361,0.4,0.44,0.454,0.467,0.5,0.518,0.517,0.528,0.561,0.584,0.579,0.588,0.566,0.606,0.602,0.609,0.621,0.657,0.648,0.663,0.64,0.672,0.662,0.647,0.653,0.641,0.642,0.652,0.642,0.646,0.679,0.661,0.643,0.65,0.668,0.658,0.636,0.653,0.649,0.664,0.658,0.668,0.68,0.649,0.668,0.676,0.678,0.683,0.69,0.673,0.654,0.645,0.655,0.654,0.664,0.659,0.663,0.649,0.655,0.67,0.651,0.65,0.634,0.655,0.668,0.673,0.663,0.679,0.657,0.655,0.672,0.663,0.67,0.678,0.673,0.682,0.646,0.668,0.647,0.654,0.635,0.656,0.689,0.682,0.661,0.669,0.643,0.656,0.646,0.626,0.654,0.663,0.668,0.658,0.661,0.663,0.681,0.672
0.3,0.327,0.377,0.383,0.416,0.449,0.468,0.46,0.516,0.556,0.555,0.568,0.582,0.594,0.609,0.626,0.644,0.624,0.63,0.629,0.655,0.631,0.648,0.647,0.663,0.681,0.664,0.657,0.652,0.629,0.634,0.642,0.631,0.628,0.659,0.672,0.66,0.664,0.671,0.652,0.663,0.644,0.647,0.681,0.668,0.67,0.69,0.677,0.66,0.67,0.644,0.657,0.646,0.642,0.657,0.647,0.637,0.656,0.655,0.655,0.657,0.661,0.674,0.643,0.653,0.635,0.665,0.648,0.667,0.679,0.68,0.676,0.676,0.66,0.654,0.652,0.672,0.679,0.654,0.657,0.684,0.649,0.642,0.643,0.64,0.633,0.651,0.675,0.658,0.645,0.632,0.664,0.639,0.626,0.648,0.648,0.618,0.656,0.623,0.637,0.638
0.3,0.338,0.37,0.414,0.419,0.445,0.477,0.463,0.493,0.511,0.547,0.541,0.578,0.595,0.591,0.603,0.611,0.609,0.645,0.644,0.655,0.652,0.653,0.648,0.667,0.665,0.659,0.645,0.631,0.642,0.634,0.656,0.671,0.654,0.664,0.652,0.667,0.662,0.671,0.671,0.683,0.674,0.66,0.664,0.671,0.66,0.656,0.638,0.653,0.66,0.638,0.667,0.654,0.674,0.658,0.659,0.684,0.668,0.652,0.672,0.673,0.664,0.659,0.681,0.675,0.663,0.652,0.644,0.688,0.684,0.664,0.66,0.653,0.648,0.649,0.674,0.667,0.656,0.636,0.662,0.66,0.689,0.701,0.701,0.667,0.685,0.684,0.66,0.679,0.677,0.662,0.666,0.666,0.66,0.668,0.657,0.668,0.664,0.691,0.669,0.676
0.3,0.347,0.364,0.401,0.432,0.443,0.462,0.477,0.517,0.545,0.559,0.555,0.567,0.562,0.576,0.591,0.596,0.61,0.623,0.624,0.661,0.657,0.656,0.675,0.672,0.659,0.68,0.663,0.676,0.643,0.655,0.664,0.685,0.656,0.669,0.691,0.666,0.674,0.672,0.63,0.649,0.636,0.687,0.678,0.678,0.686,0.683,0.704,0.661,0.658,0.654,0.649,0.649,0.672,0.671,0.664,0.646,0.65,0.653,0.652,0.65,0.653,0.652,0.658,0.637,0.639,0.65,0.674,0.661,0.655,0.655,0.629,0.643,0.646,0.643,0.656,0.669,0.68,0.666,0.664,0.655,0.658,0.653,0.661,0.636,0.642,0.648,0.661,0.668,0.68,0.655,0.662,0.668,0.659,0.652,0.638,0.664,0.676,0.682,0.683,0.677
0.3,0.36,0.389,0.386,0.428,0.437,0.452,0.486,0.534,0.551,0.564,0.583,0.599,0.591,0.606,0.604,0.629,0.655,0.626,0.647,0.653,0.657,0.625,0.666,0.672,0.652,0.633,0.647,0.668,0.658,0.65,0.657,0.616,0.637,0.655,0.638,0.626,0.629,0.649,0.645,0.637,0.661,0.654,0.657,0.67,0.677,0.673,0.684,0.678,0.671,0.67,0.659,0.654,0.671,0.687,0.646,0.66,0.688,0.673,0.662,0.659,0.656,0.663,0.664,0.667,0.651,0.642,0.644,0.674,0.673,0.674,0.68,0.666,0.667,0.678,0.676,0.642,0.675,0.657,0.669,0.687,0.685,0.648,0.673,0.652,0.652,0.645,0.666,0.65,0.663,0.681,0.662,0.646,0.659,0.657,0.643,0.641,0.643,0.659,0.687,0.686
0.3,0.342,0.375,0.394,0.427,0.444,0.462,0.504,0.516,0.521,0.523,0.546,0.561,0.589,0.606,0.601,0.632,0.626,0.613,0.633,0.635,0.649,0.645,0.658,0.653,0.64,0.673,0.675,0.67,0.654,0.673,0.659,0.653,0.675,0.683,0.698,0.68,0.683,0.683,0.676,0.674,0.654,0.655,0.673,0.651,0.66,0.651,0.676,0.673,0.658,0.624,0.634,0.624,0.63,0.632,0.668,0.675,0.658,0.668,0.656,0.655,0.651,0.669,0.642,0.665,0.665,0.66,0.672,0.663,0.68,0.666,0.665,0.653,0.639,0.66,0.651,0.654,0.663,0.65,0.67,0.646,0.627,0.644,0.684,0.661,0.636,0.693,0.65,0.637,0.664,0.667,0.677,0.677,0.663,0.658,0.688,0.663,0.665,0.668,0.672,0.668
0.3,0.346,0.378,0.416,0.457,0.466,0.476,0.515,0.517,0.542,0.533,0.559,0.567,0.587,0.584,0.605,0.631,0.629,0.62,0.617,0.656,0.621,0.632,0.633,0.655,0.661,0.644,0.667,0.67,0.648,0.643,0.664,0.625,0.662,0.647,0.647,0.65,0.65,0.666,0.648,0.669,0.643,0.647,0.658,0.65,0.659,0.667,0.648,0.679,0.662,0.651,0.632,0.629,0.641,0.643,0.646,0.659,0.641,0.676,0.659,0.671,0.651,0.651,0.661,0.667,0.661,0.648,0.664,0.645,0.666,0.66,0.674,0.671,0.655,0.641,0.651,0.64,0.657,0.674,0.689,0.655,0.665,0.659,0.66,0.646,0.655,0.668,0.669,0.684,0.658,0.644,0.634,0.641,0.636,0.674,0.644,0.688,0.667,0.667,0.662,0.639
0.3,0.324,0.376,0.4,0.42,0.457,0.468,0.482,0.506,0.519,0.52,0.544,0.583,0.575,0.584,0.597,0.613,0.613,0.637,0.629,0.639,0.639,0.651,0.634,0.646,0.642,0.653,0.631,0.662,0.655,0.651,0.674,0.695,0.669,0.662,0.652,0.649,0.671,0.676,0.672,0.675,0.657,0.641,0.624,0.622,0.634,0.643,0.647,0.651,0.654,0.66,0.667,0.67,0.673,0.656,0.651,0.66,0.668,0.666,0.669,0.668,0.661,0.646,0.65,0.67,0.69,0.676,0.676,0.678,0.688,0.687,0.662,0.671,0.66,0.669,0.651,0.661,0.684,0.671,0.648,0.642,0.657,0.656,0.647,0.668,0.662,0.666,0.648,0.647,0.648,0.641,0.663,0.671,0.683,0.662,0.666,0.675,0.656,0.663,0.657,0.671
0.3,0.365,0.396,0.413,0.432,0.475,0.517,0.542,0.529,0.559,0.585,0.591,0.617,0.605,0.626,0.639,0.627,0.627,0.652,0.639,0.653,0.66,0.647,0.657,0.653,0.686,0.676,0.643,0.65,0.639,0.666,0.651,0.655,0.668,0.655,0.65,0.662,0.651,0.654,0.645,0.666,0.662,0.649,0.66,0.665,0.652,0.658,0.665,0.655,0.675,0.665,0.66,0.648,0.632,0.655,0.639,0.662,0.647,0.632,0.642,0.619,0.651,0.652,0.656,0.653,0.665,0.65,0.664,0.652,0.652,0.644,0.659,0.66,0.663,0.662,0.652,0.648,0.669,0.658,0.686,0.677,0.656,0.664,0.657,0.649,0.635,0.637,0.646,0.651,0.638,0.647,0.635,0.618,0.628,0.659,0.665,0.665,0.67,0.659,0.661,0.627
0.3,0.322,0.375,0.4,0.435,0.45,0.474,0.474,0.492,0.52,0.539,0.544,0.568,0.563,0.575,0.579,0.599,0.623,0.619,0.623,0.623,0.649,0.634,0.613,0.617,0.665,0.67,0.657,0.672,0.638,0.667,0.653,0.665,0.684,0.672,0.673,0.639,0.67,0.673,0.661,0.67,0.649,0.674,0.651,0.647,0.669,0.655,0.673,0.646,0.639,0.653,0.686,0.66,0.631,0.646,0.638,0.659,0.663,0.654,0.645,0.646,0.64,0.677,0.686,0.69,0.661,0.659,0.646,0.646,0.651,0.665,0.671,0.662,0.674,0.679,0.655,0.657,0.677,0.649,0.667,0.67,0.658,0.674,0.692,0.665,0.665,0.677,0.676,0.675,0.655,0.658,0.656,0.653,0.634,0.666,0.648,0.619,0.623,0.63,0.66,0.654
0.3,0.336,0.365,0.409,0.42,0.428,0.457,0.483,0.511,0.53,0.56,0.573,0.588,0.606,0.618,0.617,0.626,0.655,0.661,0.666,0.65,0.654,0.633,0.631,0.66,0.659,0.673,0.658,0.646,0.643,0.634,0.631,0.635,0.644,0.66,0.636,0.653,0.635,0.636,0.627,0.634,0.643,0.646,0.64,0.66,0.66,0.649,0.651,0.655,0.656,0.653,0.67,0.659,0.664,0.633,0.648,0.646,0.662,0.662,0.684,0.706,0.672,0.645,0.643,0.636,0.64,0.652,0.661,0.653,0.652,0.655,0.662,0.661,0.65,0.667,0.674,0.68,0.662,0.646,0.688,0.685,0.689,0.664,0.681,0.673,0.681,0.684,0.691,0.673,0.665,0.667,0.675,0.668,0.683,0.649,0.655,0.646,0.648,0.642,0.637,0.633
0.3,0.372,0.4,0.406,0.444,0.46,0.477,0.495,0.517,0.537,0.56,0.573,0.586,0.629,0.627,0.648,0.646,0.656,0.662,0.65,0.664,0.665,0.648,0.671,0.654,0.625,0.648,0.653,0.654,0.647,0.647,0.663,0.64,0.677,0.666,0.667,0.659,0.664,0.679,0.675,0.691,0.658,0.668,0.668,0.679,0.657,0.661,0.683,0.682,0.7,0.681,0.662,0.664,0.673,0.68,0.657,0.66,0.65,0.637,0.649,0.642,0.639,0.644,0.661,0.659,0.649,0.662,0.698,0.691,0.702,0.677,0.675,0.667,0.645,0.644,0.652,0.671,0.665,0.657,0.653,0.675,0.657,0.678,0.653,0.664,0.66,0.675,0.65,0.667,0.697,0.698,0.671,0.663,0.68,0.67,0.669,0.657,0.672,0.663,0.663,0.65
0.3,0.353,0.385,0.413,0.433,0.451,0.485,0.504,0.531,0.554,0.558,0.581,0.596,0.59,0.622,0.618,0.628,0.62,0.634,0.652,0.637,0.67,0.635,0.65,0.634,0.657,0.636,0.647,0.66,0.681,0.668,0.676,0.681,0.661,0.652,0.66,0.66,0.636,0.668,0.67,0.669,0.658,0.698,0.661,0.687,0.665,0.659,0.643,0.658,0.676,0.657,0.668,0.653,0.626,0.64,0.644,0.675,0.659,0.653,0.638,0.658,0.663,0.659,0.66,0.672,0.67,0.678,0.681,0.68,0.656,0.663,0.67,0.687,0.652,0.66,0.649,0.649,0.64,0.652,0.652,0.662,0.662,0.676,0.653,0.651,0.639,0.639,0.655,0.668,0.695,0.683,0.664,0.659,0.663,0.671,0.686,0.697,0.678,0.652,0.658,0.639
0.3,0.367,0.384,0.392,0.442,0.451,0.466,0.49,0.514,0.52,0.514,0.557,0.569,0.596,0.615,0.607,0.607,0.634,0.608,0.621,0.651,0.643,0.658,0.65,0.649,0.636,0.617,0.647,0.633,0.646,0.639,0.639,0.668,0.643,0.645,0.654,0.653,0.673,0.647,0.651,0.653,0.657,0.652,0.644,0.66,0.661,0.664,0.681,0.678,0.646,0.661,0.669,0.652,0.688,0.69,0.673,0.677,0.665,0.656,0.632,0.646,0.65,0.634,0.652,0.662,0.653,0.659,0.673,0.683,0.682,0.662,0.671,0.66,0.668,0.637,0.658,0.68,0.664,0.646,0.646,0.647,0.682,0.692,0.674,0.678,0.665,0.68,0.672,0.677,0.671,0.679,0.68,0.666,0.664,0.673,0.655,0.653,0.66,0.661,0.654,0.665
0.3,0.321,0.347,0.381,0.408,0.425,0.437,0.479,0.481,0.515,0.556,0.546,0.572,0.59,0.606,0.607,0.625,0.638,0.649,0.661,0.645,0.654,0.65,0.649,0.635,0.616,0.638,0.656,0.64,0.642,0.628,0.65,0.653,0.658,0.671,0.668,0.684,0.673,0.664,0.658,0.651,0.661,0.67,0.672,0.685,0.638,0.638,0.636,0.646,0.652,0.657,0.653,0.628,0.644,0.665,0.658,0.683,0.656,0.667,0.678,0.678,0.66,0.656,0.65,0.657,0.675,0.658,0.671,0.677,0.672,0.655,0.658,0.675,0.679,0.666,0.668,0.663,0.676,0.701,0.689,0.703,0.689,0.684,0.666,0.669,0.68,0.706,0.686,0.683,0.694,0.686,0.671,0.669,0.673,0.67,0.664,0.658,0.678,0.684,0.659,0.665
0.3,0.352,0.394,0.411,0.446,0.476,0.477,0.494,0.519,0.534,0.558,0.576,0.594,0.6,0.61,0.599,0.612,0.621,0.651,0.62,0.648,0.651,0.635,0.652,0.678,0.68,0.66,0.636,0.634,0.668,0.647,0.66,0.67,0.652,0.656,0.65,0.645,0.659,0.646,0.651,0.664,0.678,0.697,0.689,0.674,0.677,0.657,0.652,0.628,0.639,0.642,0.653,0.665,0.659,0.64,0.671,0.668,0.665,0.653,0.671,0.652,0.671,0.662,0.655,0.659,0.651,0.67,0.65,0.669,0.661,0.676,0.681,0.658,0.658,0.692,0.665,0.651,0.648,0.666,0.671,0.686,0.69,0.67,0.664,0.657,0.672,0.663,0.632,0.644,0.643,0.653,0.65,0.663,0.656,0.672,0.676,0.68,0.68,0.666,0.654,0.664
0.3,0.333,0.369,0.374,0.408,0.423,0.476,0.498,0.53,0.557,0.572,0.546,0.566,0.586,0.59,0.634,0.643,0.618,0.602,0.619,0.611,0.651,0.644,0.634,0.671,0.665,0.672,0.645,0.655,0.643,0.659,0.685,0.674,0.672,0.676,0.676,0.665,0.672,0.65,0.632,0.666,0.663,0.663,0.663,0.646,0.655,0.683,0.681,0.666,0.678,0.679,0.689,0.669,0.647,0.653,0.663,0.656,0.664,0.652,0.657,0.678,0.64,0.636,0.64,0.639,0.654,0.656,0.671,0.675,0.655,0.666,0.643,0.648,0.652,0.657,0.671,0.658,0.667,0.681,0.673,0.672,0.677,0.649,0.638,0.647,0.649,0.661,0.649,0.644,0.651,0.636,0.659,0.652,0.648,0.663,0.659,0.671,0.641,0.66,0.638,0.645
0.3,0.353,0.371,0.397,0.411,0.454,0.489,0.506,0.515,0.528,0.539,0.581,0.583,0.592,0.609,0.608,0.632,0.62,0.645,0.655,0.673,0.671,0.626,0.65,0.649,0.643,0.654,0.642,0.657,0.68,0.66,0.655,0.658,0.674,0.662,0.68,0.658,0.676,0.641,0.673,0.635,0.675,0.655,0.688,0.68,0.679,0.689,0.695,0.683,0.669,0.686,0.686,0.663,0.663,0.651,0.641,0.654,0.648,0.681,0.656,0.652,0.648,0.654,0.667,0.665,0.667,0.653,0.647,0.665,0.668,0.666,0.674,0.661,0.661,0.654,0.665,0.632,0.669,0.669,0.648,0.645,0.65,0.645,0.643,0.656,0.667,0.657,0.649,0.673,0.699,0.691,0.658,0.682,0.662,0.652,0.65,0.666,0.651,0.654,0.685,0.682
0.3,0.336,0.387,0.42,0.431,0.458,0.5,0.504,0.531,0.539,0.563,0.591,0.598,0.604,0.641,0.649,0.646,0.644,0.651,0.638,0.622,0.635,0.639,0.663,0.666,0.674,0.672,0.662,0.649,0.652,0.67,0.672,0.673,0.657,0.671,0.667,0.669,0.665,0.656,0.659,0.66,0.635,0.643,0.642,0.651,0.669,0.65,0.67,0.68,0.674,0.668,0.658,0.664,0.664,0.672,0.672,0.65,0.661,0.674,0.663,0.659,0.637,0.655,0.655,0.644,0.671,0.667,0.675,0.662,0.656,0.632,0.65,0.647,0.652,0.657,0.658,0.654,0.654,0.678,0.669,0.673,0.674,0.649,0.644,0.644,0.655,0.671,0.649,0.676,0.672,0.699,0.663,0.662,0.668,0.652,0.676,0.673,0.683,0.672,0.667,0.689
0.3,0.363,0.404,0.419,0.446,0.47,0.48,0.491,0.513,0.526,0.532,0.555,0.592,0.594,0.585,0.619,0.641,0.649,0.635,0.649,0.652,0.651,0.675,0.673,0.655,0.635,0.644,0.652,0.654,0.632,0.648,0.644,0.647,0.673,0.655,0.654,0.654,0.647,0.659,0.65,0.651,0.649,0.652,0.647,0.649,0.652,0.668,0.664,0.677,0.662,0.69,0.647,0.674,0.662,0.678,0.671,0.666,0.644,0.648,0.646,0.658,0.649,0.651,0.663,0.67,0.655,0.672,0.707,0.67,0.667,0.656,0.657,0.668,0.675,0.669,0.656,0.667,0.676,0.68,0.655,0.672,0.659,0.642,0.627,0.633,0.641,0.649,0.636,0.646,0.646,0.669,0.664,0.674,0.698,0.682,0.667,0.68,0.695,0.67,0.66,0.67
0.3,0.345,0.397,0.418,0.447,0.488,0.514,0.521,0.55,0.584,0.582,0.622,0.606,0.613,0.64,0.633,0.635,0.618,0.668,0.665,0.654,0.65,0.63,0.646,0.671,0.639,0.617,0.638,0.634,0.641,0.669,0.668,0.646,0.67,0.661,0.661,0.669,0.656,0.656,0.644,0.655,0.661,0.675,0.648,0.657,0.654,0.647,0.668,0.667,0.647,0.653,0.654,0.686,0.681,0.681,0.642,0.677,0.692,0.664,0.66,0.692,0.676,0.676,0.67,0.659,0.663,0.666,0.66,0.664,0.682,0.681,0.695,0.671,0.675,0.668,0.662,0.669,0.668,0.642,0.643,0.656,0.646,0.664,0.677,0.674,0.664,0.647,0.638,0.645,0.658,0.676,0.66,0.677,0.667,0.659,0.653,0.647,0.679,0.659,0.645,0.652
0.3,0.331,0.364,0.394,0.42,0.448,0.462,0.458,0.472,0.5,0.54,0.547,0.586,0.591,0.594,0.606,0.636,0.658,0.643,0.667,0.646,0.655,0.662,0.668,0.671,0.677,0.669,0.653,0.68,0.667,0.678,0.673,0.673,0.67,0.688,0.687,0.659,0.675,0.671,0.673,0.669,0.684,0.706,0.664,0.645,0.668,0.665,0.69,0.685,0.674,0.644,0.655,0.662,0.651,0.67,0.668,0.667,0.662,0.651,0.65,0.659,0.666,0.659,0.66,0.643,0.637,0.646,0.649,0.654,0.654,0.65,0.671,0.666,0.66,0.652,0.669,0.657,0.663,0.652,0.655,0.657,0.674,0.678,0.65,0.668,0.657,0.654,0.687,0.672,0.677,0.667,0.659,0.65,0.662,0.67,0.65,0.67,0.667,0.659,0.679,0.664
0.3,0.345,0.381,0.43,0.433,0.449,0.485,0.523,0.536,0.554,0.566,0.545,0.564,0.568,0.591,0.616,0.631,0.638,0.653,0.643,0.633,0.641,0.662,0.661,0.686,0.667,0.677,0.679,0.682,0.668,0.659,0.683,0.658,0.668,0.657,0.656,0.661,0.677,0.662,0.657,0.658,0.658,0.634,0.659,0.654,0.653,0.658,0.668,0.65,0.661,0.643,0.666,0.648,0.657,0.679,0.671,0.674,0.685,0.694,0.696,0.679,0.682,0.652,0.662,0.685,0.69,0.68,0.681,0.681,0.656,0.659,0.668,0.678,0.671,0.677,0.698,0.696,0.668,0.687,0.661,0.669,0.678,0.675,0.674,0.682,0.66,0.665,0.673,0.671,0.664,0.681,0.661,0.631,0.641,0.646,0.652,0.639,0.656,0.655,0.644,0.628
0.3,0.322,0.342,0.374,0.404,0.433,0.446,0.488,0.518,0.526,0.526,0.54,0.563,0.572,0.589,0.587,0.607,0.614,0.647,0.651,0.631,0.627,0.637,0.667,0.682,0.667,0.682,0.675,0.656,0.643,0.649,0.647,0.658,0.672,0.667,0.654,0.647,0.648,0.632,0.641,0.636,0.666,0.648,0.668,0.659,0.65,0.628,0.624,0.644,0.641,0.66,0.665,0.682,0.672,0.667,0.684,0.67,0.671,0.67,0.675,0.657,0.659,0.655,0.654,0.67,0.653,0.67,0.642,0.656,0.643,0.667,0.657,0.691,0.657,0.67,0.643,0.675,0.65,0.67,0.642,0.661,0.673,0.673,0.673,0.654,0.667,0.659,0.667,0.665,0.687,0.66,0.688,0.694,0.651,0.653,0.652,0.636,0.645,0.664,0.653,0.676
0.3,0.345,0.366,0.406,0.422,0.454,0.451,0.483,0.491,0.505,0.531,0.564,0.578,0.585,0.604,0.62,0.621,0.647,0.656,0.66,0.663,0.641,0.658,0.662,0.658,0.652,0.663,0.679,0.671,0.681,0.673,0.657,0.657,0.648,0.675,0.651,0.655,0.656,0.637,0.639,0.643,0.643,0.664,0.675,0.659,0.664,0.664,0.662,0.657,0.648,0.662,0.662,0.67,0.684,0.674,0.651,0.654,0.657,0.665,0.641,0.646,0.669,0.664,0.624,0.65,0.645,0.672,0.636,0.653,0.622,0.627,0.639,0.664,0.672,0.659,0.648,0.66,0.658,0.651,0.674,0.679,0.669,0.658,0.646,0.656,0.651,0.661,0.668,0.677,0.671,0.66,0.645,0.675,0.667,0.671,0.677,0.67,0.672,0.667,0.637,0.646
0.3,0.356,0.386,0.406,0.442,0.472,0.496,0.507,0.54,0.541,0.561,0.584,0.618,0.616,0.622,0.626,0.657,0.668,0.648,0.645,0.656,0.671,0.668,0.682,0.66,0.656,0.662,0.668,0.67,0.669,0.668,0.665,0.642,0.633,0.65,0.664,0.664,0.673,0.669,0.671,0.677,0.673,0.67,0.671,0.634,0.646,0.646,0.632,0.658,0.668,0.672,0.674,0.66,0.688,0.685,0.646,0.648,0.618,0.631,0.656,0.636,0.654,0.668,0.631,0.657,0.669,0.676,0.674,0.643,0.662,0.665,0.627,0.652,0.631,0.645,0.634,0.655,0.662,0.66,0.648,0.659,0.675,0.654,0.654,0.677,0.683,0.699,0.685,0.674,0.677,0.679,0.662,0.651,0.667,0.647,0.664,0.657,0.639,0.644,0.651,0.661
0.3,0.351,0.379,0.418,0.452,0.449,0.477,0.49,0.522,0.551,0.551,0.582,0.556,0.56,0.578,0.592,0.614,0.621,0.625,0.628,0.647,0.631,0.66,0.661,0.647,0.628,0.646,0.663,0.663,0.668,0.665,0.665,0.655,0.689,0.658,0.67,0.644,0.645,0.65,0.651,0.685,0.671,0.669,0.642,0.665,0.677,0.661,0.649,0.675,0.666,0.651,0.66,0.693,0.678,0.687,0.676,0.677,0.693,0.679,0.67,0.67,0.668,0.663,0.662,0.677,0.668,0.663,0.684,0.677,0.643,0.653,0.664,0.661,0.658,0.674,0.678,0.678,0.669,0.677,0.663,0.676,0.657,0.665,0.652,0.658,0.664,0.676,0.669,0.656,0.636,0.637,0.643,0.63,0.646,0.654,0.636,0.66,0.639,0.668,0.665,0.656
0.3,0.343,0.354,0.415,0.428,0.448,0.467,0.516,0.533,0.565,0.563,0.595,0.606,0.628,0.632,0.648,0.643,0.662,0.658,0.662,0.677,0.657,0.663,0.645,0.62,0.624,0.635,0.627,0.625,0.622,0.651,0.66,0.671,0.67,0.663,0.651,0.662,0.668,0.647,0.645,0.671,0.661,0.66,0.656,0.641,0.631,0.62,0.628,0.647,0.656,0.661,0.652,0.658,0.666,0.65,0.667,0.659,0.676,0.652,0.658,0.659,0.67,0.672,0.66,0.667,0.655,0.677,0.681,0.702,0.699,0.683,0.678,0.668,0.665,0.626,0.634,0.651,0.662,0.652,0.685,0.642,0.632,0.641,0.662,0.658,0.659,0.678,0.635,0.631,0.641,0.656,0.677,0.645,0.648,0.66,0.67,0.644,0.644,0.641,0.65,0.667
0.3,0.36,0.392,0.414,0.449,0.462,0.472,0.502,0.503,0.51,0.545,0.565,0.56,0.587,0.6,0.605,0.617,0.617,0.616,0.609,0.624,0.634,0.624,0.653,0.693,0.676,0.654,0.672,0.676,0.686,0.658,0.681,0.66,0.69,0.653,0.662,0.695,0.669,0.666,0.654,0.67,0.664,0.653,0.653,0.663,0.65,0.675,0.649,0.65,0.641,0.656,0.664,0.65,0.647,0.652,0.639,0.663,0.656,0.64,0.659,0.635,0.647,0.656,0.667,0.666,0.661,0.635,0.642,0.647,0.657,0.639,0.637,0.641,0.681,0.657,0.655,0.639,0.645,0.675,0.669,0.686,0.675,0.66,0.677,0.691,0.682,0.696,0.668,0.673,0.678,0.648,0.647,0.651,0.65,0.634,0.653,0.648,0.671,0.657,0.661,0.64
0.3,0.349,0.366,0.372,0.398,0.43,0.459,0.487,0.498,0.523,0.573,0.58,0.59,0.601,0.614,0.619,0.652,0.638,0.641,0.658,0.658,0.678,0.669,0.683,0.662,0.674,0.651,0.659,0.671,0.653,0.66,0.658,0.656,0.64,0.644,0.639,0.667,0.641,0.649,0.662,0.654,0.657,0.677,0.658,0.651,0.656,0.655,0.642,0.642,0.63,0.657,0.649,0.662,0.665,0.665,0.667,0.65,0.65,0.664,0.642,0.661,0.669,0.663,0.678,0.67,0.674,0.675,0.66,0.666,0.648,0.659,0.679,0.664,0.696,0.686,0.642,0.671,0.681,0.69,0.681,0.661,0.668,0.676,0.683,0.659,0.644,0.669,0.668,0.657,0.657,0.669,0.674,0.677,0.654,0.658,0.642,0.659,0.66,0.68,0.686,0.671
0.3,0.327,0.362,0.375,0.403,0.411,0.424,0.444,0.463,0.48,0.517,0.552,0.581,0.593,0.602,0.609,0.607,0.628,0.63,0.646,0.634,0.644,0.639,0.652,0.68,0.667,0.666,0.66,0.672,0.677,0.666,0.656,0.66,0.661,0.644,0.667,0.672,0.668,0.682,0.648,0.633,0.657,0.655,0.652,0.644,0.649,0.664,0.655,0.675,0.662,0.661,0.649,0.663,0.659,0.689,0.672,0.66,0.659,0.654,0.665,0.654,0.649,0.646,0.66,0.653,0.636,0.635,0.64,0.664,0.687,0.644,0.654,0.665,0.649,0.631,0.655,0.649,0.681,0.654,0.673,0.653,0.694,0.667,0.66,0.667,0.673,0.663,0.646,0.656,0.627,0.641,0.647,0.659,0.685,0.691,0.686,0.692,0.691,0.69,0.687,0.674
0.3,0.359,0.392,0.407,0.418,0.44,0.467,0.481,0.49,0.506,0.55,0.573,0.571,0.586,0.59,0.592,0.601,0.63,0.648,0.649,0.629,0.649,0.657,0.69,0.665,0.667,0.662,0.648,0.685,0.669,0.674,0.673,0.673,0.674,0.678,0.653,0.654,0.655,0.64,0.677,0.67,0.685,0.663,0.671,0.646,0.636,0.659,0.641,0.656,0.647,0.66,0.661,0.669,0.656,0.672,0.664,0.669,0.709,0.687,0.711,0.733,0.705,0.695,0.68,0.653,0.658,0.649,0.653,0.66,0.65,0.667,0.655,0.665,0.664,0.668,0.693,0.686,0.652,0.65,0.654,0.652,0.641,0.658,0.676,0.663,0.67,0.687,0.674,0.665,0.663,0.666,0.643,0.637,0.645,0.641,0.65,0.645,0.641,0.665,0.681,0.677
0.3,0.329,0.353,0.398,0.42,0.444,0.438,0.466,0.494,0.531,0.547,0.553,0.544,0.551,0.576,0.581,0.602,0.637,0.642,0.624,0.659,0.659,0.64,0.657,0.628,0.63,0.657,0.649,0.65,0.65,0.654,0.623,0.677,0.669,0.677,0.665,0.66,0.64,0.641,0.635,0.616,0.63,0.633,0.655,0.669,0.682,0.673,0.667,0.663,0.644,0.639,0.646,0.658,0.657,0.668,0.659,0.637,0.646,0.658,0.665,0.666,0.671,0.66,0.65,0.64,0.652,0.656,0.66,0.657,0.657,0.666,0.646,0.649,0.676,0.691,0.672,0.666,0.681,0.679,0.687,0.694,0.677,0.664,0.664,0.667,0.654,0.653,0.676,0.671,0.664,0.666,0.648,0.65,0.653,0.653,0.623,0.65,0.652,0.646,0.65,0.653
0.3,0.376,0.376,0.394,0.421,0.443,0.481,0.509,0.517,0.531,0.552,0.529,0.562,0.595,0.595,0.608,0.611,0.635,0.637,0.658,0.645,0.656,0.634,0.632,0.645,0.654,0.657,0.648,0.64,0.662,0.655,0.646,0.647,0.652,0.645,0.646,0.673,0.683,0.665,0.685,0.657,0.679,0.682,0.639,0.67,0.669,0.671,0.678,0.654,0.652,0.663,0.664,0.682,0.676,0.669,0.679,0.663,0.679,0.684,0.661,0.683,0.668,0.695,0.691,0.656,0.662,0.663,0.665,0.67,0.669,0.66,0.673,0.659,0.691,0.694,0.682,0.675,0.667,0.671,0.629,0.652,0.679,0.677,0.66,0.656,0.647,0.682,0.667,0.678,0.671,0.681,0.662,0.694,0.684,0.661,0.672,0.668,0.682,0.677,0.679,0.677
0.3,0.353,0.383,0.389,0.439,0.452,0.47,0.49,0.528,0.538,0.525,0.54,0.562,0.581,0.57,0.597,0.589,0.618,0.627,0.622,0.655,0.626,0.647,0.645,0.658,0.639,0.666,0.666,0.666,0.662,0.646,0.658,0.659,0.648,0.65,0.66,0.68,0.673,0.662,0.676,0.684,0.662,0.662,0.687,0.683,0.636,0.664,0.668,0.685,0.664,0.66,0.673,0.671,0.649,0.665,0.666,0.675,0.658,0.65,0.641,0.645,0.642,0.652,0.655,0.649,0.652,0.673,0.66,0.656,0.661,0.674,0.66,0.663,0.641,0.666,0.651,0.654,0.631,0.65,0.632,0.64,0.656,0.651,0.669,0.676,0.67,0.695,0.667,0.647,0.648,0.646,0.66,0.664,0.653,0.665,0.676,0.67,0.68,0.654,0.631,0.653
0.3,0.344,0.375,0.394,0.389,0.416,0.457,0.496,0.521,0.532,0.517,0.551,0.589,0.579,0.604,0.598,0.612,0.612,0.621,0.642,0.652,0.643,0.63,0.644,0.63,0.659,0.65,0.662,0.643,0.658,0.647,0.659,0.642,0.634,0.652,0.671,0.635,0.671,0.684,0.658,0.652,0.661,0.667,0.638,0.649,0.659,0.677,0.671,0.664,0.671,0.661,0.677,0.663,0.672,0.676,0.667,0.663,0.668,0.668,0.648,0.661,0.666,0.679,0.675,0.672,0.685,0.668,0.692,0.708,0.667,0.66,0.66,0.677,0.678,0.666,0.671,0.708,0.697,0.692,0.691,0.663,0.686,0.665,0.636,0.663,0.675,0.67,0.648,0.666,0.657,0.659,0.659,0.633,0.658,0.653,0.666,0.656,0.685,0.675,0.668,0.633
0.3,0.337,0.39,0.408,0.424,0.447,0.46,0.505,0.525,0.544,0.568,0.602,0.588,0.62,0.633,0.614,0.619,0.619,0.62,0.626,0.625,0.636,0.637,0.625,0.628,0.663,0.653,0.658,0.649,0.654,0.638,0.661,0.646,0.644,0.636,0.644,0.621,0.63,0.651,0.665,0.647,0.661,0.676,0.657,0.699,0.692,0.687,0.675,0.68,0.673,0.67,0.674,0.664,0.657,0.666,0.687,0.667,0.671,0.658,0.654,0.68,0.628,0.662,0.648,0.661,0.674,0.668,0.658,0.661,0.64,0.655,0.649,0.658,0.643,0.641,0.66,0.645,0.653,0.666,0.654,0.652,0.644,0.664,0.655,0.665,0.666,0.679,0.676,0.664,0.673,0.666,0.658,0.684,0.676,0.687,0.68,0.669,0.676,0.668,0.677,0.681
0.3,0.35,0.415,0.423,0.415,0.434,0.48,0.5,0.509,0.519,0.568,0.588,0.595,0.596,0.613,0.605,0.626,0.629,0.634,0.648,0.664,0.678,0.667,0.669,0.664,0.669,0.648,0.641,0.645,0.629,0.658,0.643,0.662,0.675,0.663,0.672,0.69,0.692,0.677,0.671,0.676,0.694,0.665,0.695,0.677,0.664,0.667,0.658,0.645,0.629,0.636,0.653,0.677,0.663,0.649,0.646,0.681,0.67,0.667,0.659,0.638,0.634,0.627,0.656,0.655,0.658,0.671,0.668,0.657,0.672,0.649,0.676,0.672,0.653,0.642,0.654,0.667,0.649,0.662,0.647,0.645,0.668,0.667,0.664,0.692,0.676,0.65,0.666,0.668,0.666,0.655,0.675,0.652,0.659,0.654,0.636,0.647,0.655,0.651,0.649,0.658
0.3,0.333,0.381,0.396,0.446,0.427,0.468,0.488,0.489,0.532,0.568,0.588,0.583,0.618,0.619,0.641,0.65,0.649,0.614,0.663,0.668,0.672,0.66,0.65,0.637,0.662,0.673,0.689,0.663,0.654,0.652,0.669,0.673,0.67,0.662,0.659,0.661,0.667,0.67,0.681,0.668,0.661,0.654,0.671,0.661,0.673,0.677,0.668,0.666,0.658,0.667,0.656,0.669,0.682,0.673,0.662,0.666,0.674,0.668,0.648,0.67,0.67,0.642,0.632,0.666,0.656,0.666,0.642,0.658,0.645,0.661,0.682,0.681,0.681,0.673,0.681,0.666,0.655,0.668,0.677,0.67,0.65,0.649,0.669,0.661,0.656,0.669,0.657,0.646,0.65,0.67,0.663,0.641,0.657,0.666,0.66,0.631,0.664,0.668,0.666,0.679
0.3,0.342,0.384,0.422,0.446,0.479,0.488,0.531,0.526,0.558,0.575,0.593,0.598,0.624,0.632,0.648,0.63,0.638,0.657,0.665,0.656,0.667,0.653,0.661,0.659,0.649,0.671,0.642,0.655,0.66,0.664,0.658,0.675,0.661,0.652,0.657,0.681,0.679,0.679,0.671,0.652,0.671,0.684,0.665,0.648,0.656,0.658,0.652,0.672,0.675,0.681,0.652,0.648,0.671,0.671,0.661,0.635,0.672,0.652,0.676,0.674,0.653,0.653,0.674,0.652,0.669,0.655,0.664,0.678,0.679,0.672,0.666,0.641,0.665,0.636,0.658,0.654,0.65,0.641,0.647,0.65,0.682,0.671,0.677,0.657,0.631,0.662,0.655,0.661,0.675,0.671,0.645,0.648,0.654,0.654,0.64,0.629,0.641,0.691,0.683,0.673
0.3,0.351,0.393,0.432,0.468,0.491,0.502,0.511,0.536,0.571,0.588,0.626,0.617,0.609,0.617,0.643,0.644,0.662,0.65,0.642,0.663,0.662,0.66,0.669,0.688,0.676,0.687,0.685,0.668,0.643,0.68,0.69,0.675,0.671,0.657,0.659,0.644,0.651,0.677,0.672,0.691,0.69,0.668,0.687,0.685,0.675,0.657,0.667,0.649,0.634,0.634,0.645,0.677,0.67,0.663,0.668,0.681,0.644,0.657,0.662,0.662,0.64,0.639,0.653,0.653,0.634,0.636,0.629,0.665,0.649,0.646,0.656,0.671,0.665,0.676,0.677,0.639,0.646,0.658,0.641,0.642,0.642,0.631,0.653,0.666,0.66,0.649,0.65,0.666,0.666,0.659,0.673,0.656,0.618,0.648,0.663,0.663,0.651,0.66,0.674,0.66
0.3,0.357,0.373,0.398,0.439,0.457,0.492,0.509,0.549,0.56,0.58,0.578,0.591,0.594,0.602,0.636,0.631,0.61,0.632,0.635,0.635,0.647,0.651,0.646,0.633,0.654,0.654,0.65,0.645,0.635,0.617,0.655,0.642,0.649,0.658,0.671,0.681,0.666,0.676,0.653,0.668,0.659,0.642,0.681,0.648,0.645,0.621,0.636,0.625,0.647,0.638,0.655,0.663,0.652,0.682,0.651,0.635,0.665,0.661,0.653,0.648,0.623,0.645,0.639,0.665,0.666,0.666,0.669,0.671,0.682,0.661,0.667,0.652,0.658,0.663,0.68,0.667,0.65,0.673,0.667,0.654,0.655,0.644,0.641,0.638,0.648,0.647,0.672,0.684,0.66,0.665,0.654,0.66,0.673,0.693,0.655,0.663,0.664,0.659,0.674,0.684
0.3,0.342,0.372,0.393,0.434,0.445,0.485,0.489,0.51,0.534,0.549,0.604,0.592,0.621,0.617,0.629,0.655,0.661,0.661,0.652,0.675,0.643,0.647,0.671,0.65,0.667,0.649,0.654,0.641,0.656,0.673,0.691,0.692,0.653,0.7,0.659,0.665,0.65,0.651,0.652,0.661,0.665,0.667,0.663,0.681,0.675,0.68,0.669,0.674,0.665,0.669,0.641,0.62,0.63,0.653,0.655,0.639,0.671,0.67,0.647,0.679,0.65,0.67,0.675,0.671,0.67,0.639,0.661,0.645,0.651,0.639,0.629,0.649,0.655,0.65,0.652,0.674,0.672,0.673,0.67,0.669,0.641,0.628,0.641,0.636,0.647,0.658,0.647,0.657,0.647,0.67,0.676,0.672,0.672,0.674,0.674,0.647,0.658,0.649,0.635,0.659
0.3,0.33,0.349,0.379,0.409,0.436,0.489,0.491,0.511,0.542,0.539,0.559,0.572,0.591,0.589,0.603,0.615,0.62,0.637,0.628,0.628,0.637,0.654,0.663,0.652,0.668,0.659,0.667,0.627,0.67,0.673,0.68,0.669,0.671,0.655,0.658,0.656,0.675,0.664,0.653,0.687,0.677,0.68,0.667,0.679,0.666,0.692,0.678,0.653,0.662,0.674,0.655,0.655,0.667,0.679,0.689,0.669,0.68,0.654,0.673,0.663,0.653,0.65,0.668,0.645,0.672,0.659,0.658,0.621,0.646,0.657,0.666,0.654,0.625,0.642,0.659,0.676,0.661,0.661,0.672,0.673,0.65,0.661,0.682,0.675,0.672,0.676,0.676,0.659,0.671,0.68,0.683,0.656,0.646,0.66,0.675,0.652,0.642,0.649,0.686,0.663
0.3,0.339,0.364,0.374,0.414,0.453,0.467,0.486,0.505,0.517,0.55,0.586,0.574,0.607,0.631,0.609,0.604,0.616,0.626,0.639,0.629,0.659,0.689,0.687,0.676,0.684,0.653,0.665,0.637,0.662,0.669,0.684,0.681,0.674,0.67,0.654,0.654,0.669,0.68,0.663,0.648,0.663,0.653,0.674,0.68,0.64,0.632,0.632,0.664,0.629,0.66,0.678,0.646,0.627,0.653,0.653,0.673,0.678,0.661,0.668,0.651,0.658,0.657,0.656,0.648,0.667,0.657,0.676,0.669,0.675,0.665,0.66,0.663,0.678,0.671,0.651,0.652,0.671,0.664,0.663,0.655,0.672,0.673,0.653,0.656,0.669,0.66,0.658,0.665,0.636,0.644,0.619,0.647,0.666,0.688,0.688,0.677,0.676,0.655,0.681,0.687
0.3,0.342,0.382,0.408,0.44,0.47,0.485,0.507,0.546,0.577,0.588,0.575,0.601,0.611,0.627,0.613,0.646,0.652,0.652,0.64,0.657,0.657,0.65,0.644,0.631,0.645,0.637,0.65,0.647,0.672,0.667,0.691,0.67,0.656,0.689,0.671,0.655,0.678,0.665,0.66,0.642,0.628,0.635,0.635,0.639,0.652,0.653,0.655,0.671,0.677,0.665,0.631,0.649,0.674,0.653,0.662,0.682,0.67,0.641,0.639,0.654,0.641,0.649,0.653,0.666,0.675,0.673,0.667,0.653,0.677,0.677,0.676,0.678,0.654,0.655,0.655,0.676,0.653,0.669,0.654,0.642,0.654,0.653,0.656,0.657,0.631,0.635,0.633,0.659,0.661,0.633,0.654,0.658,0.658,0.645,0.662,0.633,0.624,0.627,0.619,0.663
0.3,0.322,0.377,0.401,0.415,0.455,0.489,0.504,0.523,0.552,0.552,0.558,0.575,0.601,0.611,0.617,0.625,0.623,0.619,0.654,0.644,0.656,0.646,0.663,0.647,0.65,0.64,0.63,0.628,0.642,0.627,0.625,0.661,0.646,0.656,0.636,0.667,0.658,0.661,0.678,0.671,0.644,0.649,0.665,0.675,0.664,0.649,0.65,0.664,0.636,0.652,0.643,0.648,0.68,0.651,0.648,0.663,0.647,0.662,0.642,0.664,0.691,0.681,0.653,0.676,0.684,0.672,0.671,0.658,0.646,0.656,0.655,0.654,0.67,0.657,0.639,0.672,0.653,0.671,0.694,0.694,0.678,0.667,0.653,0.648,0.654,0.676,0.672,0.67,0.665,0.658,0.668,0.674,0.677,0.675,0.656,0.66,0.65,0.663,0.661,0.661
0.3,0.347,0.374,0.395,0.422,0.434,0.459,0.475,0.499,0.539,0.569,0.57,0.596,0.593,0.617,0.616,0.629,0.623,0.611,0.63,0.619,0.648,0.639,0.623,0.621,0.625,0.626,0.639,0.645,0.652,0.644,0.64,0.655,0.654,0.637,0.659,0.671,0.646,0.639,0.661,0.65,0.648,0.633,0.627,0.658,0.669,0.666,0.669,0.664,0.668,0.674,0.673,0.664,0.649,0.646,0.656,0.673,0.685,0.691,0.653,0.651,0.644,0.655,0.661,0.683,0.676,0.681,0.664,0.69,0.694,0.662,0.654,0.664,0.658,0.652,0.657,0.66,0.663,0.659,0.662,0.667,0.667,0.68,0.669,0.675,0.658,0.657,0.628,0.656,0.689,0.655,0.675,0.646,0.641,0.643,0.662,0.657,0.657,0.637,0.64,0.634
0.3,0.341,0.379,0.416,0.436,0.452,0.486,0.505,0.539,0.554,0.56,0.57,0.586,0.622,0.626,0.637,0.663,0.658,0.659,0.615,0.639,0.65,0.685,0.673,0.658,0.674,0.646,0.658,0.662,0.658,0.672,0.651,0.667,0.677,0.666,0.65,0.656,0.659,0.653,0.643,0.662,0.675,0.668,0.633,0.656,0.656,0.636,0.653,0.628,0.643,0.659,0.635,0.656,0.655,0.655,0.667,0.64,0.647,0.651,0.681,0.662,0.664,0.665,0.664,0.656,0.643,0.649,0.686,0.674,0.649,0.668,0.646,0.649,0.665,0.668,0.668,0.674,0.678,0.694,0.696,0.673,0.669,0.676,0.67,0.671,0.665,0.676,0.649,0.666,0.651,0.661,0.66,0.652,0.639,0.645,0.65,0.645,0.632,0.64,0.649,0.655
0.3,0.342,0.389,0.39,0.42,0.446,0.449,0.485,0.522,0.559,0.54,0.544,0.595,0.588,0.59,0.602,0.621,0.629,0.63,0.648,0.652,0.673,0.656,0.649,0.659,0.677,0.646,0.657,0.668,0.653,0.664,0.664,0.681,0.651,0.674,0.659,0.653,0.663,0.673,0.649,0.674,0.651,0.661,0.668,0.652,0.675,0.65,0.622,0.646,0.64,0.653,0.667,0.664,0.678,0.66,0.683,0.684,0.667,0.663,0.656,0.644,0.663,0.647,0.658,0.639,0.669,0.673,0.66,0.662,0.665,0.675,0.653,0.654,0.662,0.662,0.673,0.656,0.606,0.645,0.668,0.657,0.656,0.662,0.662,0.692,0.662,0.644,0.655,0.665,0.671,0.646,0.679,0.694,0.664,0.678,0.665,0.67,0.661,0.669,0.673,0.671
0.3,0.353,0.379,0.395,0.413,0.461,0.457,0.493,0.512,0.533,0.562,0.579,0.604,0.609,0.612,0.621,0.644,0.635,0.633,0.649,0.644,0.658,0.654,0.646,0.651,0.665,0.668,0.664,0.66,0.655,0.638,0.631,0.634,0.634,0.646,0.64,0.638,0.641,0.654,0.651,0.669,0.68,0.656,0.648,0.671,0.668,0.642,0.66,0.674,0.656,0.644,0.633,0.644,0.659,0.644,0.645,0.65,0.663,0.679,0.676,0.677,0.669,0.702,0.675,0.699,0.682,0.674,0.669,0.642,0.669,0.683,0.673,0.671,0.683,0.659,0.655,0.686,0.69,0.672,0.677,0.66,0.669,0.686,0.651,0.653,0.664,0.687,0.671,0.674,0.637,0.65,0.66,0.654,0.661,0.661,0.676,0.639,0.636,0.632,0.651,0.663
0.3,0.33,0.372,0.402,0.424,0.438,0.472,0.506,0.512,0.525,0.535,0.549,0.577,0.572,0.599,0.606,0.619,0.609,0.629,0.625,0.629,0.633,0.648,0.681,0.673,0.677,0.66,0.657,0.678,0.677,0.681,0.692,0.653,0.653,0.654,0.629,0.654,0.655,0.649,0.664,0.652,0.657,0.667,0.669,0.681,0.657,0.659,0.669,0.661,0.66,0.638,0.654,0.659,0.669,0.68,0.662,0.644,0.678,0.679,0.662,0.656,0.625,0.658,0.654,0.652,0.656,0.655,0.671,0.639,0.647,0.636,0.68,0.693,0.702,0.672,0.658,0.65,0.676,0.668,0.661,0.655,0.659,0.664,0.664,0.673,0.681,0.649,0.684,0.697,0.665,0.649,0.668,0.679,0.662,0.653,0.648,0.673,0.652,0.667,0.675,0.687
0.3,0.342,0.364,0.382,0.407,0.442,0.461,0.484,0.53,0.54,0.568,0.587,0.599,0.644,0.652,0.616,0.636,0.649,0.617,0.617,0.637,0.624,0.602,0.621,0.627,0.634,0.64,0.646,0.638,0.634,0.652,0.651,0.658,0.662,0.635,0.653,0.663,0.683,0.675,0.673,0.664,0.656,0.658,0.669,0.666,0.671,0.67,0.677,0.682,0.66,0.639,0.641,0.676,0.667,0.661,0.671,0.686,0.629,0.677,0.675,0.704,0.69,0.661,0.648,0.651,0.652,0.678,0.66,0.656,0.656,0.643,0.672,0.657,0.66,0.686,0.674,0.644,0.647,0.645,0.669,0.656,0.665,0.671,0.671,0.671,0.679,0.664,0.679,0.681,0.685,0.687,0.676,0.665,0.708,0.663,0.658,0.651,0.648,0.644,0.647,0.664
0.3,0.342,0.386,0.407,0.427,0.455,0.494,0.512,0.527,0.543,0.577,0.59,0.583,0.587,0.605,0.622,0.641,0.648,0.643,0.642,0.644,0.657,0.633,0.618,0.648,0.643,0.65,0.655,0.664,0.648,0.66,0.661,0.667,0.655,0.657,0.647,0.668,0.665,0.661,0.654,0.655,0.668,0.667,0.664,0.66,0.653,0.67,0.679,0.675,0.663,0.69,0.652,0.655,0.66,0.663,0.663,0.653,0.662,0.648,0.656,0.67,0.664,0.689,0.673,0.664,0.659,0.657,0.653,0.66,0.696,0.692,0.684,0.672,0.666,0.665,0.694,0.672,0.662,0.682,0.679,0.662,0.672,0.649,0.646,0.66,0.649,0.643,0.659,0.655,0.661,0.655,0.656,0.664,0.672,0.657,0.677,0.678,0.662,0.662,0.653,0.657
0.3,0.347,0.391,0.429,0.42,0.452,0.475,0.505,0.51,0.545,0.582,0.643,0.642,0.623,0.621,0.607,0.598,0.629,0.658,0.66,0.677,0.647,0.635,0.647,0.667,0.678,0.679,0.686,0.691,0.655,0.67,0.643,0.648,0.664,0.681,0.67,0.673,0.663,0.665,0.674,0.654,0.668,0.677,0.67,0.682,0.678,0.678,0.662,0.67,0.668,0.675,0.649,0.646,0.643,0.661,0.675,0.664,0.668,0.658,0.659,0.659,0.633,0.645,0.662,0.672,0.65,0.645,0.657,0.646,0.648,0.675,0.683,0.669,0.684,0.675,0.656,0.636,0.656,0.646,0.646,0.635,0.661,0.652,0.64,0.668,0.652,0.674,0.681,0.676,0.657,0.636,0.658,0.669,0.636,0.65,0.674,0.671,0.663,0.663,0.674,0.66
0.3,0.355,0.401,0.423,0.442,0.459,0.48,0.484,0.52,0.53,0.56,0.589,0.603,0.614,0.601,0.615,0.621,0.619,0.627,0.617,0.621,0.636,0.648,0.654,0.645,0.637,0.654,0.662,0.68,0.672,0.637,0.624,0.637,0.646,0.633,0.668,0.661,0.658,0.669,0.671,0.676,0.682,0.668,0.649,0.679,0.652,0.645,0.659,0.658,0.646,0.643,0.649,0.645,0.626,0.636,0.638,0.631,0.632,0.633,0.669,0.67,0.676,0.673,0.666,0.652,0.631,0.649,0.656,0.659,0.651,0.649,0.658,0.671,0.679,0.668,0.671,0.663,0.658,0.672,0.657,0.669,0.654,0.652,0.664,0.659,0.654,0.662,0.657,0.651,0.64,0.669,0.67,0.659,0.66,0.661,0.663,0.673,0.663,0.656,0.659,0.642
0.3,0.355,0.376,0.371,0.408,0.428,0.464,0.493,0.512,0.544,0.556,0.567,0.594,0.612,0.616,0.647,0.649,0.622,0.635,0.623,0.657,0.665,0.658,0.667,0.675,0.67,0.682,0.661,0.67,0.667,0.668,0.674,0.669,0.684,0.675,0.676,0.668,0.659,0.641,0.675,0.679,0.687,0.685,0.661,0.67,0.629,0.647,0.633,0.668,0.684,0.649,0.649,0.659,0.658,0.674,0.665,0.666,0.657,0.64,0.647,0.657,0.682,0.671,0.69,0.68,0.687,0.671,0.645,0.634,0.633,0.66,0.654,0.64,0.665,0.649,0.663,0.638,0.649,0.662,0.654,0.652,0.663,0.669,0.69,0.685,0.692,0.675,0.652,0.667,0.654,0.646,0.67,0.682,0.674,0.664,0.656,0.68,0.676,0.671,0.671,0.685
0.3,0.339,0.365,0.407,0.417,0.459,0.47,0.5,0.535,0.542,0.567,0.615,0.63,0.635,0.638,0.616,0.643,0.641,0.64,0.645,0.65,0.665,0.643,0.676,0.658,0.659,0.676,0.656,0.66,0.619,0.658,0.662,0.673,0.664,0.662,0.665,0.666,0.665,0.657,0.671,0.65,0.642,0.659,0.677,0.666,0.67,0.685,0.676,0.658,0.655,0.649,0.666,0.663,0.67,0.689,0.692,0.667,0.698,0.671,0.641,0.642,0.666,0.641,0.643,0.656,0.663,0.679,0.648,0.659,0.675,0.681,0.631,0.655,0.673,0.658,0.675,0.665,0.65,0.651,0.668,0.658,0.678,0.683,0.666,0.652,0.646,0.664,0.654,0.624,0.636,0.656,0.654,0.674,0.669,0.654,0.677,0.681,0.644,0.686,0.668,0.648
0.3,0.343,0.384,0.411,0.441,0.44,0.471,0.488,0.513,0.524,0.519,0.553,0.599,0.593,0.602,0.626,0.646,0.649,0.652,0.643,0.633,0.663,0.671,0.66,0.652,0.636,0.625,0.63,0.65,0.641,0.658,0.657,0.655,0.67,0.67,0.65,0.665,0.656,0.648,0.664,0.673,0.663,0.664,0.659,0.659,0.675,0.665,0.663,0.651,0.667,0.662,0.681,0.639,0.653,0.642,0.64,0.658,0.671,0.657,0.662,0.659,0.685,0.675,0.658,0.661,0.669,0.676,0.679,0.665,0.655,0.666,0.678,0.666,0.662,0.675,0.657,0.643,0.628,0.634,0.619,0.616,0.644,0.653,0.659,0.672,0.662,0.668,0.68,0.664,0.648,0.669,0.683,0.667,0.643,0.638,0.636,0.647,0.662,0.673,0.681,0.659
0.3,0.343,0.384,0.403,0.427,0.452,0.478,0.511,0.513,0.548,0.557,0.558,0.572,0.578,0.624,0.639,0.641,0.636,0.629,0.652,0.647,0.639,0.664,0.651,0.654,0.664,0.7,0.668,0.685,0.666,0.708,0.686,0.663,0.667,0.654,0.664,0.669,0.642,0.653,0.662,0.653,0.641,0.645,0.643,0.64,0.679,0.647,0.642,0.665,0.676,0.667,0.668,0.657,0.642,0.655,0.652,0.666,0.662,0.678,0.675,0.689,0.675,0.667,0.674,0.676,0.648,0.63,0.656,0.66,0.636,0.665,0.632,0.647,0.646,0.653,0.653,0.679,0.678,0.655,0.664,0.668,0.656,0.698,0.67,0.662,0.638,0.64,0.643,0.649,0.65,0.632,0.642,0.636,0.644,0.649,0.648,0.642,0.619,0.642,0.668,0.657
0.3,0.345,0.378,0.398,0.413,0.441,0.446,0.464,0.493,0.514,0.532,0.548,0.553,0.581,0.609,0.62,0.637,0.621,0.627,0.639,0.646,0.642,0.663,0.647,0.641,0.673,0.679,0.66,0.647,0.658,0.653,0.635,0.638,0.656,0.676,0.657,0.672,0.677,0.645,0.642,0.658,0.672,0.651,0.614,0.625,0.658,0.655,0.662,0.674,0.672,0.67,0.666,0.686,0.666,0.656,0.665,0.68,0.691,0.665,0.642,0.657,0.661,0.66,0.654,0.664,0.665,0.643,0.637,0.656,0.658,0.66,0.66,0.669,0.681,0.665,0.648,0.65,0.654,0.669,0.657,0.655,0.663,0.678,0.654,0.668,0.659,0.653,0.662,0.683,0.678,0.653,0.643,0.66,0.687,0.672,0.68,0.677,0.661,0.675,0.661,0.647
0.3,0.356,0.39,0.414,0.423,0.432,0.434,0.463,0.476,0.495,0.528,0.56,0.55,0.562,0.589,0.615,0.591,0.603,0.639,0.633,0.626,0.621,0.62,0.639,0.649,0.637,0.678,0.661,0.679,0.666,0.681,0.665,0.678,0.671,0.646,0.651,0.637,0.644,0.655,0.635,0.643,0.666,0.66,0.662,0.67,0.65,0.677,0.663,0.674,0.667,0.667,0.665,0.65,0.643,0.644,0.67,0.675,0.677,0.679,0.653,0.661,0.67,0.67,0.664,0.678,0.667,0.655,0.662,0.68,0.657,0.643,0.673,0.69,0.682,0.673,0.647,0.659,0.644,0.65,0.651,0.66,0.658,0.656,0.658,0.64,0.65,0.652,0.669,0.669,0.674,0.661,0.65,0.636,0.621,0.632,0.648,0.657,0.653,0.676,0.661,0.664
0.3,0.344,0.362,0.397,0.412,0.447,0.463,0.49,0.501,0.501,0.548,0.566,0.564,0.546,0.586,0.582,0.604,0.617,0.621,0.636,0.631,0.641,0.651,0.637,0.643,0.619,0.659,0.624,0.637,0.653,0.654,0.661,0.658,0.658,0.656,0.66,0.668,0.656,0.652,0.65,0.644,0.674,0.663,0.671,0.659,0.672,0.654,0.639,0.653,0.645,0.652,0.644,0.656,0.677,0.673,0.683,0.693,0.688,0.676,0.687,0.676,0.66,0.636,0.635,0.664,0.644,0.647,0.65,0.64,0.669,0.666,0.645,0.665,0.678,0.668,0.685,0.682,0.657,0.691,0.696,0.688,0.662,0.663,0.667,0.686,0.673,0.664,0.666,0.643,0.653,0.658,0.683,0.66,0.681,0.649,0.616,0.641,0.626,0.655,0.666,0.642
0.3,0.351,0.372,0.398,0.436,0.443,0.466,0.525,0.537,0.567,0.578,0.599,0.606,0.616,0.615,0.619,0.641,0.656,0.653,0.674,0.671,0.691,0.66,0.673,0.663,0.664,0.64,0.654,0.642,0.651,0.641,0.627,0.653,0.643,0.654,0.685,0.68,0.667,0.669,0.642,0.659,0.662,0.658,0.664,0.661,0.665,0.666,0.655,0.643,0.653,0.635,0.643,0.648,0.623,0.636,0.637,0.639,0.63,0.634,0.661,0.638,0.661,0.64,0.661,0.673,0.669,0.646,0.688,0.66,0.65,0.652,0.662,0.678,0.683,0.646,0.639,0.661,0.67,0.65,0.638,0.638,0.654,0.663,0.674,0.657,0.644,0.64,0.653,0.656,0.639,0.645,0.66,0.65,0.651,0.656,0.67,0.656,0.685,0.663,0.683,0.662
0.3,0.335,0.373,0.406,0.429,0.455,0.482,0.515,0.541,0.571,0.58,0.598,0.584,0.601,0.605,0.635,0.638,0.64,0.64,0.662,0.65,0.656,0.663,0.646,0.645,0.663,0.631,0.641,0.633,0.676,0.653,0.638,0.694,0.678,0.658,0.675,0.671,0.664,0.656,0.68,0.663,0.653,0.668,0.664,0.667,0.676,0.648,0.657,0.654,0.662,0.637,0.646,0.644,0.649,0.67,0.664,0.66,0.652,0.658,0.672,0.658,0.672,0.658,0.67,0.663,0.656,0.663,0.653,0.659,0.641,0.646,0.656,0.682,0.674,0.651,0.633,0.659,0.69,0.686,0.665,0.67,0.666,0.672,0.653,0.65,0.681,0.675,0.651,0.656,0.649,0.634,0.634,0.64,0.648,0.634,0.638,0.672,0.651,0.645,0.663,0.633
0.3,0.336,0.368,0.404,0.42,0.459,0.481,0.48,0.499,0.526,0.531,0.548,0.593,0.616,0.62,0.609,0.611,0.607,0.635,0.647,0.66,0.674,0.655,0.656,0.659,0.675,0.673,0.673,0.652,0.645,0.634,0.655,0.662,0.663,0.675,0.68,0.678,0.672,0.675,0.673,0.676,0.69,0.673,0.665,0.65,0.666,0.697,0.661,0.684,0.665,0.661,0.693,0.683,0.657,0.663,0.667,0.64,0.655,0.673,0.663,0.656,0.642,0.644,0.65,0.642,0.635,0.649,0.657,0.66,0.661,0.661,0.671,0.659,0.677,0.666,0.682,0.683,0.68,0.677,0.662,0.686,0.668,0.675,0.664,0.679,0.658,0.665,0.668,0.665,0.656,0.624,0.658,0.668,0.661,0.653,0.64,0.651,0.675,0.651,0.65,0.662
0.3,0.339,0.374,0.392,0.41,0.426,0.429,0.446,0.509,0.539,0.549,0.549,0.57,0.622,0.638,0.635,0.634,0.639,0.628,0.63,0.667,0.677,0.66,0.67,0.666,0.653,0.65,0.663,0.679,0.677,0.677,0.674,0.673,0.656,0.68,0.678,0.656,0.661,0.667,0.654,0.67,0.668,0.698,0.678,0.682,0.667,0.667,0.663,0.665,0.677,0.671,0.662,0.664,0.689,0.676,0.669,0.675,0.672,0.671,0.631,0.678,0.687,0.667,0.674,0.671,0.656,0.64,0.643,0.656,0.656,0.679,0.67,0.664,0.665,0.637,0.658,0.649,0.666,0.651,0.656,0.669,0.659,0.661,0.645,0.653,0.678,0.662,0.669,0.679,0.661,0.685,0.652,0.662,0.668,0.673,0.662,0.63,0.64,0.65,0.636,0.649
0.3,0.362,0.396,0.428,0.442,0.469,0.48,0.494,0.531,0.575,0.588,0.569,0.602,0.599,0.625,0.616,0.664,0.635,0.652,0.639,0.664,0.659,0.676,0.667,0.681,0.663,0.679,0.637,0.645,0.671,0.667,0.677,0.67,0.657,0.661,0.675,0.661,0.663,0.654,0.637,0.619,0.668,0.676,0.666,0.659,0.655,0.645,0.629,0.657,0.666,0.647,0.666,0.64,0.645,0.67,0.652,0.648,0.663,0.645,0.641,0.679,0.656,0.637,0.665,0.669,0.672,0.652,0.63,0.636,0.631,0.667,0.646,0.639,0.662,0.664,0.667,0.677,0.679,0.67,0.665,0.67,0.686,0.68,0.692,0.675,0.669,0.636,0.664,0.655,0.684,0.652,0.657,0.669,0.675,0.675,0.664,0.647,0.657,0.667,0.683,0.677
0.3,0.369,0.411,0.434,0.436,0.458,0.482,0.511,0.518,0.54,0.533,0.56,0.575,0.602,0.614,0.627,0.623,0.622,0.656,0.649,0.643,0.652,0.651,0.662,0.659,0.652,0.678,0.683,0.674,0.686,0.657,0.669,0.66,0.652,0.652,0.663,0.677,0.68,0.669,0.671,0.68,0.697,0.667,0.638,0.634,0.637,0.657,0.654,0.652,0.616,0.645,0.645,0.675,0.67,0.664,0.663,0.673,0.654,0.676,0.655,0.671,0.675,0.661,0.648,0.644,0.672,0.673,0.658,0.675,0.663,0.658,0.649,0.64,0.658,0.67,0.665,0.654,0.671,0.674,0.658,0.661,0.673,0.667,0.676,0.679,0.676,0.672,0.667,0.687,0.674,0.666,0.675,0.676,0.648,0.653,0.656,0.654,0.672,0.65,0.648,0.641
0.3,0.344,0.385,0.426,0.455,0.473,0.477,0.514,0.51,0.544,0.551,0.572,0.582,0.59,0.599,0.62,0.641,0.643,0.649,0.646,0.652,0.646,0.651,0.642,0.666,0.665,0.677,0.645,0.652,0.656,0.669,0.634,0.658,0.67,0.646,0.656,0.69,0.684,0.679,0.654,0.637,0.643,0.646,0.664,0.699,0.691,0.709,0.697,0.669,0.657,0.66,0.663,0.675,0.657,0.673,0.664,0.673,0.66,0.655,0.64,0.648,0.683,0.659,0.638,0.658,0.659,0.678,0.671,0.648,0.66,0.66,0.684,0.669,0.664,0.646,0.636,0.645,0.665,0.681,0.678,0.689,0.676,0.66,0.65,0.644,0.646,0.666,0.677,0.683,0.681,0.665,0.664,0.664,0.65,0.636,0.67,0.677,0.669,0.682,0.663,0.673
0.3,0.332,0.364,0.418,0.435,0.456,0.479,0.5,0.528,0.535,0.546,0.581,0.596,0.597,0.625,0.629,0.635,0.655,0.645,0.632,0.649,0.651,0.66,0.68,0.661,0.645,0.643,0.641,0.645,0.662,0.65,0.659,0.668,0.658,0.651,0.663,0.654,0.661,0.664,0.657,0.674,0.676,0.678,0.682,0.702,0.671,0.665,0.657,0.66,0.681,0.666,0.649,0.661,0.679,0.67,0.661,0.665,0.678,0.694,0.697,0.69,0.692,0.686,0.684,0.658,0.647,0.652,0.651,0.662,0.673,0.658,0.652,0.645,0.678,0.671,0.664,0.646,0.656,0.657,0.667,0.676,0.667,0.673,0.676,0.668,0.663,0.656,0.661,0.661,0.646,0.649,0.658,0.65,0.653,0.663,0.638,0.665,0.666,0.691,0.653,0.643
0.3,0.352,0.4,0.438,0.431,0.462,0.489,0.501,0.507,0.515,0.562,0.575,0.602,0.607,0.639,0.639,0.626,0.631,0.646,0.634,0.648,0.655,0.641,0.656,0.667,0.638,0.661,0.651,0.669,0.674,0.637,0.66,0.66,0.674,0.661,0.652,0.651,0.66,0.656,0.654,0.631,0.639,0.635,0.65,0.644,0.636,0.681,0.664,0.648,0.681,0.664,0.633,0.644,0.642,0.662,0.655,0.647,0.663,0.656,0.673,0.663,0.668,0.653,0.65,0.66,0.669,0.657,0.622,0.607,0.619,0.651,0.662,0.628,0.662,0.648,0.653,0.655,0.664,0.656,0.646,0.663,0.665,0.654,0.651,0.664,0.657,0.671,0.66,0.661,0.662,0.654,0.666,0.652,0.658,0.667,0.682,0.656,0.643,0.623,0.626,0.623
0.3,0.358,0.38,0.405,0.426,0.449,0.497,0.518,0.546,0.58,0.588,0.603,0.597,0.601,0.61,0.602,0.618,0.619,0.627,0.653,0.68,0.682,0.68,0.666,0.69,0.658,0.662,0.654,0.652,0.654,0.662,0.652,0.64,0.645,0.668,0.662,0.664,0.661,0.678,0.666,0.642,0.67,0.65,0.651,0.666,0.667,0.66,0.635,0.643,0.65,0.663,0.656,0.647,0.669,0.662,0.66,0.683,0.67,0.663,0.671,0.671,0.674,0.668,0.66,0.635,0.661,0.644,0.626,0.672,0.643,0.647,0.632,0.642,0.653,0.669,0.685,0.656,0.677,0.656,0.664,0.664,0.672,0.676,0.65,0.651,0.648,0.652,0.655,0.658,0.661,0.649,0.656,0.664,0.66,0.677,0.716,0.693,0.691,0.65,0.662,0.664
0.3,0.34,0.382,0.406,0.435,0.461,0.482,0.518,0.537,0.549,0.587,0.596,0.604,0.611,0.61,0.619,0.609,0.603,0.638,0.642,0.63,0.643,0.643,0.654,0.652,0.642,0.652,0.667,0.665,0.658,0.697,0.659,0.646,0.67,0.656,0.684,0.647,0.665,0.664,0.655,0.67,0.687,0.686,0.67,0.695,0.677,0.663,0.681,0.662,0.672,0.671,0.643,0.654,0.667,0.675,0.675,0.673,0.664,0.668,0.654,0.663,0.677,0.654,0.666,0.644,0.647,0.643,0.654,0.677,0.677,0.679,0.666,0.664,0.683,0.7,0.678,0.672,0.662,0.699,0.687,0.691,0.683,0.672,0.676,0.65,0.643,0.653,0.674,0.69,0.655,0.662,0.635,0.641,0.66,0.648,0.646,0.678,0.663,0.64,0.647,0.65
0.3,0.335,0.377,0.417,0.433,0.438,0.482,0.481,0.497,0.537,0.569,0.576,0.615,0.599,0.59,0.619,0.632,0.652,0.666,0.653,0.633,0.641,0.626,0.633,0.653,0.672,0.657,0.65,0.654,0.678,0.67,0.669,0.679,0.671,0.669,0.665,0.658,0.664,0.651,0.627,0.615,0.63,0.631,0.638,0.651,0.627,0.656,0.658,0.658,0.672,0.666,0.651,0.658,0.642,0.647,0.639,0.641,0.656,0.636,0.654,0.66,0.635,0.642,0.647,0.662,0.661,0.667,0.646,0.62,0.635,0.637,0.642,0.66,0.661,0.662,0.666,0.656,0.651,0.666,0.649,0.671,0.629,0.652,0.658,0.668,0.651,0.69,0.697,0.659,0.657,0.66,0.666,0.655,0.648,0.663,0.642,0.638,0.639,0.652,0.661,0.651
0.3,0.333,0.368,0.41,0.427,0.46,0.489,0.523,0.553,0.564,0.573,0.596,0.561,0.563,0.594,0.613,0.621,0.606,0.616,0.646,0.64,0.617,0.633,0.644,0.646,0.662,0.665,0.645,0.649,0.645,0.658,0.669,0.676,0.657,0.653,0.64,0.633,0.645,0.647,0.631,0.621,0.632,0.654,0.635,0.618,0.625,0.638,0.64,0.634,0.643,0.644,0.63,0.63,0.64,0.638,0.613,0.635,0.627,0.653,0.659,0.659,0.664,0.662,0.667,0.652,0.655,0.68,0.673,0.667,0.636,0.663,0.649,0.65,0.637,0.643,0.633,0.655,0.646,0.659,0.672,0.678,0.681,0.667,0.672,0.667,0.661,0.673,0.684,0.666,0.653,0.672,0.636,0.669,0.684,0.702,0.69,0.669,0.65,0.659,0.676,0.661
0.3,0.338,0.355,0.366,0.409,0.438,0.472,0.492,0.52,0.521,0.579,0.597,0.586,0.618,0.637,0.633,0.636,0.631,0.627,0.603,0.633,0.653,0.63,0.667,0.657,0.652,0.67,0.649,0.663,0.648,0.643,0.662,0.678,0.674,0.673,0.662,0.64,0.65,0.673,0.64,0.637,0.676,0.65,0.655,0.679,0.647,0.667,0.644,0.678,0.678,0.659,0.687,0.675,0.665,0.675,0.661,0.669,0.656,0.668,0.66,0.662,0.66,0.645,0.656,0.676,0.676,0.665,0.684,0.678,0.677,0.676,0.646,0.66,0.653,0.653,0.648,0.657,0.686,0.668,0.656,0.658,0.635,0.651,0.669,0.671,0.661,0.656,0.643,0.647,0.656,0.651,0.664,0.656,0.644,0.636,0.633,0.645,0.678,0.656,0.669,0.658
0.3,0.343,0.378,0.396,0.416,0.445,0.458,0.451,0.502,0.534,0.599,0.568,0.582,0.59,0.617,0.641,0.628,0.645,0.652,0.671,0.642,0.626,0.634,0.641,0.656,0.624,0.644,0.636,0.638,0.637,0.657,0.643,0.658,0.642,0.65,0.643,0.653,0.658,0.666,0.677,0.673,0.659,0.688,0.656,0.663,0.661,0.663,0.655,0.648,0.653,0.669,0.638,0.613,0.619,0.656,0.656,0.657,0.663,0.667,0.677,0.666,0.684,0.694,0.663,0.673,0.68,0.664,0.648,0.664,0.661,0.679,0.662,0.672,0.679,0.647,0.657,0.671,0.659,0.671,0.666,0.668,0.664,0.66,0.675,0.681,0.686,0.667,0.656,0.644,0.649,0.664,0.668,0.662,0.648,0.666,0.672,0.659,0.638,0.671,0.638,0.658
0.3,0.334,0.379,0.415,0.456,0.459,0.518,0.525,0.566,0.582,0.563,0.573,0.574,0.596,0.592,0.598,0.62,0.638,0.63,0.634,0.638,0.64,0.658,0.654,0.638,0.657,0.654,0.657,0.66,0.689,0.676,0.688,0.665,0.666,0.662,0.672,0.669,0.65,0.644,0.657,0.669,0.676,0.696,0.687,0.66,0.661,0.669,0.66,0.664,0.662,0.661,0.657,0.65,0.654,0.643,0.664,0.665,0.658,0.653,0.673,0.653,0.648,0.653,0.67,0.68,0.673,0.683,0.662,0.667,0.694,0.659,0.654,0.668,0.659,0.676,0.667,0.679,0.661,0.674,0.662,0.666,0.663,0.658,0.67,0.646,0.657,0.638,0.63,0.631,0.623,0.64,0.629,0.639,0.642,0.628,0.656,0.662,0.645,0.643,0.662,0.67
0.3,0.355,0.367,0.411,0.433,0.441,0.487,0.501,0.534,0.541,0.553,0.57,0.58,0.587,0.573,0.588,0.594,0.602,0.633,0.639,0.615,0.654,0.636,0.66,0.629,0.629,0.654,0.631,0.629,0.643,0.632,0.664,0.677,0.656,0.663,0.665,0.647,0.644,0.655,0.669,0.652,0.633,0.649,0.648,0.639,0.647,0.659,0.656,0.64,0.656,0.654,0.664,0.685,0.659,0.663,0.66,0.643,0.648,0.654,0.643,0.663,0.653,0.659,0.67,0.661,0.659,0.686,0.685,0.676,0.695,0.668,0.649,0.646,0.686,0.706,0.685,0.677,0.692,0.672,0.685,0.676,0.683,0.684,0.693,0.675,0.638,0.673,0.664,0.674,0.7,0.672,0.66,0.65,0.657,0.655,0.664,0.656,0.635,0.645,0.648,0.65
