deletion_type,theta_del,beta,run,w_c,found,rho_final_at_wc,num_deleted_at_wc
threshold,0.200000,0.250000,0,0.260000,True,0.000000,780
threshold,0.200000,0.250000,1,0.260000,True,0.000000,780
threshold,0.200000,0.250000,2,0.260000,True,0.000000,780
threshold,0.200000,0.250000,3,0.260000,True,0.000000,780
threshold,0.200000,0.250000,4,0.260000,True,0.000000,780
threshold,0.200000,0.250000,5,0.260000,True,0.000000,780
threshold,0.200000,0.250000,6,0.260000,True,0.000000,780
threshold,0.200000,0.250000,7,0.260000,True,0.000000,780
threshold,0.200000,0.250000,8,0.260000,True,0.000000,780
threshold,0.200000,0.250000,9,0.260000,True,0.000000,780
threshold,0.200000,0.250000,10,0.260000,True,0.000000,780
threshold,0.200000,0.250000,11,0.260000,True,0.000000,780
threshold,0.200000,0.250000,12,0.260000,True,0.000000,780
threshold,0.200000,0.250000,13,0.260000,True,0.000000,780
threshold,0.200000,0.250000,14,0.260000,True,0.000000,780
threshold,0.200000,0.250000,15,0.260000,True,0.000000,780
threshold,0.200000,0.250000,16,0.260000,True,0.000000,780
threshold,0.200000,0.250000,17,0.260000,True,0.000000,780
threshold,0.200000,0.250000,18,0.260000,True,0.000000,780
threshold,0.200000,0.250000,19,0.260000,True,0.000000,780
threshold,0.200000,0.250000,20,0.260000,True,0.000000,780
threshold,0.200000,0.250000,21,0.260000,True,0.000000,780
threshold,0.200000,0.250000,22,0.260000,True,0.000000,780
threshold,0.200000,0.250000,23,0.260000,True,0.000000,780
threshold,0.200000,0.250000,24,0.260000,True,0.000000,780
threshold,0.200000,0.250000,25,0.260000,True,0.000000,780
threshold,0.200000,0.250000,26,0.260000,True,0.000000,780
threshold,0.200000,0.250000,27,0.260000,True,0.000000,780
threshold,0.200000,0.250000,28,0.260000,True,0.000000,780
threshold,0.200000,0.250000,29,0.260000,True,0.000000,780
threshold,0.200000,0.250000,30,0.260000,True,0.000000,780
threshold,0.200000,0.250000,31,0.260000,True,0.000000,780
threshold,0.200000,0.250000,32,0.260000,True,0.000000,780
threshold,0.200000,0.250000,33,0.260000,True,0.000000,780
threshold,0.200000,0.250000,34,0.260000,True,0.000000,780
threshold,0.200000,0.250000,35,0.260000,True,0.000000,780
threshold,0.200000,0.250000,36,0.260000,True,0.000000,780
threshold,0.200000,0.250000,37,0.260000,True,0.000000,780
threshold,0.200000,0.250000,38,0.260000,True,0.000000,780
threshold,0.200000,0.250000,39,0.260000,True,0.000000,780
threshold,0.200000,0.260000,0,0.280000,True,0.000000,840
threshold,0.200000,0.260000,1,0.280000,True,0.000000,840
threshold,0.200000,0.260000,2,0.280000,True,0.000000,840
threshold,0.200000,0.260000,3,0.280000,True,0.000000,840
threshold,0.200000,0.260000,4,0.280000,True,0.000000,840
threshold,0.200000,0.260000,5,0.280000,True,0.000000,840
threshold,0.200000,0.260000,6,0.280000,True,0.000000,840
threshold,0.200000,0.260000,7,0.280000,True,0.000000,840
threshold,0.200000,0.260000,8,0.280000,True,0.000000,840
threshold,0.200000,0.260000,9,0.280000,True,0.000000,840
threshold,0.200000,0.260000,10,0.280000,True,0.000000,840
threshold,0.200000,0.260000,11,0.280000,True,0.000000,840
threshold,0.200000,0.260000,12,0.280000,True,0.000000,840
threshold,0.200000,0.260000,13,0.280000,True,0.000000,840
threshold,0.200000,0.260000,14,0.280000,True,0.000000,840
threshold,0.200000,0.260000,15,0.280000,True,0.000000,840
threshold,0.200000,0.260000,16,0.280000,True,0.000000,840
threshold,0.200000,0.260000,17,0.300000,True,0.000000,900
threshold,0.200000,0.260000,18,0.280000,True,0.000000,840
threshold,0.200000,0.260000,19,0.280000,True,0.000000,840
threshold,0.200000,0.260000,20,0.280000,True,0.000000,840
threshold,0.200000,0.260000,21,0.280000,True,0.000000,840
threshold,0.200000,0.260000,22,0.280000,True,0.000000,840
threshold,0.200000,0.260000,23,0.280000,True,0.000000,840
threshold,0.200000,0.260000,24,0.280000,True,0.000000,840
threshold,0.200000,0.260000,25,0.280000,True,0.000000,840
threshold,0.200000,0.260000,26,0.280000,True,0.000000,840
threshold,0.200000,0.260000,27,0.280000,True,0.000000,840
threshold,0.200000,0.260000,28,0.280000,True,0.000000,840
threshold,0.200000,0.260000,29,0.280000,True,0.000000,840
threshold,0.200000,0.260000,30,0.280000,True,0.000000,840
threshold,0.200000,0.260000,31,0.280000,True,0.000000,840
threshold,0.200000,0.260000,32,0.280000,True,0.000000,840
threshold,0.200000,0.260000,33,0.280000,True,0.000000,840
threshold,0.200000,0.260000,34,0.280000,True,0.000000,840
threshold,0.200000,0.260000,35,0.280000,True,0.000000,840
threshold,0.200000,0.260000,36,0.280000,True,0.000000,840
threshold,0.200000,0.260000,37,0.280000,True,0.000000,840
threshold,0.200000,0.260000,38,0.280000,True,0.000000,840
threshold,0.200000,0.260000,39,0.280000,True,0.000000,840
threshold,0.200000,0.270000,0,0.300000,True,0.000000,900
threshold,0.200000,0.270000,1,0.320000,True,0.000000,960
threshold,0.200000,0.270000,2,0.320000,True,0.000000,960
threshold,0.200000,0.270000,3,0.320000,True,0.000000,960
threshold,0.200000,0.270000,4,0.300000,True,0.000000,900
threshold,0.200000,0.270000,5,0.300000,True,0.000000,900
threshold,0.200000,0.270000,6,0.320000,True,0.000000,960
threshold,0.200000,0.270000,7,0.320000,True,0.000000,960
threshold,0.200000,0.270000,8,0.320000,True,0.000000,960
threshold,0.200000,0.270000,9,0.320000,True,0.000000,960
threshold,0.200000,0.270000,10,0.320000,True,0.000000,960
threshold,0.200000,0.270000,11,0.300000,True,0.000000,900
threshold,0.200000,0.270000,12,0.320000,True,0.000000,960
threshold,0.200000,0.270000,13,0.320000,True,0.000000,960
threshold,0.200000,0.270000,14,0.300000,True,0.000000,900
threshold,0.200000,0.270000,15,0.300000,True,0.000000,900
threshold,0.200000,0.270000,16,0.300000,True,0.000000,900
threshold,0.200000,0.270000,17,0.320000,True,0.000000,960
threshold,0.200000,0.270000,18,0.320000,True,0.000000,960
threshold,0.200000,0.270000,19,0.300000,True,0.000000,900
threshold,0.200000,0.270000,20,0.300000,True,0.000000,900
threshold,0.200000,0.270000,21,0.320000,True,0.000000,960
threshold,0.200000,0.270000,22,0.300000,True,0.000000,900
threshold,0.200000,0.270000,23,0.320000,True,0.000000,960
threshold,0.200000,0.270000,24,0.320000,True,0.000000,960
threshold,0.200000,0.270000,25,0.300000,True,0.000000,900
threshold,0.200000,0.270000,26,0.300000,True,0.000000,900
threshold,0.200000,0.270000,27,0.320000,True,0.000000,960
threshold,0.200000,0.270000,28,0.300000,True,0.000000,900
threshold,0.200000,0.270000,29,0.320000,True,0.000000,960
threshold,0.200000,0.270000,30,0.300000,True,0.000000,900
threshold,0.200000,0.270000,31,0.300000,True,0.000000,900
threshold,0.200000,0.270000,32,0.320000,True,0.000000,960
threshold,0.200000,0.270000,33,0.300000,True,0.000000,900
threshold,0.200000,0.270000,34,0.320000,True,0.000000,960
threshold,0.200000,0.270000,35,0.300000,True,0.000000,900
threshold,0.200000,0.270000,36,0.320000,True,0.000000,960
threshold,0.200000,0.270000,37,0.320000,True,0.000000,960
threshold,0.200000,0.270000,38,0.320000,True,0.000000,960
threshold,0.200000,0.270000,39,0.320000,True,0.000000,960
threshold,0.200000,0.280000,0,0.340000,True,0.000000,1020
threshold,0.200000,0.280000,1,0.340000,True,0.000000,1020
threshold,0.200000,0.280000,2,0.340000,True,0.000000,1020
threshold,0.200000,0.280000,3,0.340000,True,0.000000,1020
threshold,0.200000,0.280000,4,0.340000,True,0.000000,1020
threshold,0.200000,0.280000,5,0.340000,True,0.000000,1020
threshold,0.200000,0.280000,6,0.340000,True,0.000000,1020
threshold,0.200000,0.280000,7,0.340000,True,0.000000,1020
threshold,0.200000,0.280000,8,0.340000,True,0.000000,1020
threshold,0.200000,0.280000,9,0.340000,True,0.000000,1020
threshold,0.200000,0.280000,10,0.340000,True,0.000000,1020
threshold,0.200000,0.280000,11,0.340000,True,0.000000,1020
threshold,0.200000,0.280000,12,0.340000,True,0.000000,1020
threshold,0.200000,0.280000,13,0.340000,True,0.000000,1020
threshold,0.200000,0.280000,14,0.340000,True,0.000000,1020
threshold,0.200000,0.280000,15,0.340000,True,0.000000,1020
threshold,0.200000,0.280000,16,0.340000,True,0.000000,1020
threshold,0.200000,0.280000,17,0.340000,True,0.000000,1020
threshold,0.200000,0.280000,18,0.340000,True,0.000000,1020
threshold,0.200000,0.280000,19,0.340000,True,0.000000,1020
threshold,0.200000,0.280000,20,0.340000,True,0.000000,1020
threshold,0.200000,0.280000,21,0.340000,True,0.000000,1020
threshold,0.200000,0.280000,22,0.340000,True,0.000000,1020
threshold,0.200000,0.280000,23,0.340000,True,0.000000,1020
threshold,0.200000,0.280000,24,0.340000,True,0.000000,1020
threshold,0.200000,0.280000,25,0.340000,True,0.000000,1020
threshold,0.200000,0.280000,26,0.340000,True,0.000000,1020
threshold,0.200000,0.280000,27,0.340000,True,0.000000,1020
threshold,0.200000,0.280000,28,0.340000,True,0.000000,1020
threshold,0.200000,0.280000,29,0.340000,True,0.000000,1020
threshold,0.200000,0.280000,30,0.340000,True,0.000000,1020
threshold,0.200000,0.280000,31,0.340000,True,0.000000,1020
threshold,0.200000,0.280000,32,0.340000,True,0.000000,1020
threshold,0.200000,0.280000,33,0.340000,True,0.000000,1020
threshold,0.200000,0.280000,34,0.340000,True,0.000000,1020
threshold,0.200000,0.280000,35,0.340000,True,0.000000,1020
threshold,0.200000,0.280000,36,0.340000,True,0.000000,1020
threshold,0.200000,0.280000,37,0.340000,True,0.000000,1020
threshold,0.200000,0.280000,38,0.340000,True,0.000000,1020
threshold,0.200000,0.280000,39,0.340000,True,0.000000,1020
threshold,0.200000,0.290000,0,0.360000,True,0.000000,1080
threshold,0.200000,0.290000,1,0.380000,True,0.000000,1140
threshold,0.200000,0.290000,2,0.380000,True,0.000000,1140
threshold,0.200000,0.290000,3,0.380000,True,0.000000,1140
threshold,0.200000,0.290000,4,0.360000,True,0.000000,1080
threshold,0.200000,0.290000,5,0.360000,True,0.000000,1080
threshold,0.200000,0.290000,6,0.380000,True,0.000000,1140
threshold,0.200000,0.290000,7,0.380000,True,0.000000,1140
threshold,0.200000,0.290000,8,0.380000,True,0.000000,1140
threshold,0.200000,0.290000,9,0.380000,True,0.000000,1140
threshold,0.200000,0.290000,10,0.380000,True,0.000000,1140
threshold,0.200000,0.290000,11,0.360000,True,0.000000,1080
threshold,0.200000,0.290000,12,0.360000,True,0.000000,1080
threshold,0.200000,0.290000,13,0.380000,True,0.000000,1140
threshold,0.200000,0.290000,14,0.380000,True,0.000000,1140
threshold,0.200000,0.290000,15,0.380000,True,0.000000,1140
threshold,0.200000,0.290000,16,0.380000,True,0.000000,1140
threshold,0.200000,0.290000,17,0.380000,True,0.000000,1140
threshold,0.200000,0.290000,18,0.380000,True,0.000000,1140
threshold,0.200000,0.290000,19,0.360000,True,0.000000,1080
threshold,0.200000,0.290000,20,0.380000,True,0.000000,1140
threshold,0.200000,0.290000,21,0.380000,True,0.000000,1140
threshold,0.200000,0.290000,22,0.380000,True,0.000000,1140
threshold,0.200000,0.290000,23,0.360000,True,0.000000,1080
threshold,0.200000,0.290000,24,0.360000,True,0.000000,1080
threshold,0.200000,0.290000,25,0.360000,True,0.000000,1080
threshold,0.200000,0.290000,26,0.360000,True,0.000000,1080
threshold,0.200000,0.290000,27,0.380000,True,0.000000,1140
threshold,0.200000,0.290000,28,0.360000,True,0.000000,1080
threshold,0.200000,0.290000,29,0.360000,True,0.000000,1080
threshold,0.200000,0.290000,30,0.360000,True,0.000000,1080
threshold,0.200000,0.290000,31,0.360000,True,0.000000,1080
threshold,0.200000,0.290000,32,0.380000,True,0.000000,1140
threshold,0.200000,0.290000,33,0.380000,True,0.000000,1140
threshold,0.200000,0.290000,34,0.380000,True,0.000000,1140
threshold,0.200000,0.290000,35,0.380000,True,0.000000,1140
threshold,0.200000,0.290000,36,0.380000,True,0.000000,1140
threshold,0.200000,0.290000,37,0.380000,True,0.000000,1140
threshold,0.200000,0.290000,38,0.380000,True,0.000000,1140
threshold,0.200000,0.290000,39,0.380000,True,0.000000,1140
threshold,0.200000,0.300000,0,0.400000,True,0.000000,1200
threshold,0.200000,0.300000,1,0.400000,True,0.000000,1200
threshold,0.200000,0.300000,2,0.400000,True,0.000000,1200
threshold,0.200000,0.300000,3,0.400000,True,0.000000,1200
threshold,0.200000,0.300000,4,0.400000,True,0.000000,1200
threshold,0.200000,0.300000,5,0.400000,True,0.000000,1200
threshold,0.200000,0.300000,6,0.400000,True,0.000000,1200
threshold,0.200000,0.300000,7,0.400000,True,0.000000,1200
threshold,0.200000,0.300000,8,0.400000,True,0.000000,1200
threshold,0.200000,0.300000,9,0.400000,True,0.000000,1200
threshold,0.200000,0.300000,10,0.400000,True,0.000000,1200
threshold,0.200000,0.300000,11,0.400000,True,0.000000,1200
threshold,0.200000,0.300000,12,0.400000,True,0.000000,1200
threshold,0.200000,0.300000,13,0.400000,True,0.000000,1200
threshold,0.200000,0.300000,14,0.400000,True,0.000000,1200
threshold,0.200000,0.300000,15,0.400000,True,0.000000,1200
threshold,0.200000,0.300000,16,0.400000,True,0.000000,1200
threshold,0.200000,0.300000,17,0.400000,True,0.000000,1200
threshold,0.200000,0.300000,18,0.400000,True,0.000000,1200
threshold,0.200000,0.300000,19,0.400000,True,0.000000,1200
threshold,0.200000,0.300000,20,0.400000,True,0.000000,1200
threshold,0.200000,0.300000,21,0.400000,True,0.000000,1200
threshold,0.200000,0.300000,22,0.400000,True,0.000000,1200
threshold,0.200000,0.300000,23,0.400000,True,0.000000,1200
threshold,0.200000,0.300000,24,0.400000,True,0.000000,1200
threshold,0.200000,0.300000,25,0.400000,True,0.000000,1200
threshold,0.200000,0.300000,26,0.380000,True,0.000000,1140
threshold,0.200000,0.300000,27,0.400000,True,0.000000,1200
threshold,0.200000,0.300000,28,0.400000,True,0.000000,1200
threshold,0.200000,0.300000,29,0.400000,True,0.000000,1200
threshold,0.200000,0.300000,30,0.400000,True,0.000000,1200
threshold,0.200000,0.300000,31,0.400000,True,0.000000,1200
threshold,0.200000,0.300000,32,0.400000,True,0.000000,1200
threshold,0.200000,0.300000,33,0.400000,True,0.000000,1200
threshold,0.200000,0.300000,34,0.400000,True,0.000000,1200
threshold,0.200000,0.300000,35,0.400000,True,0.000000,1200
threshold,0.200000,0.300000,36,0.400000,True,0.000000,1200
threshold,0.200000,0.300000,37,0.400000,True,0.000000,1200
threshold,0.200000,0.300000,38,0.400000,True,0.000000,1200
threshold,0.200000,0.300000,39,0.400000,True,0.000000,1200
threshold,0.200000,0.310000,0,0.420000,True,0.000000,1260
threshold,0.200000,0.310000,1,0.420000,True,0.000000,1260
threshold,0.200000,0.310000,2,0.420000,True,0.000000,1260
threshold,0.200000,0.310000,3,0.420000,True,0.000000,1260
threshold,0.200000,0.310000,4,0.420000,True,0.000000,1260
threshold,0.200000,0.310000,5,0.420000,True,0.000000,1260
threshold,0.200000,0.310000,6,0.420000,True,0.000000,1260
threshold,0.200000,0.310000,7,0.420000,True,0.000000,1260
threshold,0.200000,0.310000,8,0.420000,True,0.000000,1260
threshold,0.200000,0.310000,9,0.420000,True,0.000000,1260
threshold,0.200000,0.310000,10,0.420000,True,0.000000,1260
threshold,0.200000,0.310000,11,0.420000,True,0.000000,1260
threshold,0.200000,0.310000,12,0.420000,True,0.000000,1260
threshold,0.200000,0.310000,13,0.420000,True,0.000000,1260
threshold,0.200000,0.310000,14,0.420000,True,0.000000,1260
threshold,0.200000,0.310000,15,0.420000,True,0.000000,1260
threshold,0.200000,0.310000,16,0.420000,True,0.000000,1260
threshold,0.200000,0.310000,17,0.420000,True,0.000000,1260
threshold,0.200000,0.310000,18,0.420000,True,0.000000,1260
threshold,0.200000,0.310000,19,0.420000,True,0.000000,1260
threshold,0.200000,0.310000,20,0.420000,True,0.000000,1260
threshold,0.200000,0.310000,21,0.420000,True,0.000000,1260
threshold,0.200000,0.310000,22,0.420000,True,0.000000,1260
threshold,0.200000,0.310000,23,0.420000,True,0.000000,1260
threshold,0.200000,0.310000,24,0.420000,True,0.000000,1260
threshold,0.200000,0.310000,25,0.420000,True,0.000000,1260
threshold,0.200000,0.310000,26,0.420000,True,0.000000,1260
threshold,0.200000,0.310000,27,0.420000,True,0.000000,1260
threshold,0.200000,0.310000,28,0.420000,True,0.000000,1260
threshold,0.200000,0.310000,29,0.420000,True,0.000000,1260
threshold,0.200000,0.310000,30,0.420000,True,0.000000,1260
threshold,0.200000,0.310000,31,0.420000,True,0.000000,1260
threshold,0.200000,0.310000,32,0.420000,True,0.000000,1260
threshold,0.200000,0.310000,33,0.420000,True,0.000000,1260
threshold,0.200000,0.310000,34,0.420000,True,0.000000,1260
threshold,0.200000,0.310000,35,0.420000,True,0.000000,1260
threshold,0.200000,0.310000,36,0.420000,True,0.000000,1260
threshold,0.200000,0.310000,37,0.420000,True,0.000000,1260
threshold,0.200000,0.310000,38,0.420000,True,0.000000,1260
threshold,0.200000,0.310000,39,0.420000,True,0.000000,1260
threshold,0.200000,0.320000,0,0.440000,True,0.000000,1320
threshold,0.200000,0.320000,1,0.440000,True,0.000000,1320
threshold,0.200000,0.320000,2,0.440000,True,0.000000,1320
threshold,0.200000,0.320000,3,0.440000,True,0.000000,1320
threshold,0.200000,0.320000,4,0.440000,True,0.000000,1320
threshold,0.200000,0.320000,5,0.440000,True,0.000000,1320
threshold,0.200000,0.320000,6,0.440000,True,0.000000,1320
threshold,0.200000,0.320000,7,0.440000,True,0.000000,1320
threshold,0.200000,0.320000,8,0.440000,True,0.000000,1320
threshold,0.200000,0.320000,9,0.440000,True,0.000000,1320
threshold,0.200000,0.320000,10,0.440000,True,0.000000,1320
threshold,0.200000,0.320000,11,0.440000,True,0.000000,1320
threshold,0.200000,0.320000,12,0.440000,True,0.000000,1320
threshold,0.200000,0.320000,13,0.440000,True,0.000000,1320
threshold,0.200000,0.320000,14,0.440000,True,0.000000,1320
threshold,0.200000,0.320000,15,0.440000,True,0.000000,1320
threshold,0.200000,0.320000,16,0.440000,True,0.000000,1320
threshold,0.200000,0.320000,17,0.440000,True,0.000000,1320
threshold,0.200000,0.320000,18,0.440000,True,0.000000,1320
threshold,0.200000,0.320000,19,0.440000,True,0.000000,1320
threshold,0.200000,0.320000,20,0.440000,True,0.000000,1320
threshold,0.200000,0.320000,21,0.440000,True,0.000000,1320
threshold,0.200000,0.320000,22,0.440000,True,0.000000,1320
threshold,0.200000,0.320000,23,0.440000,True,0.000000,1320
threshold,0.200000,0.320000,24,0.440000,True,0.000000,1320
threshold,0.200000,0.320000,25,0.440000,True,0.000000,1320
threshold,0.200000,0.320000,26,0.440000,True,0.000000,1320
threshold,0.200000,0.320000,27,0.440000,True,0.000000,1320
threshold,0.200000,0.320000,28,0.440000,True,0.000000,1320
threshold,0.200000,0.320000,29,0.440000,True,0.000000,1320
threshold,0.200000,0.320000,30,0.440000,True,0.000000,1320
threshold,0.200000,0.320000,31,0.440000,True,0.000000,1320
threshold,0.200000,0.320000,32,0.440000,True,0.000000,1320
threshold,0.200000,0.320000,33,0.440000,True,0.000000,1320
threshold,0.200000,0.320000,34,0.440000,True,0.000000,1320
threshold,0.200000,0.320000,35,0.440000,True,0.000000,1320
threshold,0.200000,0.320000,36,0.440000,True,0.000000,1320
threshold,0.200000,0.320000,37,0.440000,True,0.000000,1320
threshold,0.200000,0.320000,38,0.440000,True,0.000000,1320
threshold,0.200000,0.320000,39,0.440000,True,0.000000,1320
threshold,0.200000,0.330000,0,0.460000,True,0.000000,1380
threshold,0.200000,0.330000,1,0.460000,True,0.000000,1380
threshold,0.200000,0.330000,2,0.460000,True,0.000000,1380
threshold,0.200000,0.330000,3,0.460000,True,0.000000,1380
threshold,0.200000,0.330000,4,0.460000,True,0.000000,1380
threshold,0.200000,0.330000,5,0.460000,True,0.000000,1380
threshold,0.200000,0.330000,6,0.460000,True,0.000000,1380
threshold,0.200000,0.330000,7,0.460000,True,0.000000,1380
threshold,0.200000,0.330000,8,0.460000,True,0.000000,1380
threshold,0.200000,0.330000,9,0.460000,True,0.000000,1380
threshold,0.200000,0.330000,10,0.460000,True,0.000000,1380
threshold,0.200000,0.330000,11,0.460000,True,0.000000,1380
threshold,0.200000,0.330000,12,0.460000,True,0.000000,1380
threshold,0.200000,0.330000,13,0.460000,True,0.000000,1380
threshold,0.200000,0.330000,14,0.460000,True,0.000000,1380
threshold,0.200000,0.330000,15,0.460000,True,0.000000,1380
threshold,0.200000,0.330000,16,0.460000,True,0.000000,1380
threshold,0.200000,0.330000,17,0.460000,True,0.000000,1380
threshold,0.200000,0.330000,18,0.460000,True,0.000000,1380
threshold,0.200000,0.330000,19,0.460000,True,0.000000,1380
threshold,0.200000,0.330000,20,0.460000,True,0.000000,1380
threshold,0.200000,0.330000,21,0.460000,True,0.000000,1380
threshold,0.200000,0.330000,22,0.460000,True,0.000000,1380
threshold,0.200000,0.330000,23,0.460000,True,0.000000,1380
threshold,0.200000,0.330000,24,0.460000,True,0.000000,1380
threshold,0.200000,0.330000,25,0.460000,True,0.000000,1380
threshold,0.200000,0.330000,26,0.460000,True,0.000000,1380
threshold,0.200000,0.330000,27,0.460000,True,0.000000,1380
threshold,0.200000,0.330000,28,0.460000,True,0.000000,1380
threshold,0.200000,0.330000,29,0.460000,True,0.000000,1380
threshold,0.200000,0.330000,30,0.460000,True,0.000000,1380
threshold,0.200000,0.330000,31,0.460000,True,0.000000,1380
threshold,0.200000,0.330000,32,0.460000,True,0.000000,1380
threshold,0.200000,0.330000,33,0.460000,True,0.000000,1380
threshold,0.200000,0.330000,34,0.460000,True,0.000000,1380
threshold,0.200000,0.330000,35,0.460000,True,0.000000,1380
threshold,0.200000,0.330000,36,0.460000,True,0.000000,1380
threshold,0.200000,0.330000,37,0.460000,True,0.000000,1380
threshold,0.200000,0.330000,38,0.460000,True,0.000000,1380
threshold,0.200000,0.330000,39,0.460000,True,0.000000,1380
threshold,0.200000,0.340000,0,0.480000,True,0.000000,1440
threshold,0.200000,0.340000,1,0.480000,True,0.000000,1440
threshold,0.200000,0.340000,2,0.480000,True,0.000000,1440
threshold,0.200000,0.340000,3,0.480000,True,0.000000,1440
threshold,0.200000,0.340000,4,0.480000,True,0.000000,1440
threshold,0.200000,0.340000,5,0.480000,True,0.000000,1440
threshold,0.200000,0.340000,6,0.480000,True,0.000000,1440
threshold,0.200000,0.340000,7,0.480000,True,0.000000,1440
threshold,0.200000,0.340000,8,0.480000,True,0.000000,1440
threshold,0.200000,0.340000,9,0.480000,True,0.000000,1440
threshold,0.200000,0.340000,10,0.480000,True,0.000000,1440
threshold,0.200000,0.340000,11,0.480000,True,0.000000,1440
threshold,0.200000,0.340000,12,0.480000,True,0.000000,1440
threshold,0.200000,0.340000,13,0.480000,True,0.000000,1440
threshold,0.200000,0.340000,14,0.480000,True,0.000000,1440
threshold,0.200000,0.340000,15,0.480000,True,0.000000,1440
threshold,0.200000,0.340000,16,0.480000,True,0.000000,1440
threshold,0.200000,0.340000,17,0.480000,True,0.000000,1440
threshold,0.200000,0.340000,18,0.480000,True,0.000000,1440
threshold,0.200000,0.340000,19,0.480000,True,0.000000,1440
threshold,0.200000,0.340000,20,0.480000,True,0.000000,1440
threshold,0.200000,0.340000,21,0.480000,True,0.000000,1440
threshold,0.200000,0.340000,22,0.480000,True,0.000000,1440
threshold,0.200000,0.340000,23,0.480000,True,0.000000,1440
threshold,0.200000,0.340000,24,0.480000,True,0.000000,1440
threshold,0.200000,0.340000,25,0.480000,True,0.000000,1440
threshold,0.200000,0.340000,26,0.480000,True,0.000000,1440
threshold,0.200000,0.340000,27,0.480000,True,0.000000,1440
threshold,0.200000,0.340000,28,0.480000,True,0.000000,1440
threshold,0.200000,0.340000,29,0.480000,True,0.000000,1440
threshold,0.200000,0.340000,30,0.480000,True,0.000000,1440
threshold,0.200000,0.340000,31,0.480000,True,0.000000,1440
threshold,0.200000,0.340000,32,0.480000,True,0.000000,1440
threshold,0.200000,0.340000,33,0.480000,True,0.000000,1440
threshold,0.200000,0.340000,34,0.480000,True,0.000000,1440
threshold,0.200000,0.340000,35,0.480000,True,0.000000,1440
threshold,0.200000,0.340000,36,0.480000,True,0.000000,1440
threshold,0.200000,0.340000,37,0.480000,True,0.000000,1440
threshold,0.200000,0.340000,38,0.480000,True,0.000000,1440
threshold,0.200000,0.340000,39,0.480000,True,0.000000,1440
threshold,0.200000,0.350000,0,0.500000,True,0.000000,1500
threshold,0.200000,0.350000,1,0.500000,True,0.000000,1500
threshold,0.200000,0.350000,2,0.500000,True,0.000000,1500
threshold,0.200000,0.350000,3,0.500000,True,0.000000,1500
threshold,0.200000,0.350000,4,0.480000,True,0.000000,1440
threshold,0.200000,0.350000,5,0.500000,True,0.000000,1500
threshold,0.200000,0.350000,6,0.500000,True,0.000000,1500
threshold,0.200000,0.350000,7,0.500000,True,0.000000,1500
threshold,0.200000,0.350000,8,0.500000,True,0.000000,1500
threshold,0.200000,0.350000,9,0.500000,True,0.000000,1500
threshold,0.200000,0.350000,10,0.500000,True,0.000000,1500
threshold,0.200000,0.350000,11,0.500000,True,0.000000,1500
threshold,0.200000,0.350000,12,0.500000,True,0.000000,1500
threshold,0.200000,0.350000,13,0.500000,True,0.000000,1500
threshold,0.200000,0.350000,14,0.500000,True,0.000000,1500
threshold,0.200000,0.350000,15,0.500000,True,0.000000,1500
threshold,0.200000,0.350000,16,0.500000,True,0.000000,1500
threshold,0.200000,0.350000,17,0.500000,True,0.000000,1500
threshold,0.200000,0.350000,18,0.500000,True,0.000000,1500
threshold,0.200000,0.350000,19,0.500000,True,0.000000,1500
threshold,0.200000,0.350000,20,0.500000,True,0.000000,1500
threshold,0.200000,0.350000,21,0.500000,True,0.000000,1500
threshold,0.200000,0.350000,22,0.500000,True,0.000000,1500
threshold,0.200000,0.350000,23,0.500000,True,0.000000,1500
threshold,0.200000,0.350000,24,0.500000,True,0.000000,1500
threshold,0.200000,0.350000,25,0.500000,True,0.000000,1500
threshold,0.200000,0.350000,26,0.500000,True,0.000000,1500
threshold,0.200000,0.350000,27,0.500000,True,0.000000,1500
threshold,0.200000,0.350000,28,0.500000,True,0.000000,1500
threshold,0.200000,0.350000,29,0.500000,True,0.000000,1500
threshold,0.200000,0.350000,30,0.500000,True,0.000000,1500
threshold,0.200000,0.350000,31,0.500000,True,0.000000,1500
threshold,0.200000,0.350000,32,0.500000,True,0.000000,1500
threshold,0.200000,0.350000,33,0.500000,True,0.000000,1500
threshold,0.200000,0.350000,34,0.520000,True,0.000000,1560
threshold,0.200000,0.350000,35,0.500000,True,0.000000,1500
threshold,0.200000,0.350000,36,0.500000,True,0.000000,1500
threshold,0.200000,0.350000,37,0.500000,True,0.000000,1500
threshold,0.200000,0.350000,38,0.500000,True,0.000000,1500
threshold,0.200000,0.350000,39,0.500000,True,0.000000,1500
threshold,0.200000,0.360000,0,0.520000,True,0.000000,1560
threshold,0.200000,0.360000,1,0.540000,True,0.000000,1620
threshold,0.200000,0.360000,2,0.520000,True,0.000000,1560
threshold,0.200000,0.360000,3,0.520000,True,0.000000,1560
threshold,0.200000,0.360000,4,0.520000,True,0.000000,1560
threshold,0.200000,0.360000,5,0.520000,True,0.000000,1560
threshold,0.200000,0.360000,6,0.520000,True,0.000000,1560
threshold,0.200000,0.360000,7,0.540000,True,0.000000,1620
threshold,0.200000,0.360000,8,0.520000,True,0.000000,1560
threshold,0.200000,0.360000,9,0.540000,True,0.000000,1620
threshold,0.200000,0.360000,10,0.540000,True,0.000000,1620
threshold,0.200000,0.360000,11,0.520000,True,0.000000,1560
threshold,0.200000,0.360000,12,0.520000,True,0.000000,1560
threshold,0.200000,0.360000,13,0.520000,True,0.000000,1560
threshold,0.200000,0.360000,14,0.540000,True,0.000000,1620
threshold,0.200000,0.360000,15,0.520000,True,0.000000,1560
threshold,0.200000,0.360000,16,0.540000,True,0.000000,1620
threshold,0.200000,0.360000,17,0.540000,True,0.000000,1620
threshold,0.200000,0.360000,18,0.540000,True,0.000000,1620
threshold,0.200000,0.360000,19,0.520000,True,0.000000,1560
threshold,0.200000,0.360000,20,0.540000,True,0.000000,1620
threshold,0.200000,0.360000,21,0.540000,True,0.000000,1620
threshold,0.200000,0.360000,22,0.540000,True,0.000000,1620
threshold,0.200000,0.360000,23,0.540000,True,0.000000,1620
threshold,0.200000,0.360000,24,0.540000,True,0.000000,1620
threshold,0.200000,0.360000,25,0.520000,True,0.000000,1560
threshold,0.200000,0.360000,26,0.520000,True,0.000000,1560
threshold,0.200000,0.360000,27,0.520000,True,0.000000,1560
threshold,0.200000,0.360000,28,0.540000,True,0.000000,1620
threshold,0.200000,0.360000,29,0.520000,True,0.000000,1560
threshold,0.200000,0.360000,30,0.520000,True,0.000000,1560
threshold,0.200000,0.360000,31,0.520000,True,0.000000,1560
threshold,0.200000,0.360000,32,0.520000,True,0.000000,1560
threshold,0.200000,0.360000,33,0.540000,True,0.000000,1620
threshold,0.200000,0.360000,34,0.540000,True,0.000000,1620
threshold,0.200000,0.360000,35,0.540000,True,0.000000,1620
threshold,0.200000,0.360000,36,0.540000,True,0.000000,1620
threshold,0.200000,0.360000,37,0.520000,True,0.000000,1560
threshold,0.200000,0.360000,38,0.540000,True,0.000000,1620
threshold,0.200000,0.360000,39,0.540000,True,0.000000,1620
threshold,0.200000,0.370000,0,0.540000,True,0.000000,1620
threshold,0.200000,0.370000,1,0.560000,True,0.000000,1680
threshold,0.200000,0.370000,2,0.560000,True,0.000000,1680
threshold,0.200000,0.370000,3,0.560000,True,0.000000,1680
threshold,0.200000,0.370000,4,0.560000,True,0.000000,1680
threshold,0.200000,0.370000,5,0.560000,True,0.000000,1680
threshold,0.200000,0.370000,6,0.560000,True,0.000000,1680
threshold,0.200000,0.370000,7,0.560000,True,0.000000,1680
threshold,0.200000,0.370000,8,0.560000,True,0.000000,1680
threshold,0.200000,0.370000,9,0.560000,True,0.000000,1680
threshold,0.200000,0.370000,10,0.560000,True,0.000000,1680
threshold,0.200000,0.370000,11,0.560000,True,0.000000,1680
threshold,0.200000,0.370000,12,0.560000,True,0.000000,1680
threshold,0.200000,0.370000,13,0.560000,True,0.000000,1680
threshold,0.200000,0.370000,14,0.560000,True,0.000000,1680
threshold,0.200000,0.370000,15,0.560000,True,0.000000,1680
threshold,0.200000,0.370000,16,0.560000,True,0.000000,1680
threshold,0.200000,0.370000,17,0.560000,True,0.000000,1680
threshold,0.200000,0.370000,18,0.560000,True,0.000000,1680
threshold,0.200000,0.370000,19,0.560000,True,0.000000,1680
threshold,0.200000,0.370000,20,0.560000,True,0.000000,1680
threshold,0.200000,0.370000,21,0.580000,True,0.000000,1740
threshold,0.200000,0.370000,22,0.560000,True,0.000000,1680
threshold,0.200000,0.370000,23,0.560000,True,0.000000,1680
threshold,0.200000,0.370000,24,0.560000,True,0.000000,1680
threshold,0.200000,0.370000,25,0.560000,True,0.000000,1680
threshold,0.200000,0.370000,26,0.560000,True,0.000000,1680
threshold,0.200000,0.370000,27,0.560000,True,0.000000,1680
threshold,0.200000,0.370000,28,0.560000,True,0.000000,1680
threshold,0.200000,0.370000,29,0.560000,True,0.000000,1680
threshold,0.200000,0.370000,30,0.560000,True,0.000000,1680
threshold,0.200000,0.370000,31,0.560000,True,0.000000,1680
threshold,0.200000,0.370000,32,0.560000,True,0.000000,1680
threshold,0.200000,0.370000,33,0.560000,True,0.000000,1680
threshold,0.200000,0.370000,34,0.560000,True,0.000000,1680
threshold,0.200000,0.370000,35,0.560000,True,0.000000,1680
threshold,0.200000,0.370000,36,0.560000,True,0.000000,1680
threshold,0.200000,0.370000,37,0.560000,True,0.000000,1680
threshold,0.200000,0.370000,38,0.560000,True,0.000000,1680
threshold,0.200000,0.370000,39,0.560000,True,0.000000,1680
threshold,0.200000,0.380000,0,0.560000,True,0.000000,1680
threshold,0.200000,0.380000,1,0.580000,True,0.000000,1740
threshold,0.200000,0.380000,2,0.580000,True,0.000000,1740
threshold,0.200000,0.380000,3,0.580000,True,0.000000,1740
threshold,0.200000,0.380000,4,0.580000,True,0.000000,1740
threshold,0.200000,0.380000,5,0.580000,True,0.000000,1740
threshold,0.200000,0.380000,6,0.600000,True,0.000000,1800
threshold,0.200000,0.380000,7,0.580000,True,0.000000,1740
threshold,0.200000,0.380000,8,0.580000,True,0.000000,1740
threshold,0.200000,0.380000,9,0.580000,True,0.000000,1740
threshold,0.200000,0.380000,10,0.580000,True,0.000000,1740
threshold,0.200000,0.380000,11,0.580000,True,0.000000,1740
threshold,0.200000,0.380000,12,0.580000,True,0.000000,1740
threshold,0.200000,0.380000,13,0.580000,True,0.000000,1740
threshold,0.200000,0.380000,14,0.580000,True,0.000000,1740
threshold,0.200000,0.380000,15,0.580000,True,0.000000,1740
threshold,0.200000,0.380000,16,0.580000,True,0.000000,1740
threshold,0.200000,0.380000,17,0.580000,True,0.000000,1740
threshold,0.200000,0.380000,18,0.580000,True,0.000000,1740
threshold,0.200000,0.380000,19,0.560000,True,0.000000,1680
threshold,0.200000,0.380000,20,0.600000,True,0.000000,1800
threshold,0.200000,0.380000,21,0.580000,True,0.000000,1740
threshold,0.200000,0.380000,22,0.580000,True,0.000000,1740
threshold,0.200000,0.380000,23,0.580000,True,0.000000,1740
threshold,0.200000,0.380000,24,0.580000,True,0.000000,1740
threshold,0.200000,0.380000,25,0.580000,True,0.000000,1740
threshold,0.200000,0.380000,26,0.580000,True,0.000000,1740
threshold,0.200000,0.380000,27,0.600000,True,0.000000,1800
threshold,0.200000,0.380000,28,0.580000,True,0.000000,1740
threshold,0.200000,0.380000,29,0.580000,True,0.000000,1740
threshold,0.200000,0.380000,30,0.580000,True,0.000000,1740
threshold,0.200000,0.380000,31,0.580000,True,0.000000,1740
threshold,0.200000,0.380000,32,0.580000,True,0.000000,1740
threshold,0.200000,0.380000,33,0.580000,True,0.000000,1740
threshold,0.200000,0.380000,34,0.580000,True,0.000000,1740
threshold,0.200000,0.380000,35,0.580000,True,0.000000,1740
threshold,0.200000,0.380000,36,0.580000,True,0.000000,1740
threshold,0.200000,0.380000,37,0.600000,True,0.000000,1800
threshold,0.200000,0.380000,38,0.580000,True,0.000000,1740
threshold,0.200000,0.380000,39,0.580000,True,0.000000,1740
threshold,0.200000,0.390000,0,0.600000,True,0.000000,1800
threshold,0.200000,0.390000,1,0.600000,True,0.000000,1800
threshold,0.200000,0.390000,2,0.600000,True,0.000000,1800
threshold,0.200000,0.390000,3,0.600000,True,0.000000,1800
threshold,0.200000,0.390000,4,0.600000,True,0.000000,1800
threshold,0.200000,0.390000,5,0.600000,True,0.000000,1800
threshold,0.200000,0.390000,6,0.600000,True,0.000000,1800
threshold,0.200000,0.390000,7,0.600000,True,0.000000,1800
threshold,0.200000,0.390000,8,0.600000,True,0.000000,1800
threshold,0.200000,0.390000,9,0.600000,True,0.000000,1800
threshold,0.200000,0.390000,10,0.600000,True,0.000000,1800
threshold,0.200000,0.390000,11,0.600000,True,0.000000,1800
threshold,0.200000,0.390000,12,0.600000,True,0.000000,1800
threshold,0.200000,0.390000,13,0.600000,True,0.000000,1800
threshold,0.200000,0.390000,14,0.600000,True,0.000000,1800
threshold,0.200000,0.390000,15,0.600000,True,0.000000,1800
threshold,0.200000,0.390000,16,0.600000,True,0.000000,1800
threshold,0.200000,0.390000,17,0.600000,True,0.000000,1800
threshold,0.200000,0.390000,18,0.600000,True,0.000000,1800
threshold,0.200000,0.390000,19,0.580000,True,0.000000,1740
threshold,0.200000,0.390000,20,0.600000,True,0.000000,1800
threshold,0.200000,0.390000,21,0.600000,True,0.000000,1800
threshold,0.200000,0.390000,22,0.600000,True,0.000000,1800
threshold,0.200000,0.390000,23,0.600000,True,0.000000,1800
threshold,0.200000,0.390000,24,0.580000,True,0.000000,1740
threshold,0.200000,0.390000,25,0.600000,True,0.000000,1800
threshold,0.200000,0.390000,26,0.600000,True,0.000000,1800
threshold,0.200000,0.390000,27,0.620000,True,0.000000,1860
threshold,0.200000,0.390000,28,0.600000,True,0.000000,1800
threshold,0.200000,0.390000,29,0.600000,True,0.000000,1800
threshold,0.200000,0.390000,30,0.600000,True,0.000000,1800
threshold,0.200000,0.390000,31,0.600000,True,0.000000,1800
threshold,0.200000,0.390000,32,0.600000,True,0.000000,1800
threshold,0.200000,0.390000,33,0.600000,True,0.000000,1800
threshold,0.200000,0.390000,34,0.600000,True,0.000000,1800
threshold,0.200000,0.390000,35,0.600000,True,0.000000,1800
threshold,0.200000,0.390000,36,0.600000,True,0.000000,1800
threshold,0.200000,0.390000,37,0.600000,True,0.000000,1800
threshold,0.200000,0.390000,38,0.600000,True,0.000000,1800
threshold,0.200000,0.390000,39,0.600000,True,0.000000,1800
threshold,0.200000,0.400000,0,0.600000,True,0.000000,1800
threshold,0.200000,0.400000,1,0.620000,True,0.000000,1860
threshold,0.200000,0.400000,2,0.620000,True,0.000000,1860
threshold,0.200000,0.400000,3,0.620000,True,0.000000,1860
threshold,0.200000,0.400000,4,0.620000,True,0.000000,1860
threshold,0.200000,0.400000,5,0.620000,True,0.000000,1860
threshold,0.200000,0.400000,6,0.620000,True,0.000000,1860
threshold,0.200000,0.400000,7,0.620000,True,0.000000,1860
threshold,0.200000,0.400000,8,0.600000,True,0.000000,1800
threshold,0.200000,0.400000,9,0.620000,True,0.000000,1860
threshold,0.200000,0.400000,10,0.620000,True,0.000000,1860
threshold,0.200000,0.400000,11,0.620000,True,0.000000,1860
threshold,0.200000,0.400000,12,0.600000,True,0.000000,1800
threshold,0.200000,0.400000,13,0.600000,True,0.000000,1800
threshold,0.200000,0.400000,14,0.620000,True,0.000000,1860
threshold,0.200000,0.400000,15,0.620000,True,0.000000,1860
threshold,0.200000,0.400000,16,0.620000,True,0.000000,1860
threshold,0.200000,0.400000,17,0.620000,True,0.000000,1860
threshold,0.200000,0.400000,18,0.620000,True,0.000000,1860
threshold,0.200000,0.400000,19,0.620000,True,0.000000,1860
threshold,0.200000,0.400000,20,0.620000,True,0.000000,1860
threshold,0.200000,0.400000,21,0.600000,True,0.000000,1800
threshold,0.200000,0.400000,22,0.620000,True,0.000000,1860
threshold,0.200000,0.400000,23,0.620000,True,0.000000,1860
threshold,0.200000,0.400000,24,0.620000,True,0.000000,1860
threshold,0.200000,0.400000,25,0.620000,True,0.000000,1860
threshold,0.200000,0.400000,26,0.600000,True,0.000000,1800
threshold,0.200000,0.400000,27,0.640000,True,0.000000,1920
threshold,0.200000,0.400000,28,0.620000,True,0.000000,1860
threshold,0.200000,0.400000,29,0.620000,True,0.000000,1860
threshold,0.200000,0.400000,30,0.620000,True,0.000000,1860
threshold,0.200000,0.400000,31,0.620000,True,0.000000,1860
threshold,0.200000,0.400000,32,0.600000,True,0.000000,1800
threshold,0.200000,0.400000,33,0.620000,True,0.000000,1860
threshold,0.200000,0.400000,34,0.640000,True,0.000000,1920
threshold,0.200000,0.400000,35,0.620000,True,0.000000,1860
threshold,0.200000,0.400000,36,0.620000,True,0.000000,1860
threshold,0.200000,0.400000,37,0.620000,True,0.000000,1860
threshold,0.200000,0.400000,38,0.620000,True,0.000000,1860
threshold,0.200000,0.400000,39,0.620000,True,0.000000,1860
threshold,0.200000,0.410000,0,0.640000,True,0.000000,1920
threshold,0.200000,0.410000,1,0.640000,True,0.000000,1920
threshold,0.200000,0.410000,2,0.640000,True,0.000000,1920
threshold,0.200000,0.410000,3,0.620000,True,0.000000,1860
threshold,0.200000,0.410000,4,0.620000,True,0.000000,1860
threshold,0.200000,0.410000,5,0.640000,True,0.000000,1920
threshold,0.200000,0.410000,6,0.620000,True,0.000000,1860
threshold,0.200000,0.410000,7,0.640000,True,0.000000,1920
threshold,0.200000,0.410000,8,0.640000,True,0.000000,1920
threshold,0.200000,0.410000,9,0.620000,True,0.000000,1860
threshold,0.200000,0.410000,10,0.620000,True,0.000000,1860
threshold,0.200000,0.410000,11,0.640000,True,0.000000,1920
threshold,0.200000,0.410000,12,0.620000,True,0.000000,1860
threshold,0.200000,0.410000,13,0.620000,True,0.000000,1860
threshold,0.200000,0.410000,14,0.620000,True,0.000000,1860
threshold,0.200000,0.410000,15,0.640000,True,0.000000,1920
threshold,0.200000,0.410000,16,0.640000,True,0.000000,1920
threshold,0.200000,0.410000,17,0.620000,True,0.000000,1860
threshold,0.200000,0.410000,18,0.640000,True,0.000000,1920
threshold,0.200000,0.410000,19,0.640000,True,0.000000,1920
threshold,0.200000,0.410000,20,0.640000,True,0.000000,1920
threshold,0.200000,0.410000,21,0.640000,True,0.000000,1920
threshold,0.200000,0.410000,22,0.640000,True,0.000000,1920
threshold,0.200000,0.410000,23,0.620000,True,0.000000,1860
threshold,0.200000,0.410000,24,0.640000,True,0.000000,1920
threshold,0.200000,0.410000,25,0.640000,True,0.000000,1920
threshold,0.200000,0.410000,26,0.620000,True,0.000000,1860
threshold,0.200000,0.410000,27,0.640000,True,0.000000,1920
threshold,0.200000,0.410000,28,0.620000,True,0.000000,1860
threshold,0.200000,0.410000,29,0.640000,True,0.000000,1920
threshold,0.200000,0.410000,30,0.620000,True,0.000000,1860
threshold,0.200000,0.410000,31,0.640000,True,0.000000,1920
threshold,0.200000,0.410000,32,0.620000,True,0.000000,1860
threshold,0.200000,0.410000,33,0.620000,True,0.000000,1860
threshold,0.200000,0.410000,34,0.640000,True,0.000000,1920
threshold,0.200000,0.410000,35,0.640000,True,0.000000,1920
threshold,0.200000,0.410000,36,0.620000,True,0.000000,1860
threshold,0.200000,0.410000,37,0.620000,True,0.000000,1860
threshold,0.200000,0.410000,38,0.640000,True,0.000000,1920
threshold,0.200000,0.410000,39,0.620000,True,0.000000,1860
threshold,0.200000,0.420000,0,0.660000,True,0.000000,1980
threshold,0.200000,0.420000,1,0.640000,True,0.000000,1920
threshold,0.200000,0.420000,2,0.640000,True,0.000000,1920
threshold,0.200000,0.420000,3,0.640000,True,0.000000,1920
threshold,0.200000,0.420000,4,0.640000,True,0.000000,1920
threshold,0.200000,0.420000,5,0.660000,True,0.000000,1980
threshold,0.200000,0.420000,6,0.660000,True,0.000000,1980
threshold,0.200000,0.420000,7,0.640000,True,0.000000,1920
threshold,0.200000,0.420000,8,0.640000,True,0.000000,1920
threshold,0.200000,0.420000,9,0.640000,True,0.000000,1920
threshold,0.200000,0.420000,10,0.620000,True,0.000000,1860
threshold,0.200000,0.420000,11,0.640000,True,0.000000,1920
threshold,0.200000,0.420000,12,0.640000,True,0.000000,1920
threshold,0.200000,0.420000,13,0.640000,True,0.000000,1920
threshold,0.200000,0.420000,14,0.640000,True,0.000000,1920
threshold,0.200000,0.420000,15,0.640000,True,0.000000,1920
threshold,0.200000,0.420000,16,0.640000,True,0.000000,1920
threshold,0.200000,0.420000,17,0.640000,True,0.000000,1920
threshold,0.200000,0.420000,18,0.640000,True,0.000000,1920
threshold,0.200000,0.420000,19,0.640000,True,0.000000,1920
threshold,0.200000,0.420000,20,0.640000,True,0.000000,1920
threshold,0.200000,0.420000,21,0.660000,True,0.000000,1980
threshold,0.200000,0.420000,22,0.640000,True,0.000000,1920
threshold,0.200000,0.420000,23,0.640000,True,0.000000,1920
threshold,0.200000,0.420000,24,0.660000,True,0.000000,1980
threshold,0.200000,0.420000,25,0.620000,True,0.000000,1860
threshold,0.200000,0.420000,26,0.640000,True,0.000000,1920
threshold,0.200000,0.420000,27,0.660000,True,0.000000,1980
threshold,0.200000,0.420000,28,0.640000,True,0.000000,1920
threshold,0.200000,0.420000,29,0.660000,True,0.000000,1980
threshold,0.200000,0.420000,30,0.620000,True,0.000000,1860
threshold,0.200000,0.420000,31,0.660000,True,0.000000,1980
threshold,0.200000,0.420000,32,0.640000,True,0.000000,1920
threshold,0.200000,0.420000,33,0.640000,True,0.000000,1920
threshold,0.200000,0.420000,34,0.640000,True,0.000000,1920
threshold,0.200000,0.420000,35,0.640000,True,0.000000,1920
threshold,0.200000,0.420000,36,0.620000,True,0.000000,1860
threshold,0.200000,0.420000,37,0.640000,True,0.000000,1920
threshold,0.200000,0.420000,38,0.640000,True,0.000000,1920
threshold,0.200000,0.420000,39,0.660000,True,0.000000,1980
threshold,0.200000,0.430000,0,0.660000,True,0.000000,1980
threshold,0.200000,0.430000,1,0.660000,True,0.000000,1980
threshold,0.200000,0.430000,2,0.640000,True,0.000000,1920
threshold,0.200000,0.430000,3,0.640000,True,0.000000,1920
threshold,0.200000,0.430000,4,0.660000,True,0.000000,1980
threshold,0.200000,0.430000,5,0.660000,True,0.000000,1980
threshold,0.200000,0.430000,6,0.660000,True,0.000000,1980
threshold,0.200000,0.430000,7,0.660000,True,0.000000,1980
threshold,0.200000,0.430000,8,0.660000,True,0.000000,1980
threshold,0.200000,0.430000,9,0.660000,True,0.000000,1980
threshold,0.200000,0.430000,10,0.660000,True,0.000000,1980
threshold,0.200000,0.430000,11,0.660000,True,0.000000,1980
threshold,0.200000,0.430000,12,0.640000,True,0.000000,1920
threshold,0.200000,0.430000,13,0.660000,True,0.000000,1980
threshold,0.200000,0.430000,14,0.640000,True,0.000000,1920
threshold,0.200000,0.430000,15,0.640000,True,0.000000,1920
threshold,0.200000,0.430000,16,0.660000,True,0.000000,1980
threshold,0.200000,0.430000,17,0.660000,True,0.000000,1980
threshold,0.200000,0.430000,18,0.660000,True,0.000000,1980
threshold,0.200000,0.430000,19,0.660000,True,0.000000,1980
threshold,0.200000,0.430000,20,0.660000,True,0.000000,1980
threshold,0.200000,0.430000,21,0.640000,True,0.000000,1920
threshold,0.200000,0.430000,22,0.660000,True,0.000000,1980
threshold,0.200000,0.430000,23,0.660000,True,0.000000,1980
threshold,0.200000,0.430000,24,0.660000,True,0.000000,1980
threshold,0.200000,0.430000,25,0.660000,True,0.000000,1980
threshold,0.200000,0.430000,26,0.660000,True,0.000000,1980
threshold,0.200000,0.430000,27,0.660000,True,0.000000,1980
threshold,0.200000,0.430000,28,0.660000,True,0.000000,1980
threshold,0.200000,0.430000,29,0.680000,True,0.000000,2040
threshold,0.200000,0.430000,30,0.660000,True,0.000000,1980
threshold,0.200000,0.430000,31,0.640000,True,0.000000,1920
threshold,0.200000,0.430000,32,0.660000,True,0.000000,1980
threshold,0.200000,0.430000,33,0.660000,True,0.000000,1980
threshold,0.200000,0.430000,34,0.680000,True,0.000000,2040
threshold,0.200000,0.430000,35,0.660000,True,0.000000,1980
threshold,0.200000,0.430000,36,0.640000,True,0.000000,1920
threshold,0.200000,0.430000,37,0.660000,True,0.000000,1980
threshold,0.200000,0.430000,38,0.660000,True,0.000000,1980
threshold,0.200000,0.430000,39,0.660000,True,0.000000,1980
threshold,0.200000,0.440000,0,0.660000,True,0.000000,1980
threshold,0.200000,0.440000,1,0.680000,True,0.000000,2040
threshold,0.200000,0.440000,2,0.660000,True,0.000000,1980
threshold,0.200000,0.440000,3,0.660000,True,0.000000,1980
threshold,0.200000,0.440000,4,0.680000,True,0.000000,2040
threshold,0.200000,0.440000,5,0.660000,True,0.000000,1980
threshold,0.200000,0.440000,6,0.680000,True,0.000000,2040
threshold,0.200000,0.440000,7,0.680000,True,0.000000,2040
threshold,0.200000,0.440000,8,0.680000,True,0.000000,2040
threshold,0.200000,0.440000,9,0.660000,True,0.000000,1980
threshold,0.200000,0.440000,10,0.680000,True,0.000000,2040
threshold,0.200000,0.440000,11,0.680000,True,0.000000,2040
threshold,0.200000,0.440000,12,0.660000,True,0.000000,1980
threshold,0.200000,0.440000,13,0.680000,True,0.000000,2040
threshold,0.200000,0.440000,14,0.680000,True,0.000000,2040
threshold,0.200000,0.440000,15,0.660000,True,0.000000,1980
threshold,0.200000,0.440000,16,0.680000,True,0.000000,2040
threshold,0.200000,0.440000,17,0.660000,True,0.000000,1980
threshold,0.200000,0.440000,18,0.680000,True,0.000000,2040
threshold,0.200000,0.440000,19,0.660000,True,0.000000,1980
threshold,0.200000,0.440000,20,0.660000,True,0.000000,1980
threshold,0.200000,0.440000,21,0.660000,True,0.000000,1980
threshold,0.200000,0.440000,22,0.660000,True,0.000000,1980
threshold,0.200000,0.440000,23,0.680000,True,0.000000,2040
threshold,0.200000,0.440000,24,0.660000,True,0.000000,1980
threshold,0.200000,0.440000,25,0.660000,True,0.000000,1980
threshold,0.200000,0.440000,26,0.680000,True,0.000000,2040
threshold,0.200000,0.440000,27,0.700000,True,0.000000,2100
threshold,0.200000,0.440000,28,0.680000,True,0.000000,2040
threshold,0.200000,0.440000,29,0.660000,True,0.000000,1980
threshold,0.200000,0.440000,30,0.660000,True,0.000000,1980
threshold,0.200000,0.440000,31,0.680000,True,0.000000,2040
threshold,0.200000,0.440000,32,0.680000,True,0.000000,2040
threshold,0.200000,0.440000,33,0.660000,True,0.000000,1980
threshold,0.200000,0.440000,34,0.660000,True,0.000000,1980
threshold,0.200000,0.440000,35,0.680000,True,0.000000,2040
threshold,0.200000,0.440000,36,0.680000,True,0.000000,2040
threshold,0.200000,0.440000,37,0.680000,True,0.000000,2040
threshold,0.200000,0.440000,38,0.680000,True,0.000000,2040
threshold,0.200000,0.440000,39,0.660000,True,0.000000,1980
threshold,0.200000,0.450000,0,0.680000,True,0.000000,2040
threshold,0.200000,0.450000,1,0.680000,True,0.000000,2040
threshold,0.200000,0.450000,2,0.680000,True,0.000000,2040
threshold,0.200000,0.450000,3,0.680000,True,0.000000,2040
threshold,0.200000,0.450000,4,0.680000,True,0.000000,2040
threshold,0.200000,0.450000,5,0.680000,True,0.000000,2040
threshold,0.200000,0.450000,6,0.680000,True,0.000000,2040
threshold,0.200000,0.450000,7,0.680000,True,0.000000,2040
threshold,0.200000,0.450000,8,0.680000,True,0.000000,2040
threshold,0.200000,0.450000,9,0.680000,True,0.000000,2040
threshold,0.200000,0.450000,10,0.700000,True,0.000000,2100
threshold,0.200000,0.450000,11,0.680000,True,0.000000,2040
threshold,0.200000,0.450000,12,0.680000,True,0.000000,2040
threshold,0.200000,0.450000,13,0.700000,True,0.000000,2100
threshold,0.200000,0.450000,14,0.680000,True,0.000000,2040
threshold,0.200000,0.450000,15,0.680000,True,0.000000,2040
threshold,0.200000,0.450000,16,0.680000,True,0.000000,2040
threshold,0.200000,0.450000,17,0.680000,True,0.000000,2040
threshold,0.200000,0.450000,18,0.680000,True,0.000000,2040
threshold,0.200000,0.450000,19,0.680000,True,0.000000,2040
threshold,0.200000,0.450000,20,0.700000,True,0.000000,2100
threshold,0.200000,0.450000,21,0.660000,True,0.000000,1980
threshold,0.200000,0.450000,22,0.680000,True,0.000000,2040
threshold,0.200000,0.450000,23,0.700000,True,0.000000,2100
threshold,0.200000,0.450000,24,0.680000,True,0.000000,2040
threshold,0.200000,0.450000,25,0.680000,True,0.000000,2040
threshold,0.200000,0.450000,26,0.680000,True,0.000000,2040
threshold,0.200000,0.450000,27,0.750000,True,0.000000,2250
threshold,0.200000,0.450000,28,0.680000,True,0.000000,2040
threshold,0.200000,0.450000,29,0.680000,True,0.000000,2040
threshold,0.200000,0.450000,30,0.680000,True,0.000000,2040
threshold,0.200000,0.450000,31,0.700000,True,0.000000,2100
threshold,0.200000,0.450000,32,0.700000,True,0.000000,2100
threshold,0.200000,0.450000,33,0.680000,True,0.000000,2040
threshold,0.200000,0.450000,34,0.680000,True,0.000000,2040
threshold,0.200000,0.450000,35,0.680000,True,0.000000,2040
threshold,0.200000,0.450000,36,0.660000,True,0.000000,1980
threshold,0.200000,0.450000,37,0.680000,True,0.000000,2040
threshold,0.200000,0.450000,38,0.680000,True,0.000000,2040
threshold,0.200000,0.450000,39,0.680000,True,0.000000,2040
threshold,0.200000,0.460000,0,0.700000,True,0.000000,2100
threshold,0.200000,0.460000,1,0.680000,True,0.000000,2040
threshold,0.200000,0.460000,2,0.700000,True,0.000000,2100
threshold,0.200000,0.460000,3,0.700000,True,0.000000,2100
threshold,0.200000,0.460000,4,0.700000,True,0.000000,2100
threshold,0.200000,0.460000,5,0.700000,True,0.000000,2100
threshold,0.200000,0.460000,6,0.700000,True,0.000000,2100
threshold,0.200000,0.460000,7,0.680000,True,0.000000,2040
threshold,0.200000,0.460000,8,0.700000,True,0.000000,2100
threshold,0.200000,0.460000,9,0.680000,True,0.000000,2040
threshold,0.200000,0.460000,10,0.700000,True,0.000000,2100
threshold,0.200000,0.460000,11,0.680000,True,0.000000,2040
threshold,0.200000,0.460000,12,0.680000,True,0.000000,2040
threshold,0.200000,0.460000,13,0.700000,True,0.000000,2100
threshold,0.200000,0.460000,14,0.700000,True,0.000000,2100
threshold,0.200000,0.460000,15,0.700000,True,0.000000,2100
threshold,0.200000,0.460000,16,0.680000,True,0.000000,2040
threshold,0.200000,0.460000,17,0.700000,True,0.000000,2100
threshold,0.200000,0.460000,18,0.680000,True,0.000000,2040
threshold,0.200000,0.460000,19,0.700000,True,0.000000,2100
threshold,0.200000,0.460000,20,0.700000,True,0.000000,2100
threshold,0.200000,0.460000,21,0.680000,True,0.000000,2040
threshold,0.200000,0.460000,22,0.700000,True,0.000000,2100
threshold,0.200000,0.460000,23,0.700000,True,0.000000,2100
threshold,0.200000,0.460000,24,0.680000,True,0.000000,2040
threshold,0.200000,0.460000,25,0.680000,True,0.000000,2040
threshold,0.200000,0.460000,26,0.700000,True,0.000000,2100
threshold,0.200000,0.460000,27,0.700000,True,0.000000,2100
threshold,0.200000,0.460000,28,0.680000,True,0.000000,2040
threshold,0.200000,0.460000,29,0.680000,True,0.000000,2040
threshold,0.200000,0.460000,30,0.680000,True,0.000000,2040
threshold,0.200000,0.460000,31,0.700000,True,0.000000,2100
threshold,0.200000,0.460000,32,0.700000,True,0.000000,2100
threshold,0.200000,0.460000,33,0.700000,True,0.000000,2100
threshold,0.200000,0.460000,34,0.700000,True,0.000000,2100
threshold,0.200000,0.460000,35,0.700000,True,0.000000,2100
threshold,0.200000,0.460000,36,0.680000,True,0.000000,2040
threshold,0.200000,0.460000,37,0.700000,True,0.000000,2100
threshold,0.200000,0.460000,38,0.680000,True,0.000000,2040
threshold,0.200000,0.460000,39,0.700000,True,0.000000,2100
threshold,0.200000,0.470000,0,0.750000,True,0.000000,2250
threshold,0.200000,0.470000,1,0.700000,True,0.000000,2100
threshold,0.200000,0.470000,2,0.750000,True,0.000000,2250
threshold,0.200000,0.470000,3,0.700000,True,0.000000,2100
threshold,0.200000,0.470000,4,0.750000,True,0.000000,2250
threshold,0.200000,0.470000,5,0.750000,True,0.000000,2250
threshold,0.200000,0.470000,6,0.700000,True,0.000000,2100
threshold,0.200000,0.470000,7,0.750000,True,0.000000,2250
threshold,0.200000,0.470000,8,0.750000,True,0.000000,2250
threshold,0.200000,0.470000,9,0.700000,True,0.000000,2100
threshold,0.200000,0.470000,10,0.680000,True,0.000000,2040
threshold,0.200000,0.470000,11,0.750000,True,0.000000,2250
threshold,0.200000,0.470000,12,0.750000,True,0.000000,2250
threshold,0.200000,0.470000,13,0.700000,True,0.000000,2100
threshold,0.200000,0.470000,14,0.700000,True,0.000000,2100
threshold,0.200000,0.470000,15,0.700000,True,0.000000,2100
threshold,0.200000,0.470000,16,0.700000,True,0.000000,2100
threshold,0.200000,0.470000,17,0.750000,True,0.000000,2250
threshold,0.200000,0.470000,18,0.700000,True,0.000000,2100
threshold,0.200000,0.470000,19,0.750000,True,0.000000,2250
threshold,0.200000,0.470000,20,0.700000,True,0.000000,2100
threshold,0.200000,0.470000,21,0.700000,True,0.000000,2100
threshold,0.200000,0.470000,22,0.750000,True,0.000000,2250
threshold,0.200000,0.470000,23,0.750000,True,0.000000,2250
threshold,0.200000,0.470000,24,0.750000,True,0.000000,2250
threshold,0.200000,0.470000,25,0.750000,True,0.000000,2250
threshold,0.200000,0.470000,26,0.750000,True,0.000000,2250
threshold,0.200000,0.470000,27,0.700000,True,0.000000,2100
threshold,0.200000,0.470000,28,0.700000,True,0.000000,2100
threshold,0.200000,0.470000,29,0.750000,True,0.000000,2250
threshold,0.200000,0.470000,30,0.700000,True,0.000000,2100
threshold,0.200000,0.470000,31,0.700000,True,0.000000,2100
threshold,0.200000,0.470000,32,0.750000,True,0.000000,2250
threshold,0.200000,0.470000,33,0.700000,True,0.000000,2100
threshold,0.200000,0.470000,34,0.700000,True,0.000000,2100
threshold,0.200000,0.470000,35,0.700000,True,0.000000,2100
threshold,0.200000,0.470000,36,0.700000,True,0.000000,2100
threshold,0.200000,0.470000,37,0.750000,True,0.000000,2250
threshold,0.200000,0.470000,38,0.700000,True,0.000000,2100
threshold,0.200000,0.470000,39,0.750000,True,0.000000,2250
threshold,0.200000,0.480000,0,0.750000,True,0.000000,2250
threshold,0.200000,0.480000,1,0.750000,True,0.000000,2250
threshold,0.200000,0.480000,2,0.750000,True,0.000000,2250
threshold,0.200000,0.480000,3,0.750000,True,0.000000,2250
threshold,0.200000,0.480000,4,0.750000,True,0.000000,2250
threshold,0.200000,0.480000,5,0.750000,True,0.000000,2250
threshold,0.200000,0.480000,6,0.750000,True,0.000000,2250
threshold,0.200000,0.480000,7,0.750000,True,0.000000,2250
threshold,0.200000,0.480000,8,0.750000,True,0.000000,2250
threshold,0.200000,0.480000,9,0.750000,True,0.000000,2250
threshold,0.200000,0.480000,10,0.700000,True,0.000000,2100
threshold,0.200000,0.480000,11,0.750000,True,0.000000,2250
threshold,0.200000,0.480000,12,0.750000,True,0.000000,2250
threshold,0.200000,0.480000,13,0.750000,True,0.000000,2250
threshold,0.200000,0.480000,14,0.750000,True,0.000000,2250
threshold,0.200000,0.480000,15,0.750000,True,0.000000,2250
threshold,0.200000,0.480000,16,0.750000,True,0.000000,2250
threshold,0.200000,0.480000,17,0.750000,True,0.000000,2250
threshold,0.200000,0.480000,18,0.750000,True,0.000000,2250
threshold,0.200000,0.480000,19,0.750000,True,0.000000,2250
threshold,0.200000,0.480000,20,0.750000,True,0.000000,2250
threshold,0.200000,0.480000,21,0.750000,True,0.000000,2250
threshold,0.200000,0.480000,22,0.750000,True,0.000000,2250
threshold,0.200000,0.480000,23,0.750000,True,0.000000,2250
threshold,0.200000,0.480000,24,0.750000,True,0.000000,2250
threshold,0.200000,0.480000,25,0.750000,True,0.000000,2250
threshold,0.200000,0.480000,26,0.750000,True,0.000000,2250
threshold,0.200000,0.480000,27,0.750000,True,0.000000,2250
threshold,0.200000,0.480000,28,0.750000,True,0.000000,2250
threshold,0.200000,0.480000,29,0.750000,True,0.000000,2250
threshold,0.200000,0.480000,30,0.750000,True,0.000000,2250
threshold,0.200000,0.480000,31,0.750000,True,0.000000,2250
threshold,0.200000,0.480000,32,0.750000,True,0.000000,2250
threshold,0.200000,0.480000,33,0.750000,True,0.000000,2250
threshold,0.200000,0.480000,34,0.750000,True,0.000000,2250
threshold,0.200000,0.480000,35,0.750000,True,0.000000,2250
threshold,0.200000,0.480000,36,0.750000,True,0.000000,2250
threshold,0.200000,0.480000,37,0.750000,True,0.000000,2250
threshold,0.200000,0.480000,38,0.750000,True,0.000000,2250
threshold,0.200000,0.480000,39,0.750000,True,0.000000,2250
threshold,0.200000,0.490000,0,0.750000,True,0.000000,2250
threshold,0.200000,0.490000,1,0.750000,True,0.000000,2250
threshold,0.200000,0.490000,2,0.750000,True,0.000000,2250
threshold,0.200000,0.490000,3,0.750000,True,0.000000,2250
threshold,0.200000,0.490000,4,0.750000,True,0.000000,2250
threshold,0.200000,0.490000,5,0.750000,True,0.000000,2250
threshold,0.200000,0.490000,6,0.750000,True,0.000000,2250
threshold,0.200000,0.490000,7,0.750000,True,0.000000,2250
threshold,0.200000,0.490000,8,0.750000,True,0.000000,2250
threshold,0.200000,0.490000,9,0.750000,True,0.000000,2250
threshold,0.200000,0.490000,10,0.750000,True,0.000000,2250
threshold,0.200000,0.490000,11,0.750000,True,0.000000,2250
threshold,0.200000,0.490000,12,0.750000,True,0.000000,2250
threshold,0.200000,0.490000,13,0.750000,True,0.000000,2250
threshold,0.200000,0.490000,14,0.750000,True,0.000000,2250
threshold,0.200000,0.490000,15,0.750000,True,0.000000,2250
threshold,0.200000,0.490000,16,0.750000,True,0.000000,2250
threshold,0.200000,0.490000,17,0.750000,True,0.000000,2250
threshold,0.200000,0.490000,18,0.750000,True,0.000000,2250
threshold,0.200000,0.490000,19,0.750000,True,0.000000,2250
threshold,0.200000,0.490000,20,0.750000,True,0.000000,2250
threshold,0.200000,0.490000,21,0.750000,True,0.000000,2250
threshold,0.200000,0.490000,22,0.750000,True,0.000000,2250
threshold,0.200000,0.490000,23,0.750000,True,0.000000,2250
threshold,0.200000,0.490000,24,0.750000,True,0.000000,2250
threshold,0.200000,0.490000,25,0.750000,True,0.000000,2250
threshold,0.200000,0.490000,26,0.750000,True,0.000000,2250
threshold,0.200000,0.490000,27,0.750000,True,0.000000,2250
threshold,0.200000,0.490000,28,0.750000,True,0.000000,2250
threshold,0.200000,0.490000,29,0.750000,True,0.000000,2250
threshold,0.200000,0.490000,30,0.750000,True,0.000000,2250
threshold,0.200000,0.490000,31,0.750000,True,0.000000,2250
threshold,0.200000,0.490000,32,0.750000,True,0.000000,2250
threshold,0.200000,0.490000,33,0.750000,True,0.000000,2250
threshold,0.200000,0.490000,34,0.750000,True,0.000000,2250
threshold,0.200000,0.490000,35,0.750000,True,0.000000,2250
threshold,0.200000,0.490000,36,0.750000,True,0.000000,2250
threshold,0.200000,0.490000,37,0.750000,True,0.000000,2250
threshold,0.200000,0.490000,38,0.750000,True,0.000000,2250
threshold,0.200000,0.490000,39,0.750000,True,0.000000,2250
threshold,0.200000,0.500000,0,0.800000,True,0.000000,2400
threshold,0.200000,0.500000,1,0.750000,True,0.000000,2250
threshold,0.200000,0.500000,2,0.800000,True,0.000000,2400
threshold,0.200000,0.500000,3,0.750000,True,0.000000,2250
threshold,0.200000,0.500000,4,0.750000,True,0.000000,2250
threshold,0.200000,0.500000,5,0.750000,True,0.000000,2250
threshold,0.200000,0.500000,6,0.800000,True,0.000000,2400
threshold,0.200000,0.500000,7,0.750000,True,0.000000,2250
threshold,0.200000,0.500000,8,0.750000,True,0.000000,2250
threshold,0.200000,0.500000,9,0.750000,True,0.000000,2250
threshold,0.200000,0.500000,10,0.750000,True,0.000000,2250
threshold,0.200000,0.500000,11,0.750000,True,0.000000,2250
threshold,0.200000,0.500000,12,0.750000,True,0.000000,2250
threshold,0.200000,0.500000,13,0.750000,True,0.000000,2250
threshold,0.200000,0.500000,14,0.800000,True,0.000000,2400
threshold,0.200000,0.500000,15,0.750000,True,0.000000,2250
threshold,0.200000,0.500000,16,0.750000,True,0.000000,2250
threshold,0.200000,0.500000,17,0.750000,True,0.000000,2250
threshold,0.200000,0.500000,18,0.800000,True,0.000000,2400
threshold,0.200000,0.500000,19,0.750000,True,0.000000,2250
threshold,0.200000,0.500000,20,0.750000,True,0.000000,2250
threshold,0.200000,0.500000,21,0.750000,True,0.000000,2250
threshold,0.200000,0.500000,22,0.750000,True,0.000000,2250
threshold,0.200000,0.500000,23,0.750000,True,0.000000,2250
threshold,0.200000,0.500000,24,0.800000,True,0.000000,2400
threshold,0.200000,0.500000,25,0.800000,True,0.000000,2400
threshold,0.200000,0.500000,26,0.800000,True,0.000000,2400
threshold,0.200000,0.500000,27,0.750000,True,0.000000,2250
threshold,0.200000,0.500000,28,0.750000,True,0.000000,2250
threshold,0.200000,0.500000,29,0.750000,True,0.000000,2250
threshold,0.200000,0.500000,30,0.750000,True,0.000000,2250
threshold,0.200000,0.500000,31,0.800000,True,0.000000,2400
threshold,0.200000,0.500000,32,0.750000,True,0.000000,2250
threshold,0.200000,0.500000,33,0.800000,True,0.000000,2400
threshold,0.200000,0.500000,34,0.750000,True,0.000000,2250
threshold,0.200000,0.500000,35,0.800000,True,0.000000,2400
threshold,0.200000,0.500000,36,0.750000,True,0.000000,2250
threshold,0.200000,0.500000,37,0.750000,True,0.000000,2250
threshold,0.200000,0.500000,38,0.750000,True,0.000000,2250
threshold,0.200000,0.500000,39,0.750000,True,0.000000,2250
threshold,0.200000,0.510000,0,0.800000,True,0.000000,2400
threshold,0.200000,0.510000,1,0.800000,True,0.000000,2400
threshold,0.200000,0.510000,2,0.800000,True,0.000000,2400
threshold,0.200000,0.510000,3,0.800000,True,0.000000,2400
threshold,0.200000,0.510000,4,0.800000,True,0.000000,2400
threshold,0.200000,0.510000,5,0.800000,True,0.000000,2400
threshold,0.200000,0.510000,6,0.800000,True,0.000000,2400
threshold,0.200000,0.510000,7,0.800000,True,0.000000,2400
threshold,0.200000,0.510000,8,0.800000,True,0.000000,2400
threshold,0.200000,0.510000,9,0.800000,True,0.000000,2400
threshold,0.200000,0.510000,10,0.800000,True,0.000000,2400
threshold,0.200000,0.510000,11,0.800000,True,0.000000,2400
threshold,0.200000,0.510000,12,0.750000,True,0.000000,2250
threshold,0.200000,0.510000,13,0.800000,True,0.000000,2400
threshold,0.200000,0.510000,14,0.800000,True,0.000000,2400
threshold,0.200000,0.510000,15,0.800000,True,0.000000,2400
threshold,0.200000,0.510000,16,0.800000,True,0.000000,2400
threshold,0.200000,0.510000,17,0.800000,True,0.000000,2400
threshold,0.200000,0.510000,18,0.800000,True,0.000000,2400
threshold,0.200000,0.510000,19,0.800000,True,0.000000,2400
threshold,0.200000,0.510000,20,0.800000,True,0.000000,2400
threshold,0.200000,0.510000,21,0.800000,True,0.000000,2400
threshold,0.200000,0.510000,22,0.800000,True,0.000000,2400
threshold,0.200000,0.510000,23,0.800000,True,0.000000,2400
threshold,0.200000,0.510000,24,0.800000,True,0.000000,2400
threshold,0.200000,0.510000,25,0.800000,True,0.000000,2400
threshold,0.200000,0.510000,26,0.800000,True,0.000000,2400
threshold,0.200000,0.510000,27,0.800000,True,0.000000,2400
threshold,0.200000,0.510000,28,0.800000,True,0.000000,2400
threshold,0.200000,0.510000,29,0.800000,True,0.000000,2400
threshold,0.200000,0.510000,30,0.800000,True,0.000000,2400
threshold,0.200000,0.510000,31,0.800000,True,0.000000,2400
threshold,0.200000,0.510000,32,0.800000,True,0.000000,2400
threshold,0.200000,0.510000,33,0.800000,True,0.000000,2400
threshold,0.200000,0.510000,34,0.800000,True,0.000000,2400
threshold,0.200000,0.510000,35,0.800000,True,0.000000,2400
threshold,0.200000,0.510000,36,0.800000,True,0.000000,2400
threshold,0.200000,0.510000,37,0.800000,True,0.000000,2400
threshold,0.200000,0.510000,38,0.800000,True,0.000000,2400
threshold,0.200000,0.510000,39,0.800000,True,0.000000,2400
threshold,0.200000,0.520000,0,0.800000,True,0.000000,2400
threshold,0.200000,0.520000,1,0.800000,True,0.000000,2400
threshold,0.200000,0.520000,2,0.800000,True,0.000000,2400
threshold,0.200000,0.520000,3,0.800000,True,0.000000,2400
threshold,0.200000,0.520000,4,0.800000,True,0.000000,2400
threshold,0.200000,0.520000,5,0.800000,True,0.000000,2400
threshold,0.200000,0.520000,6,0.850000,True,0.000000,2550
threshold,0.200000,0.520000,7,0.800000,True,0.000000,2400
threshold,0.200000,0.520000,8,0.800000,True,0.000000,2400
threshold,0.200000,0.520000,9,0.800000,True,0.000000,2400
threshold,0.200000,0.520000,10,0.800000,True,0.000000,2400
threshold,0.200000,0.520000,11,0.800000,True,0.000000,2400
threshold,0.200000,0.520000,12,0.800000,True,0.000000,2400
threshold,0.200000,0.520000,13,0.800000,True,0.000000,2400
threshold,0.200000,0.520000,14,0.800000,True,0.000000,2400
threshold,0.200000,0.520000,15,0.800000,True,0.000000,2400
threshold,0.200000,0.520000,16,0.800000,True,0.000000,2400
threshold,0.200000,0.520000,17,0.800000,True,0.000000,2400
threshold,0.200000,0.520000,18,0.850000,True,0.000000,2550
threshold,0.200000,0.520000,19,0.800000,True,0.000000,2400
threshold,0.200000,0.520000,20,0.850000,True,0.000000,2550
threshold,0.200000,0.520000,21,0.800000,True,0.000000,2400
threshold,0.200000,0.520000,22,0.800000,True,0.000000,2400
threshold,0.200000,0.520000,23,0.800000,True,0.000000,2400
threshold,0.200000,0.520000,24,0.800000,True,0.000000,2400
threshold,0.200000,0.520000,25,0.800000,True,0.000000,2400
threshold,0.200000,0.520000,26,0.800000,True,0.000000,2400
threshold,0.200000,0.520000,27,0.800000,True,0.000000,2400
threshold,0.200000,0.520000,28,0.800000,True,0.000000,2400
threshold,0.200000,0.520000,29,0.800000,True,0.000000,2400
threshold,0.200000,0.520000,30,0.800000,True,0.000000,2400
threshold,0.200000,0.520000,31,0.800000,True,0.000000,2400
threshold,0.200000,0.520000,32,0.800000,True,0.000000,2400
threshold,0.200000,0.520000,33,0.800000,True,0.000000,2400
threshold,0.200000,0.520000,34,0.800000,True,0.000000,2400
threshold,0.200000,0.520000,35,0.800000,True,0.000000,2400
threshold,0.200000,0.520000,36,0.800000,True,0.000000,2400
threshold,0.200000,0.520000,37,0.800000,True,0.000000,2400
threshold,0.200000,0.520000,38,0.800000,True,0.000000,2400
threshold,0.200000,0.520000,39,0.800000,True,0.000000,2400
threshold,0.200000,0.530000,0,0.850000,True,0.000000,2550
threshold,0.200000,0.530000,1,0.850000,True,0.000000,2550
threshold,0.200000,0.530000,2,0.800000,True,0.000000,2400
threshold,0.200000,0.530000,3,0.850000,True,0.000000,2550
threshold,0.200000,0.530000,4,0.850000,True,0.000000,2550
threshold,0.200000,0.530000,5,0.800000,True,0.000000,2400
threshold,0.200000,0.530000,6,0.850000,True,0.000000,2550
threshold,0.200000,0.530000,7,0.850000,True,0.000000,2550
threshold,0.200000,0.530000,8,0.800000,True,0.000000,2400
threshold,0.200000,0.530000,9,0.850000,True,0.000000,2550
threshold,0.200000,0.530000,10,0.850000,True,0.000000,2550
threshold,0.200000,0.530000,11,0.850000,True,0.000000,2550
threshold,0.200000,0.530000,12,0.800000,True,0.000000,2400
threshold,0.200000,0.530000,13,0.850000,True,0.000000,2550
threshold,0.200000,0.530000,14,0.850000,True,0.000000,2550
threshold,0.200000,0.530000,15,0.850000,True,0.000000,2550
threshold,0.200000,0.530000,16,0.850000,True,0.000000,2550
threshold,0.200000,0.530000,17,0.800000,True,0.000000,2400
threshold,0.200000,0.530000,18,0.850000,True,0.000000,2550
threshold,0.200000,0.530000,19,0.800000,True,0.000000,2400
threshold,0.200000,0.530000,20,0.850000,True,0.000000,2550
threshold,0.200000,0.530000,21,0.800000,True,0.000000,2400
threshold,0.200000,0.530000,22,0.850000,True,0.000000,2550
threshold,0.200000,0.530000,23,0.800000,True,0.000000,2400
threshold,0.200000,0.530000,24,0.800000,True,0.000000,2400
threshold,0.200000,0.530000,25,0.850000,True,0.000000,2550
threshold,0.200000,0.530000,26,0.850000,True,0.000000,2550
threshold,0.200000,0.530000,27,0.850000,True,0.000000,2550
threshold,0.200000,0.530000,28,0.850000,True,0.000000,2550
threshold,0.200000,0.530000,29,0.850000,True,0.000000,2550
threshold,0.200000,0.530000,30,0.800000,True,0.000000,2400
threshold,0.200000,0.530000,31,0.850000,True,0.000000,2550
threshold,0.200000,0.530000,32,0.800000,True,0.000000,2400
threshold,0.200000,0.530000,33,0.850000,True,0.000000,2550
threshold,0.200000,0.530000,34,0.850000,True,0.000000,2550
threshold,0.200000,0.530000,35,0.850000,True,0.000000,2550
threshold,0.200000,0.530000,36,0.850000,True,0.000000,2550
threshold,0.200000,0.530000,37,0.850000,True,0.000000,2550
threshold,0.200000,0.530000,38,0.850000,True,0.000000,2550
threshold,0.200000,0.530000,39,0.850000,True,0.000000,2550
threshold,0.200000,0.540000,0,0.850000,True,0.000000,2550
threshold,0.200000,0.540000,1,0.850000,True,0.000000,2550
threshold,0.200000,0.540000,2,0.850000,True,0.000000,2550
threshold,0.200000,0.540000,3,0.850000,True,0.000000,2550
threshold,0.200000,0.540000,4,0.850000,True,0.000000,2550
threshold,0.200000,0.540000,5,0.850000,True,0.000000,2550
threshold,0.200000,0.540000,6,0.850000,True,0.000000,2550
threshold,0.200000,0.540000,7,0.850000,True,0.000000,2550
threshold,0.200000,0.540000,8,0.850000,True,0.000000,2550
threshold,0.200000,0.540000,9,0.850000,True,0.000000,2550
threshold,0.200000,0.540000,10,0.850000,True,0.000000,2550
threshold,0.200000,0.540000,11,0.850000,True,0.000000,2550
threshold,0.200000,0.540000,12,0.850000,True,0.000000,2550
threshold,0.200000,0.540000,13,0.850000,True,0.000000,2550
threshold,0.200000,0.540000,14,0.850000,True,0.000000,2550
threshold,0.200000,0.540000,15,0.850000,True,0.000000,2550
threshold,0.200000,0.540000,16,0.850000,True,0.000000,2550
threshold,0.200000,0.540000,17,0.850000,True,0.000000,2550
threshold,0.200000,0.540000,18,0.850000,True,0.000000,2550
threshold,0.200000,0.540000,19,0.850000,True,0.000000,2550
threshold,0.200000,0.540000,20,0.850000,True,0.000000,2550
threshold,0.200000,0.540000,21,0.850000,True,0.000000,2550
threshold,0.200000,0.540000,22,0.850000,True,0.000000,2550
threshold,0.200000,0.540000,23,0.850000,True,0.000000,2550
threshold,0.200000,0.540000,24,0.850000,True,0.000000,2550
threshold,0.200000,0.540000,25,0.850000,True,0.000000,2550
threshold,0.200000,0.540000,26,0.850000,True,0.000000,2550
threshold,0.200000,0.540000,27,0.850000,True,0.000000,2550
threshold,0.200000,0.540000,28,0.850000,True,0.000000,2550
threshold,0.200000,0.540000,29,0.850000,True,0.000000,2550
threshold,0.200000,0.540000,30,0.850000,True,0.000000,2550
threshold,0.200000,0.540000,31,0.850000,True,0.000000,2550
threshold,0.200000,0.540000,32,0.850000,True,0.000000,2550
threshold,0.200000,0.540000,33,0.850000,True,0.000000,2550
threshold,0.200000,0.540000,34,0.850000,True,0.000000,2550
threshold,0.200000,0.540000,35,0.850000,True,0.000000,2550
threshold,0.200000,0.540000,36,0.850000,True,0.000000,2550
threshold,0.200000,0.540000,37,0.850000,True,0.000000,2550
threshold,0.200000,0.540000,38,0.850000,True,0.000000,2550
threshold,0.200000,0.540000,39,0.850000,True,0.000000,2550
threshold,0.200000,0.550000,0,0.850000,True,0.000000,2550
threshold,0.200000,0.550000,1,0.850000,True,0.000000,2550
threshold,0.200000,0.550000,2,0.850000,True,0.000000,2550
threshold,0.200000,0.550000,3,0.850000,True,0.000000,2550
threshold,0.200000,0.550000,4,0.850000,True,0.000000,2550
threshold,0.200000,0.550000,5,0.850000,True,0.000000,2550
threshold,0.200000,0.550000,6,0.850000,True,0.000000,2550
threshold,0.200000,0.550000,7,0.850000,True,0.000000,2550
threshold,0.200000,0.550000,8,0.850000,True,0.000000,2550
threshold,0.200000,0.550000,9,0.850000,True,0.000000,2550
threshold,0.200000,0.550000,10,0.850000,True,0.000000,2550
threshold,0.200000,0.550000,11,0.850000,True,0.000000,2550
threshold,0.200000,0.550000,12,0.850000,True,0.000000,2550
threshold,0.200000,0.550000,13,0.850000,True,0.000000,2550
threshold,0.200000,0.550000,14,0.850000,True,0.000000,2550
threshold,0.200000,0.550000,15,0.850000,True,0.000000,2550
threshold,0.200000,0.550000,16,0.850000,True,0.000000,2550
threshold,0.200000,0.550000,17,0.850000,True,0.000000,2550
threshold,0.200000,0.550000,18,0.850000,True,0.000000,2550
threshold,0.200000,0.550000,19,0.850000,True,0.000000,2550
threshold,0.200000,0.550000,20,0.850000,True,0.000000,2550
threshold,0.200000,0.550000,21,0.850000,True,0.000000,2550
threshold,0.200000,0.550000,22,0.850000,True,0.000000,2550
threshold,0.200000,0.550000,23,0.850000,True,0.000000,2550
threshold,0.200000,0.550000,24,0.850000,True,0.000000,2550
threshold,0.200000,0.550000,25,0.850000,True,0.000000,2550
threshold,0.200000,0.550000,26,0.850000,True,0.000000,2550
threshold,0.200000,0.550000,27,0.850000,True,0.000000,2550
threshold,0.200000,0.550000,28,0.850000,True,0.000000,2550
threshold,0.200000,0.550000,29,0.850000,True,0.000000,2550
threshold,0.200000,0.550000,30,0.850000,True,0.000000,2550
threshold,0.200000,0.550000,31,0.850000,True,0.000000,2550
threshold,0.200000,0.550000,32,0.850000,True,0.000000,2550
threshold,0.200000,0.550000,33,0.850000,True,0.000000,2550
threshold,0.200000,0.550000,34,0.850000,True,0.000000,2550
threshold,0.200000,0.550000,35,0.850000,True,0.000000,2550
threshold,0.200000,0.550000,36,0.850000,True,0.000000,2550
threshold,0.200000,0.550000,37,0.850000,True,0.000000,2550
threshold,0.200000,0.550000,38,0.850000,True,0.000000,2550
threshold,0.200000,0.550000,39,0.850000,True,0.000000,2550
threshold,0.400000,0.250000,0,0.280000,True,0.000000,840
threshold,0.400000,0.250000,1,0.280000,True,0.000000,840
threshold,0.400000,0.250000,2,0.280000,True,0.000000,840
threshold,0.400000,0.250000,3,0.280000,True,0.000000,840
threshold,0.400000,0.250000,4,0.280000,True,0.000000,840
threshold,0.400000,0.250000,5,0.280000,True,0.000000,840
threshold,0.400000,0.250000,6,0.280000,True,0.000000,840
threshold,0.400000,0.250000,7,0.280000,True,0.000000,840
threshold,0.400000,0.250000,8,0.280000,True,0.000000,840
threshold,0.400000,0.250000,9,0.280000,True,0.000000,840
threshold,0.400000,0.250000,10,0.280000,True,0.000000,840
threshold,0.400000,0.250000,11,0.280000,True,0.000000,840
threshold,0.400000,0.250000,12,0.280000,True,0.000000,840
threshold,0.400000,0.250000,13,0.280000,True,0.000000,840
threshold,0.400000,0.250000,14,0.280000,True,0.000000,840
threshold,0.400000,0.250000,15,0.280000,True,0.000000,840
threshold,0.400000,0.250000,16,0.280000,True,0.000000,840
threshold,0.400000,0.250000,17,0.280000,True,0.000000,840
threshold,0.400000,0.250000,18,0.280000,True,0.000000,840
threshold,0.400000,0.250000,19,0.280000,True,0.000000,840
threshold,0.400000,0.250000,20,0.280000,True,0.000000,840
threshold,0.400000,0.250000,21,0.280000,True,0.000000,840
threshold,0.400000,0.250000,22,0.280000,True,0.000000,840
threshold,0.400000,0.250000,23,0.280000,True,0.000000,840
threshold,0.400000,0.250000,24,0.280000,True,0.000000,840
threshold,0.400000,0.250000,25,0.280000,True,0.000000,840
threshold,0.400000,0.250000,26,0.280000,True,0.000000,840
threshold,0.400000,0.250000,27,0.280000,True,0.000000,840
threshold,0.400000,0.250000,28,0.280000,True,0.000000,840
threshold,0.400000,0.250000,29,0.280000,True,0.000000,840
threshold,0.400000,0.250000,30,0.280000,True,0.000000,840
threshold,0.400000,0.250000,31,0.280000,True,0.000000,840
threshold,0.400000,0.250000,32,0.280000,True,0.000000,840
threshold,0.400000,0.250000,33,0.280000,True,0.000000,840
threshold,0.400000,0.250000,34,0.280000,True,0.000000,840
threshold,0.400000,0.250000,35,0.280000,True,0.000000,840
threshold,0.400000,0.250000,36,0.280000,True,0.000000,840
threshold,0.400000,0.250000,37,0.280000,True,0.000000,840
threshold,0.400000,0.250000,38,0.280000,True,0.000000,840
threshold,0.400000,0.250000,39,0.280000,True,0.000000,840
threshold,0.400000,0.260000,0,0.300000,True,0.000000,900
threshold,0.400000,0.260000,1,0.300000,True,0.000000,900
threshold,0.400000,0.260000,2,0.300000,True,0.000000,900
threshold,0.400000,0.260000,3,0.300000,True,0.000000,900
threshold,0.400000,0.260000,4,0.300000,True,0.000000,900
threshold,0.400000,0.260000,5,0.300000,True,0.000000,900
threshold,0.400000,0.260000,6,0.300000,True,0.000000,900
threshold,0.400000,0.260000,7,0.300000,True,0.000000,900
threshold,0.400000,0.260000,8,0.300000,True,0.000000,900
threshold,0.400000,0.260000,9,0.300000,True,0.000000,900
threshold,0.400000,0.260000,10,0.300000,True,0.000000,900
threshold,0.400000,0.260000,11,0.300000,True,0.000000,900
threshold,0.400000,0.260000,12,0.300000,True,0.000000,900
threshold,0.400000,0.260000,13,0.300000,True,0.000000,900
threshold,0.400000,0.260000,14,0.300000,True,0.000000,900
threshold,0.400000,0.260000,15,0.300000,True,0.000000,900
threshold,0.400000,0.260000,16,0.300000,True,0.000000,900
threshold,0.400000,0.260000,17,0.300000,True,0.000000,900
threshold,0.400000,0.260000,18,0.300000,True,0.000000,900
threshold,0.400000,0.260000,19,0.300000,True,0.000000,900
threshold,0.400000,0.260000,20,0.300000,True,0.000000,900
threshold,0.400000,0.260000,21,0.300000,True,0.000000,900
threshold,0.400000,0.260000,22,0.300000,True,0.000000,900
threshold,0.400000,0.260000,23,0.300000,True,0.000000,900
threshold,0.400000,0.260000,24,0.300000,True,0.000000,900
threshold,0.400000,0.260000,25,0.300000,True,0.000000,900
threshold,0.400000,0.260000,26,0.300000,True,0.000000,900
threshold,0.400000,0.260000,27,0.300000,True,0.000000,900
threshold,0.400000,0.260000,28,0.300000,True,0.000000,900
threshold,0.400000,0.260000,29,0.300000,True,0.000000,900
threshold,0.400000,0.260000,30,0.300000,True,0.000000,900
threshold,0.400000,0.260000,31,0.300000,True,0.000000,900
threshold,0.400000,0.260000,32,0.300000,True,0.000000,900
threshold,0.400000,0.260000,33,0.300000,True,0.000000,900
threshold,0.400000,0.260000,34,0.300000,True,0.000000,900
threshold,0.400000,0.260000,35,0.300000,True,0.000000,900
threshold,0.400000,0.260000,36,0.300000,True,0.000000,900
threshold,0.400000,0.260000,37,0.300000,True,0.000000,900
threshold,0.400000,0.260000,38,0.300000,True,0.000000,900
threshold,0.400000,0.260000,39,0.300000,True,0.000000,900
threshold,0.400000,0.270000,0,0.320000,True,0.000000,960
threshold,0.400000,0.270000,1,0.320000,True,0.000000,960
threshold,0.400000,0.270000,2,0.320000,True,0.000000,960
threshold,0.400000,0.270000,3,0.320000,True,0.000000,960
threshold,0.400000,0.270000,4,0.320000,True,0.000000,960
threshold,0.400000,0.270000,5,0.320000,True,0.000000,960
threshold,0.400000,0.270000,6,0.320000,True,0.000000,960
threshold,0.400000,0.270000,7,0.320000,True,0.000000,960
threshold,0.400000,0.270000,8,0.320000,True,0.000000,960
threshold,0.400000,0.270000,9,0.320000,True,0.000000,960
threshold,0.400000,0.270000,10,0.340000,True,0.000000,1020
threshold,0.400000,0.270000,11,0.320000,True,0.000000,960
threshold,0.400000,0.270000,12,0.320000,True,0.000000,960
threshold,0.400000,0.270000,13,0.320000,True,0.000000,960
threshold,0.400000,0.270000,14,0.320000,True,0.000000,960
threshold,0.400000,0.270000,15,0.320000,True,0.000000,960
threshold,0.400000,0.270000,16,0.320000,True,0.000000,960
threshold,0.400000,0.270000,17,0.320000,True,0.000000,960
threshold,0.400000,0.270000,18,0.320000,True,0.000000,960
threshold,0.400000,0.270000,19,0.320000,True,0.000000,960
threshold,0.400000,0.270000,20,0.320000,True,0.000000,960
threshold,0.400000,0.270000,21,0.320000,True,0.000000,960
threshold,0.400000,0.270000,22,0.320000,True,0.000000,960
threshold,0.400000,0.270000,23,0.320000,True,0.000000,960
threshold,0.400000,0.270000,24,0.320000,True,0.000000,960
threshold,0.400000,0.270000,25,0.320000,True,0.000000,960
threshold,0.400000,0.270000,26,0.320000,True,0.000000,960
threshold,0.400000,0.270000,27,0.320000,True,0.000000,960
threshold,0.400000,0.270000,28,0.320000,True,0.000000,960
threshold,0.400000,0.270000,29,0.320000,True,0.000000,960
threshold,0.400000,0.270000,30,0.320000,True,0.000000,960
threshold,0.400000,0.270000,31,0.320000,True,0.000000,960
threshold,0.400000,0.270000,32,0.320000,True,0.000000,960
threshold,0.400000,0.270000,33,0.320000,True,0.000000,960
threshold,0.400000,0.270000,34,0.320000,True,0.000000,960
threshold,0.400000,0.270000,35,0.320000,True,0.000000,960
threshold,0.400000,0.270000,36,0.340000,True,0.000000,1020
threshold,0.400000,0.270000,37,0.320000,True,0.000000,960
threshold,0.400000,0.270000,38,0.320000,True,0.000000,960
threshold,0.400000,0.270000,39,0.320000,True,0.000000,960
threshold,0.400000,0.280000,0,0.360000,True,0.000000,1080
threshold,0.400000,0.280000,1,0.380000,True,0.000000,1140
threshold,0.400000,0.280000,2,0.360000,True,0.000000,1080
threshold,0.400000,0.280000,3,0.360000,True,0.000000,1080
threshold,0.400000,0.280000,4,0.360000,True,0.000000,1080
threshold,0.400000,0.280000,5,0.360000,True,0.000000,1080
threshold,0.400000,0.280000,6,0.360000,True,0.000000,1080
threshold,0.400000,0.280000,7,0.360000,True,0.000000,1080
threshold,0.400000,0.280000,8,0.360000,True,0.000000,1080
threshold,0.400000,0.280000,9,0.360000,True,0.000000,1080
threshold,0.400000,0.280000,10,0.380000,True,0.000000,1140
threshold,0.400000,0.280000,11,0.360000,True,0.000000,1080
threshold,0.400000,0.280000,12,0.360000,True,0.000000,1080
threshold,0.400000,0.280000,13,0.360000,True,0.000000,1080
threshold,0.400000,0.280000,14,0.360000,True,0.000000,1080
threshold,0.400000,0.280000,15,0.360000,True,0.000000,1080
threshold,0.400000,0.280000,16,0.360000,True,0.000000,1080
threshold,0.400000,0.280000,17,0.380000,True,0.000000,1140
threshold,0.400000,0.280000,18,0.380000,True,0.000000,1140
threshold,0.400000,0.280000,19,0.360000,True,0.000000,1080
threshold,0.400000,0.280000,20,0.360000,True,0.000000,1080
threshold,0.400000,0.280000,21,0.380000,True,0.000000,1140
threshold,0.400000,0.280000,22,0.360000,True,0.000000,1080
threshold,0.400000,0.280000,23,0.380000,True,0.000000,1140
threshold,0.400000,0.280000,24,0.360000,True,0.000000,1080
threshold,0.400000,0.280000,25,0.360000,True,0.000000,1080
threshold,0.400000,0.280000,26,0.360000,True,0.000000,1080
threshold,0.400000,0.280000,27,0.380000,True,0.000000,1140
threshold,0.400000,0.280000,28,0.360000,True,0.000000,1080
threshold,0.400000,0.280000,29,0.360000,True,0.000000,1080
threshold,0.400000,0.280000,30,0.360000,True,0.000000,1080
threshold,0.400000,0.280000,31,0.360000,True,0.000000,1080
threshold,0.400000,0.280000,32,0.380000,True,0.000000,1140
threshold,0.400000,0.280000,33,0.360000,True,0.000000,1080
threshold,0.400000,0.280000,34,0.380000,True,0.000000,1140
threshold,0.400000,0.280000,35,0.360000,True,0.000000,1080
threshold,0.400000,0.280000,36,0.380000,True,0.000000,1140
threshold,0.400000,0.280000,37,0.360000,True,0.000000,1080
threshold,0.400000,0.280000,38,0.360000,True,0.000000,1080
threshold,0.400000,0.280000,39,0.360000,True,0.000000,1080
threshold,0.400000,0.290000,0,0.420000,True,0.000000,1260
threshold,0.400000,0.290000,1,0.420000,True,0.000000,1260
threshold,0.400000,0.290000,2,0.420000,True,0.000000,1260
threshold,0.400000,0.290000,3,0.420000,True,0.000000,1260
threshold,0.400000,0.290000,4,0.420000,True,0.000000,1260
threshold,0.400000,0.290000,5,0.420000,True,0.000000,1260
threshold,0.400000,0.290000,6,0.420000,True,0.000000,1260
threshold,0.400000,0.290000,7,0.420000,True,0.000000,1260
threshold,0.400000,0.290000,8,0.420000,True,0.000000,1260
threshold,0.400000,0.290000,9,0.400000,True,0.000000,1200
threshold,0.400000,0.290000,10,0.420000,True,0.000000,1260
threshold,0.400000,0.290000,11,0.420000,True,0.000000,1260
threshold,0.400000,0.290000,12,0.400000,True,0.000000,1200
threshold,0.400000,0.290000,13,0.420000,True,0.000000,1260
threshold,0.400000,0.290000,14,0.400000,True,0.000000,1200
threshold,0.400000,0.290000,15,0.400000,True,0.000000,1200
threshold,0.400000,0.290000,16,0.400000,True,0.000000,1200
threshold,0.400000,0.290000,17,0.420000,True,0.000000,1260
threshold,0.400000,0.290000,18,0.420000,True,0.000000,1260
threshold,0.400000,0.290000,19,0.420000,True,0.000000,1260
threshold,0.400000,0.290000,20,0.420000,True,0.000000,1260
threshold,0.400000,0.290000,21,0.420000,True,0.000000,1260
threshold,0.400000,0.290000,22,0.420000,True,0.000000,1260
threshold,0.400000,0.290000,23,0.420000,True,0.000000,1260
threshold,0.400000,0.290000,24,0.420000,True,0.000000,1260
threshold,0.400000,0.290000,25,0.420000,True,0.000000,1260
threshold,0.400000,0.290000,26,0.400000,True,0.000000,1200
threshold,0.400000,0.290000,27,0.420000,True,0.000000,1260
threshold,0.400000,0.290000,28,0.420000,True,0.000000,1260
threshold,0.400000,0.290000,29,0.420000,True,0.000000,1260
threshold,0.400000,0.290000,30,0.420000,True,0.000000,1260
threshold,0.400000,0.290000,31,0.420000,True,0.000000,1260
threshold,0.400000,0.290000,32,0.420000,True,0.000000,1260
threshold,0.400000,0.290000,33,0.420000,True,0.000000,1260
threshold,0.400000,0.290000,34,0.420000,True,0.000000,1260
threshold,0.400000,0.290000,35,0.420000,True,0.000000,1260
threshold,0.400000,0.290000,36,0.420000,True,0.000000,1260
threshold,0.400000,0.290000,37,0.420000,True,0.000000,1260
threshold,0.400000,0.290000,38,0.420000,True,0.000000,1260
threshold,0.400000,0.290000,39,0.420000,True,0.000000,1260
threshold,0.400000,0.300000,0,0.460000,True,0.000000,1380
threshold,0.400000,0.300000,1,0.460000,True,0.000000,1380
threshold,0.400000,0.300000,2,0.440000,True,0.000000,1320
threshold,0.400000,0.300000,3,0.460000,True,0.000000,1380
threshold,0.400000,0.300000,4,0.440000,True,0.000000,1320
threshold,0.400000,0.300000,5,0.460000,True,0.000000,1380
threshold,0.400000,0.300000,6,0.460000,True,0.000000,1380
threshold,0.400000,0.300000,7,0.460000,True,0.000000,1380
threshold,0.400000,0.300000,8,0.460000,True,0.000000,1380
threshold,0.400000,0.300000,9,0.460000,True,0.000000,1380
threshold,0.400000,0.300000,10,0.460000,True,0.000000,1380
threshold,0.400000,0.300000,11,0.460000,True,0.000000,1380
threshold,0.400000,0.300000,12,0.460000,True,0.000000,1380
threshold,0.400000,0.300000,13,0.460000,True,0.000000,1380
threshold,0.400000,0.300000,14,0.460000,True,0.000000,1380
threshold,0.400000,0.300000,15,0.440000,True,0.000000,1320
threshold,0.400000,0.300000,16,0.460000,True,0.000000,1380
threshold,0.400000,0.300000,17,0.460000,True,0.000000,1380
threshold,0.400000,0.300000,18,0.460000,True,0.000000,1380
threshold,0.400000,0.300000,19,0.440000,True,0.000000,1320
threshold,0.400000,0.300000,20,0.460000,True,0.000000,1380
threshold,0.400000,0.300000,21,0.460000,True,0.000000,1380
threshold,0.400000,0.300000,22,0.460000,True,0.000000,1380
threshold,0.400000,0.300000,23,0.460000,True,0.000000,1380
threshold,0.400000,0.300000,24,0.460000,True,0.000000,1380
threshold,0.400000,0.300000,25,0.460000,True,0.000000,1380
threshold,0.400000,0.300000,26,0.460000,True,0.000000,1380
threshold,0.400000,0.300000,27,0.460000,True,0.000000,1380
threshold,0.400000,0.300000,28,0.460000,True,0.000000,1380
threshold,0.400000,0.300000,29,0.460000,True,0.000000,1380
threshold,0.400000,0.300000,30,0.460000,True,0.000000,1380
threshold,0.400000,0.300000,31,0.460000,True,0.000000,1380
threshold,0.400000,0.300000,32,0.460000,True,0.000000,1380
threshold,0.400000,0.300000,33,0.460000,True,0.000000,1380
threshold,0.400000,0.300000,34,0.460000,True,0.000000,1380
threshold,0.400000,0.300000,35,0.460000,True,0.000000,1380
threshold,0.400000,0.300000,36,0.460000,True,0.000000,1380
threshold,0.400000,0.300000,37,0.460000,True,0.000000,1380
threshold,0.400000,0.300000,38,0.460000,True,0.000000,1380
threshold,0.400000,0.300000,39,0.460000,True,0.000000,1380
threshold,0.400000,0.310000,0,0.480000,True,0.000000,1440
threshold,0.400000,0.310000,1,0.480000,True,0.000000,1440
threshold,0.400000,0.310000,2,0.480000,True,0.000000,1440
threshold,0.400000,0.310000,3,0.480000,True,0.000000,1440
threshold,0.400000,0.310000,4,0.480000,True,0.000000,1440
threshold,0.400000,0.310000,5,0.480000,True,0.000000,1440
threshold,0.400000,0.310000,6,0.500000,True,0.000000,1500
threshold,0.400000,0.310000,7,0.500000,True,0.000000,1500
threshold,0.400000,0.310000,8,0.480000,True,0.000000,1440
threshold,0.400000,0.310000,9,0.480000,True,0.000000,1440
threshold,0.400000,0.310000,10,0.480000,True,0.000000,1440
threshold,0.400000,0.310000,11,0.500000,True,0.000000,1500
threshold,0.400000,0.310000,12,0.480000,True,0.000000,1440
threshold,0.400000,0.310000,13,0.500000,True,0.000000,1500
threshold,0.400000,0.310000,14,0.500000,True,0.000000,1500
threshold,0.400000,0.310000,15,0.480000,True,0.000000,1440
threshold,0.400000,0.310000,16,0.480000,True,0.000000,1440
threshold,0.400000,0.310000,17,0.480000,True,0.000000,1440
threshold,0.400000,0.310000,18,0.480000,True,0.000000,1440
threshold,0.400000,0.310000,19,0.480000,True,0.000000,1440
threshold,0.400000,0.310000,20,0.500000,True,0.000000,1500
threshold,0.400000,0.310000,21,0.500000,True,0.000000,1500
threshold,0.400000,0.310000,22,0.500000,True,0.000000,1500
threshold,0.400000,0.310000,23,0.480000,True,0.000000,1440
threshold,0.400000,0.310000,24,0.500000,True,0.000000,1500
threshold,0.400000,0.310000,25,0.480000,True,0.000000,1440
threshold,0.400000,0.310000,26,0.500000,True,0.000000,1500
threshold,0.400000,0.310000,27,0.500000,True,0.000000,1500
threshold,0.400000,0.310000,28,0.500000,True,0.000000,1500
threshold,0.400000,0.310000,29,0.500000,True,0.000000,1500
threshold,0.400000,0.310000,30,0.480000,True,0.000000,1440
threshold,0.400000,0.310000,31,0.480000,True,0.000000,1440
threshold,0.400000,0.310000,32,0.480000,True,0.000000,1440
threshold,0.400000,0.310000,33,0.500000,True,0.000000,1500
threshold,0.400000,0.310000,34,0.500000,True,0.000000,1500
threshold,0.400000,0.310000,35,0.500000,True,0.000000,1500
threshold,0.400000,0.310000,36,0.500000,True,0.000000,1500
threshold,0.400000,0.310000,37,0.500000,True,0.000000,1500
threshold,0.400000,0.310000,38,0.500000,True,0.000000,1500
threshold,0.400000,0.310000,39,0.500000,True,0.000000,1500
threshold,0.400000,0.320000,0,0.500000,True,0.000000,1500
threshold,0.400000,0.320000,1,0.520000,True,0.000000,1560
threshold,0.400000,0.320000,2,0.500000,True,0.000000,1500
threshold,0.400000,0.320000,3,0.500000,True,0.000000,1500
threshold,0.400000,0.320000,4,0.500000,True,0.000000,1500
threshold,0.400000,0.320000,5,0.500000,True,0.000000,1500
threshold,0.400000,0.320000,6,0.500000,True,0.000000,1500
threshold,0.400000,0.320000,7,0.520000,True,0.000000,1560
threshold,0.400000,0.320000,8,0.500000,True,0.000000,1500
threshold,0.400000,0.320000,9,0.520000,True,0.000000,1560
threshold,0.400000,0.320000,10,0.520000,True,0.000000,1560
threshold,0.400000,0.320000,11,0.520000,True,0.000000,1560
threshold,0.400000,0.320000,12,0.500000,True,0.000000,1500
threshold,0.400000,0.320000,13,0.500000,True,0.000000,1500
threshold,0.400000,0.320000,14,0.520000,True,0.000000,1560
threshold,0.400000,0.320000,15,0.520000,True,0.000000,1560
threshold,0.400000,0.320000,16,0.520000,True,0.000000,1560
threshold,0.400000,0.320000,17,0.500000,True,0.000000,1500
threshold,0.400000,0.320000,18,0.500000,True,0.000000,1500
threshold,0.400000,0.320000,19,0.500000,True,0.000000,1500
threshold,0.400000,0.320000,20,0.520000,True,0.000000,1560
threshold,0.400000,0.320000,21,0.520000,True,0.000000,1560
threshold,0.400000,0.320000,22,0.520000,True,0.000000,1560
threshold,0.400000,0.320000,23,0.500000,True,0.000000,1500
threshold,0.400000,0.320000,24,0.520000,True,0.000000,1560
threshold,0.400000,0.320000,25,0.520000,True,0.000000,1560
threshold,0.400000,0.320000,26,0.500000,True,0.000000,1500
threshold,0.400000,0.320000,27,0.520000,True,0.000000,1560
threshold,0.400000,0.320000,28,0.540000,True,0.000000,1620
threshold,0.400000,0.320000,29,0.520000,True,0.000000,1560
threshold,0.400000,0.320000,30,0.500000,True,0.000000,1500
threshold,0.400000,0.320000,31,0.500000,True,0.000000,1500
threshold,0.400000,0.320000,32,0.500000,True,0.000000,1500
threshold,0.400000,0.320000,33,0.520000,True,0.000000,1560
threshold,0.400000,0.320000,34,0.520000,True,0.000000,1560
threshold,0.400000,0.320000,35,0.520000,True,0.000000,1560
threshold,0.400000,0.320000,36,0.520000,True,0.000000,1560
threshold,0.400000,0.320000,37,0.520000,True,0.000000,1560
threshold,0.400000,0.320000,38,0.520000,True,0.000000,1560
threshold,0.400000,0.320000,39,0.520000,True,0.000000,1560
threshold,0.400000,0.330000,0,0.520000,True,0.000000,1560
threshold,0.400000,0.330000,1,0.520000,True,0.000000,1560
threshold,0.400000,0.330000,2,0.520000,True,0.000000,1560
threshold,0.400000,0.330000,3,0.520000,True,0.000000,1560
threshold,0.400000,0.330000,4,0.520000,True,0.000000,1560
threshold,0.400000,0.330000,5,0.520000,True,0.000000,1560
threshold,0.400000,0.330000,6,0.520000,True,0.000000,1560
threshold,0.400000,0.330000,7,0.520000,True,0.000000,1560
threshold,0.400000,0.330000,8,0.520000,True,0.000000,1560
threshold,0.400000,0.330000,9,0.540000,True,0.000000,1620
threshold,0.400000,0.330000,10,0.520000,True,0.000000,1560
threshold,0.400000,0.330000,11,0.540000,True,0.000000,1620
threshold,0.400000,0.330000,12,0.520000,True,0.000000,1560
threshold,0.400000,0.330000,13,0.520000,True,0.000000,1560
threshold,0.400000,0.330000,14,0.520000,True,0.000000,1560
threshold,0.400000,0.330000,15,0.520000,True,0.000000,1560
threshold,0.400000,0.330000,16,0.540000,True,0.000000,1620
threshold,0.400000,0.330000,17,0.520000,True,0.000000,1560
threshold,0.400000,0.330000,18,0.520000,True,0.000000,1560
threshold,0.400000,0.330000,19,0.520000,True,0.000000,1560
threshold,0.400000,0.330000,20,0.520000,True,0.000000,1560
threshold,0.400000,0.330000,21,0.520000,True,0.000000,1560
threshold,0.400000,0.330000,22,0.540000,True,0.000000,1620
threshold,0.400000,0.330000,23,0.520000,True,0.000000,1560
threshold,0.400000,0.330000,24,0.520000,True,0.000000,1560
threshold,0.400000,0.330000,25,0.540000,True,0.000000,1620
threshold,0.400000,0.330000,26,0.520000,True,0.000000,1560
threshold,0.400000,0.330000,27,0.540000,True,0.000000,1620
threshold,0.400000,0.330000,28,0.520000,True,0.000000,1560
threshold,0.400000,0.330000,29,0.520000,True,0.000000,1560
threshold,0.400000,0.330000,30,0.520000,True,0.000000,1560
threshold,0.400000,0.330000,31,0.520000,True,0.000000,1560
threshold,0.400000,0.330000,32,0.520000,True,0.000000,1560
threshold,0.400000,0.330000,33,0.520000,True,0.000000,1560
threshold,0.400000,0.330000,34,0.540000,True,0.000000,1620
threshold,0.400000,0.330000,35,0.540000,True,0.000000,1620
threshold,0.400000,0.330000,36,0.520000,True,0.000000,1560
threshold,0.400000,0.330000,37,0.520000,True,0.000000,1560
threshold,0.400000,0.330000,38,0.520000,True,0.000000,1560
threshold,0.400000,0.330000,39,0.520000,True,0.000000,1560
threshold,0.400000,0.340000,0,0.540000,True,0.000000,1620
threshold,0.400000,0.340000,1,0.540000,True,0.000000,1620
threshold,0.400000,0.340000,2,0.540000,True,0.000000,1620
threshold,0.400000,0.340000,3,0.520000,True,0.000000,1560
threshold,0.400000,0.340000,4,0.540000,True,0.000000,1620
threshold,0.400000,0.340000,5,0.540000,True,0.000000,1620
threshold,0.400000,0.340000,6,0.520000,True,0.000000,1560
threshold,0.400000,0.340000,7,0.540000,True,0.000000,1620
threshold,0.400000,0.340000,8,0.520000,True,0.000000,1560
threshold,0.400000,0.340000,9,0.540000,True,0.000000,1620
threshold,0.400000,0.340000,10,0.520000,True,0.000000,1560
threshold,0.400000,0.340000,11,0.540000,True,0.000000,1620
threshold,0.400000,0.340000,12,0.520000,True,0.000000,1560
threshold,0.400000,0.340000,13,0.520000,True,0.000000,1560
threshold,0.400000,0.340000,14,0.520000,True,0.000000,1560
threshold,0.400000,0.340000,15,0.520000,True,0.000000,1560
threshold,0.400000,0.340000,16,0.540000,True,0.000000,1620
threshold,0.400000,0.340000,17,0.520000,True,0.000000,1560
threshold,0.400000,0.340000,18,0.540000,True,0.000000,1620
threshold,0.400000,0.340000,19,0.540000,True,0.000000,1620
threshold,0.400000,0.340000,20,0.540000,True,0.000000,1620
threshold,0.400000,0.340000,21,0.540000,True,0.000000,1620
threshold,0.400000,0.340000,22,0.540000,True,0.000000,1620
threshold,0.400000,0.340000,23,0.540000,True,0.000000,1620
threshold,0.400000,0.340000,24,0.540000,True,0.000000,1620
threshold,0.400000,0.340000,25,0.520000,True,0.000000,1560
threshold,0.400000,0.340000,26,0.540000,True,0.000000,1620
threshold,0.400000,0.340000,27,0.540000,True,0.000000,1620
threshold,0.400000,0.340000,28,0.540000,True,0.000000,1620
threshold,0.400000,0.340000,29,0.540000,True,0.000000,1620
threshold,0.400000,0.340000,30,0.520000,True,0.000000,1560
threshold,0.400000,0.340000,31,0.520000,True,0.000000,1560
threshold,0.400000,0.340000,32,0.540000,True,0.000000,1620
threshold,0.400000,0.340000,33,0.540000,True,0.000000,1620
threshold,0.400000,0.340000,34,0.540000,True,0.000000,1620
threshold,0.400000,0.340000,35,0.560000,True,0.000000,1680
threshold,0.400000,0.340000,36,0.520000,True,0.000000,1560
threshold,0.400000,0.340000,37,0.520000,True,0.000000,1560
threshold,0.400000,0.340000,38,0.540000,True,0.000000,1620
threshold,0.400000,0.340000,39,0.540000,True,0.000000,1620
threshold,0.400000,0.350000,0,0.540000,True,0.000000,1620
threshold,0.400000,0.350000,1,0.540000,True,0.000000,1620
threshold,0.400000,0.350000,2,0.540000,True,0.000000,1620
threshold,0.400000,0.350000,3,0.540000,True,0.000000,1620
threshold,0.400000,0.350000,4,0.560000,True,0.000000,1680
threshold,0.400000,0.350000,5,0.540000,True,0.000000,1620
threshold,0.400000,0.350000,6,0.540000,True,0.000000,1620
threshold,0.400000,0.350000,7,0.540000,True,0.000000,1620
threshold,0.400000,0.350000,8,0.540000,True,0.000000,1620
threshold,0.400000,0.350000,9,0.540000,True,0.000000,1620
threshold,0.400000,0.350000,10,0.540000,True,0.000000,1620
threshold,0.400000,0.350000,11,0.560000,True,0.000000,1680
threshold,0.400000,0.350000,12,0.520000,True,0.000000,1560
threshold,0.400000,0.350000,13,0.540000,True,0.000000,1620
threshold,0.400000,0.350000,14,0.540000,True,0.000000,1620
threshold,0.400000,0.350000,15,0.540000,True,0.000000,1620
threshold,0.400000,0.350000,16,0.540000,True,0.000000,1620
threshold,0.400000,0.350000,17,0.540000,True,0.000000,1620
threshold,0.400000,0.350000,18,0.540000,True,0.000000,1620
threshold,0.400000,0.350000,19,0.540000,True,0.000000,1620
threshold,0.400000,0.350000,20,0.540000,True,0.000000,1620
threshold,0.400000,0.350000,21,0.540000,True,0.000000,1620
threshold,0.400000,0.350000,22,0.560000,True,0.000000,1680
threshold,0.400000,0.350000,23,0.540000,True,0.000000,1620
threshold,0.400000,0.350000,24,0.540000,True,0.000000,1620
threshold,0.400000,0.350000,25,0.540000,True,0.000000,1620
threshold,0.400000,0.350000,26,0.540000,True,0.000000,1620
threshold,0.400000,0.350000,27,0.540000,True,0.000000,1620
threshold,0.400000,0.350000,28,0.540000,True,0.000000,1620
threshold,0.400000,0.350000,29,0.560000,True,0.000000,1680
threshold,0.400000,0.350000,30,0.540000,True,0.000000,1620
threshold,0.400000,0.350000,31,0.540000,True,0.000000,1620
threshold,0.400000,0.350000,32,0.540000,True,0.000000,1620
threshold,0.400000,0.350000,33,0.540000,True,0.000000,1620
threshold,0.400000,0.350000,34,0.540000,True,0.000000,1620
threshold,0.400000,0.350000,35,0.560000,True,0.000000,1680
threshold,0.400000,0.350000,36,0.540000,True,0.000000,1620
threshold,0.400000,0.350000,37,0.540000,True,0.000000,1620
threshold,0.400000,0.350000,38,0.560000,True,0.000000,1680
threshold,0.400000,0.350000,39,0.540000,True,0.000000,1620
threshold,0.400000,0.360000,0,0.540000,True,0.000000,1620
threshold,0.400000,0.360000,1,0.540000,True,0.000000,1620
threshold,0.400000,0.360000,2,0.540000,True,0.000000,1620
threshold,0.400000,0.360000,3,0.540000,True,0.000000,1620
threshold,0.400000,0.360000,4,0.560000,True,0.000000,1680
threshold,0.400000,0.360000,5,0.560000,True,0.000000,1680
threshold,0.400000,0.360000,6,0.560000,True,0.000000,1680
threshold,0.400000,0.360000,7,0.560000,True,0.000000,1680
threshold,0.400000,0.360000,8,0.560000,True,0.000000,1680
threshold,0.400000,0.360000,9,0.540000,True,0.000000,1620
threshold,0.400000,0.360000,10,0.540000,True,0.000000,1620
threshold,0.400000,0.360000,11,0.560000,True,0.000000,1680
threshold,0.400000,0.360000,12,0.540000,True,0.000000,1620
threshold,0.400000,0.360000,13,0.540000,True,0.000000,1620
threshold,0.400000,0.360000,14,0.560000,True,0.000000,1680
threshold,0.400000,0.360000,15,0.560000,True,0.000000,1680
threshold,0.400000,0.360000,16,0.560000,True,0.000000,1680
threshold,0.400000,0.360000,17,0.560000,True,0.000000,1680
threshold,0.400000,0.360000,18,0.560000,True,0.000000,1680
threshold,0.400000,0.360000,19,0.540000,True,0.000000,1620
threshold,0.400000,0.360000,20,0.560000,True,0.000000,1680
threshold,0.400000,0.360000,21,0.540000,True,0.000000,1620
threshold,0.400000,0.360000,22,0.560000,True,0.000000,1680
threshold,0.400000,0.360000,23,0.560000,True,0.000000,1680
threshold,0.400000,0.360000,24,0.540000,True,0.000000,1620
threshold,0.400000,0.360000,25,0.560000,True,0.000000,1680
threshold,0.400000,0.360000,26,0.560000,True,0.000000,1680
threshold,0.400000,0.360000,27,0.540000,True,0.000000,1620
threshold,0.400000,0.360000,28,0.560000,True,0.000000,1680
threshold,0.400000,0.360000,29,0.560000,True,0.000000,1680
threshold,0.400000,0.360000,30,0.540000,True,0.000000,1620
threshold,0.400000,0.360000,31,0.560000,True,0.000000,1680
threshold,0.400000,0.360000,32,0.560000,True,0.000000,1680
threshold,0.400000,0.360000,33,0.560000,True,0.000000,1680
threshold,0.400000,0.360000,34,0.560000,True,0.000000,1680
threshold,0.400000,0.360000,35,0.540000,True,0.000000,1620
threshold,0.400000,0.360000,36,0.560000,True,0.000000,1680
threshold,0.400000,0.360000,37,0.560000,True,0.000000,1680
threshold,0.400000,0.360000,38,0.560000,True,0.000000,1680
threshold,0.400000,0.360000,39,0.560000,True,0.000000,1680
threshold,0.400000,0.370000,0,0.560000,True,0.000000,1680
threshold,0.400000,0.370000,1,0.560000,True,0.000000,1680
threshold,0.400000,0.370000,2,0.560000,True,0.000000,1680
threshold,0.400000,0.370000,3,0.560000,True,0.000000,1680
threshold,0.400000,0.370000,4,0.560000,True,0.000000,1680
threshold,0.400000,0.370000,5,0.560000,True,0.000000,1680
threshold,0.400000,0.370000,6,0.560000,True,0.000000,1680
threshold,0.400000,0.370000,7,0.560000,True,0.000000,1680
threshold,0.400000,0.370000,8,0.560000,True,0.000000,1680
threshold,0.400000,0.370000,9,0.560000,True,0.000000,1680
threshold,0.400000,0.370000,10,0.560000,True,0.000000,1680
threshold,0.400000,0.370000,11,0.560000,True,0.000000,1680
threshold,0.400000,0.370000,12,0.580000,True,0.000000,1740
threshold,0.400000,0.370000,13,0.560000,True,0.000000,1680
threshold,0.400000,0.370000,14,0.560000,True,0.000000,1680
threshold,0.400000,0.370000,15,0.580000,True,0.000000,1740
threshold,0.400000,0.370000,16,0.580000,True,0.000000,1740
threshold,0.400000,0.370000,17,0.560000,True,0.000000,1680
threshold,0.400000,0.370000,18,0.560000,True,0.000000,1680
threshold,0.400000,0.370000,19,0.560000,True,0.000000,1680
threshold,0.400000,0.370000,20,0.560000,True,0.000000,1680
threshold,0.400000,0.370000,21,0.560000,True,0.000000,1680
threshold,0.400000,0.370000,22,0.560000,True,0.000000,1680
threshold,0.400000,0.370000,23,0.560000,True,0.000000,1680
threshold,0.400000,0.370000,24,0.560000,True,0.000000,1680
threshold,0.400000,0.370000,25,0.560000,True,0.000000,1680
threshold,0.400000,0.370000,26,0.560000,True,0.000000,1680
threshold,0.400000,0.370000,27,0.580000,True,0.000000,1740
threshold,0.400000,0.370000,28,0.560000,True,0.000000,1680
threshold,0.400000,0.370000,29,0.560000,True,0.000000,1680
threshold,0.400000,0.370000,30,0.560000,True,0.000000,1680
threshold,0.400000,0.370000,31,0.560000,True,0.000000,1680
threshold,0.400000,0.370000,32,0.560000,True,0.000000,1680
threshold,0.400000,0.370000,33,0.560000,True,0.000000,1680
threshold,0.400000,0.370000,34,0.560000,True,0.000000,1680
threshold,0.400000,0.370000,35,0.560000,True,0.000000,1680
threshold,0.400000,0.370000,36,0.560000,True,0.000000,1680
threshold,0.400000,0.370000,37,0.580000,True,0.000000,1740
threshold,0.400000,0.370000,38,0.560000,True,0.000000,1680
threshold,0.400000,0.370000,39,0.560000,True,0.000000,1680
threshold,0.400000,0.380000,0,0.580000,True,0.000000,1740
threshold,0.400000,0.380000,1,0.580000,True,0.000000,1740
threshold,0.400000,0.380000,2,0.580000,True,0.000000,1740
threshold,0.400000,0.380000,3,0.580000,True,0.000000,1740
threshold,0.400000,0.380000,4,0.560000,True,0.000000,1680
threshold,0.400000,0.380000,5,0.580000,True,0.000000,1740
threshold,0.400000,0.380000,6,0.580000,True,0.000000,1740
threshold,0.400000,0.380000,7,0.580000,True,0.000000,1740
threshold,0.400000,0.380000,8,0.580000,True,0.000000,1740
threshold,0.400000,0.380000,9,0.580000,True,0.000000,1740
threshold,0.400000,0.380000,10,0.580000,True,0.000000,1740
threshold,0.400000,0.380000,11,0.560000,True,0.000000,1680
threshold,0.400000,0.380000,12,0.580000,True,0.000000,1740
threshold,0.400000,0.380000,13,0.580000,True,0.000000,1740
threshold,0.400000,0.380000,14,0.580000,True,0.000000,1740
threshold,0.400000,0.380000,15,0.580000,True,0.000000,1740
threshold,0.400000,0.380000,16,0.580000,True,0.000000,1740
threshold,0.400000,0.380000,17,0.580000,True,0.000000,1740
threshold,0.400000,0.380000,18,0.560000,True,0.000000,1680
threshold,0.400000,0.380000,19,0.580000,True,0.000000,1740
threshold,0.400000,0.380000,20,0.580000,True,0.000000,1740
threshold,0.400000,0.380000,21,0.560000,True,0.000000,1680
threshold,0.400000,0.380000,22,0.580000,True,0.000000,1740
threshold,0.400000,0.380000,23,0.580000,True,0.000000,1740
threshold,0.400000,0.380000,24,0.580000,True,0.000000,1740
threshold,0.400000,0.380000,25,0.580000,True,0.000000,1740
threshold,0.400000,0.380000,26,0.580000,True,0.000000,1740
threshold,0.400000,0.380000,27,0.580000,True,0.000000,1740
threshold,0.400000,0.380000,28,0.580000,True,0.000000,1740
threshold,0.400000,0.380000,29,0.580000,True,0.000000,1740
threshold,0.400000,0.380000,30,0.580000,True,0.000000,1740
threshold,0.400000,0.380000,31,0.580000,True,0.000000,1740
threshold,0.400000,0.380000,32,0.580000,True,0.000000,1740
threshold,0.400000,0.380000,33,0.580000,True,0.000000,1740
threshold,0.400000,0.380000,34,0.580000,True,0.000000,1740
threshold,0.400000,0.380000,35,0.580000,True,0.000000,1740
threshold,0.400000,0.380000,36,0.560000,True,0.000000,1680
threshold,0.400000,0.380000,37,0.580000,True,0.000000,1740
threshold,0.400000,0.380000,38,0.560000,True,0.000000,1680
threshold,0.400000,0.380000,39,0.580000,True,0.000000,1740
threshold,0.400000,0.390000,0,0.580000,True,0.000000,1740
threshold,0.400000,0.390000,1,0.600000,True,0.000000,1800
threshold,0.400000,0.390000,2,0.600000,True,0.000000,1800
threshold,0.400000,0.390000,3,0.580000,True,0.000000,1740
threshold,0.400000,0.390000,4,0.580000,True,0.000000,1740
threshold,0.400000,0.390000,5,0.600000,True,0.000000,1800
threshold,0.400000,0.390000,6,0.580000,True,0.000000,1740
threshold,0.400000,0.390000,7,0.600000,True,0.000000,1800
threshold,0.400000,0.390000,8,0.600000,True,0.000000,1800
threshold,0.400000,0.390000,9,0.600000,True,0.000000,1800
threshold,0.400000,0.390000,10,0.600000,True,0.000000,1800
threshold,0.400000,0.390000,11,0.580000,True,0.000000,1740
threshold,0.400000,0.390000,12,0.580000,True,0.000000,1740
threshold,0.400000,0.390000,13,0.580000,True,0.000000,1740
threshold,0.400000,0.390000,14,0.600000,True,0.000000,1800
threshold,0.400000,0.390000,15,0.600000,True,0.000000,1800
threshold,0.400000,0.390000,16,0.580000,True,0.000000,1740
threshold,0.400000,0.390000,17,0.600000,True,0.000000,1800
threshold,0.400000,0.390000,18,0.600000,True,0.000000,1800
threshold,0.400000,0.390000,19,0.580000,True,0.000000,1740
threshold,0.400000,0.390000,20,0.600000,True,0.000000,1800
threshold,0.400000,0.390000,21,0.600000,True,0.000000,1800
threshold,0.400000,0.390000,22,0.580000,True,0.000000,1740
threshold,0.400000,0.390000,23,0.580000,True,0.000000,1740
threshold,0.400000,0.390000,24,0.580000,True,0.000000,1740
threshold,0.400000,0.390000,25,0.600000,True,0.000000,1800
threshold,0.400000,0.390000,26,0.600000,True,0.000000,1800
threshold,0.400000,0.390000,27,0.600000,True,0.000000,1800
threshold,0.400000,0.390000,28,0.580000,True,0.000000,1740
threshold,0.400000,0.390000,29,0.580000,True,0.000000,1740
threshold,0.400000,0.390000,30,0.580000,True,0.000020,1740
threshold,0.400000,0.390000,31,0.580000,True,0.000000,1740
threshold,0.400000,0.390000,32,0.600000,True,0.000000,1800
threshold,0.400000,0.390000,33,0.600000,True,0.000000,1800
threshold,0.400000,0.390000,34,0.600000,True,0.000000,1800
threshold,0.400000,0.390000,35,0.600000,True,0.000000,1800
threshold,0.400000,0.390000,36,0.600000,True,0.000000,1800
threshold,0.400000,0.390000,37,0.600000,True,0.000000,1800
threshold,0.400000,0.390000,38,0.600000,True,0.000000,1800
threshold,0.400000,0.390000,39,0.600000,True,0.000000,1800
threshold,0.400000,0.400000,0,0.620000,True,0.000000,1860
threshold,0.400000,0.400000,1,0.640000,True,0.000000,1920
threshold,0.400000,0.400000,2,0.640000,True,0.000000,1920
threshold,0.400000,0.400000,3,0.640000,True,0.000000,1920
threshold,0.400000,0.400000,4,0.640000,True,0.000000,1920
threshold,0.400000,0.400000,5,0.640000,True,0.000000,1920
threshold,0.400000,0.400000,6,0.640000,True,0.000000,1920
threshold,0.400000,0.400000,7,0.640000,True,0.000000,1920
threshold,0.400000,0.400000,8,0.640000,True,0.000000,1920
threshold,0.400000,0.400000,9,0.640000,True,0.000000,1920
threshold,0.400000,0.400000,10,0.640000,True,0.000000,1920
threshold,0.400000,0.400000,11,0.640000,True,0.000000,1920
threshold,0.400000,0.400000,12,0.620000,True,0.000000,1860
threshold,0.400000,0.400000,13,0.640000,True,0.000000,1920
threshold,0.400000,0.400000,14,0.640000,True,0.000000,1920
threshold,0.400000,0.400000,15,0.620000,True,0.000000,1860
threshold,0.400000,0.400000,16,0.620000,True,0.000000,1860
threshold,0.400000,0.400000,17,0.640000,True,0.000000,1920
threshold,0.400000,0.400000,18,0.640000,True,0.000000,1920
threshold,0.400000,0.400000,19,0.620000,True,0.000000,1860
threshold,0.400000,0.400000,20,0.640000,True,0.000000,1920
threshold,0.400000,0.400000,21,0.640000,True,0.000000,1920
threshold,0.400000,0.400000,22,0.640000,True,0.000000,1920
threshold,0.400000,0.400000,23,0.620000,True,0.000000,1860
threshold,0.400000,0.400000,24,0.620000,True,0.000000,1860
threshold,0.400000,0.400000,25,0.640000,True,0.000000,1920
threshold,0.400000,0.400000,26,0.640000,True,0.000000,1920
threshold,0.400000,0.400000,27,0.640000,True,0.000000,1920
threshold,0.400000,0.400000,28,0.640000,True,0.000000,1920
threshold,0.400000,0.400000,29,0.640000,True,0.000000,1920
threshold,0.400000,0.400000,30,0.620000,True,0.000000,1860
threshold,0.400000,0.400000,31,0.640000,True,0.000000,1920
threshold,0.400000,0.400000,32,0.640000,True,0.000000,1920
threshold,0.400000,0.400000,33,0.640000,True,0.000000,1920
threshold,0.400000,0.400000,34,0.640000,True,0.000000,1920
threshold,0.400000,0.400000,35,0.640000,True,0.000000,1920
threshold,0.400000,0.400000,36,0.640000,True,0.000000,1920
threshold,0.400000,0.400000,37,0.640000,True,0.000000,1920
threshold,0.400000,0.400000,38,0.660000,True,0.000000,1980
threshold,0.400000,0.400000,39,0.640000,True,0.000000,1920
threshold,0.400000,0.410000,0,0.680000,True,0.000000,2040
threshold,0.400000,0.410000,1,0.680000,True,0.000000,2040
threshold,0.400000,0.410000,2,0.680000,True,0.000000,2040
threshold,0.400000,0.410000,3,0.680000,True,0.000000,2040
threshold,0.400000,0.410000,4,0.680000,True,0.000000,2040
threshold,0.400000,0.410000,5,0.680000,True,0.000000,2040
threshold,0.400000,0.410000,6,0.680000,True,0.000000,2040
threshold,0.400000,0.410000,7,0.680000,True,0.000000,2040
threshold,0.400000,0.410000,8,0.680000,True,0.000000,2040
threshold,0.400000,0.410000,9,0.680000,True,0.000000,2040
threshold,0.400000,0.410000,10,0.700000,True,0.000000,2100
threshold,0.400000,0.410000,11,0.680000,True,0.000000,2040
threshold,0.400000,0.410000,12,0.660000,True,0.000000,1980
threshold,0.400000,0.410000,13,0.680000,True,0.000000,2040
threshold,0.400000,0.410000,14,0.680000,True,0.000000,2040
threshold,0.400000,0.410000,15,0.660000,True,0.000000,1980
threshold,0.400000,0.410000,16,0.680000,True,0.000000,2040
threshold,0.400000,0.410000,17,0.680000,True,0.000000,2040
threshold,0.400000,0.410000,18,0.680000,True,0.000000,2040
threshold,0.400000,0.410000,19,0.680000,True,0.000000,2040
threshold,0.400000,0.410000,20,0.680000,True,0.000000,2040
threshold,0.400000,0.410000,21,0.700000,True,0.000000,2100
threshold,0.400000,0.410000,22,0.700000,True,0.000000,2100
threshold,0.400000,0.410000,23,0.660000,True,0.000000,1980
threshold,0.400000,0.410000,24,0.680000,True,0.000000,2040
threshold,0.400000,0.410000,25,0.680000,True,0.000000,2040
threshold,0.400000,0.410000,26,0.700000,True,0.000000,2100
threshold,0.400000,0.410000,27,0.700000,True,0.000000,2100
threshold,0.400000,0.410000,28,0.680000,True,0.000000,2040
threshold,0.400000,0.410000,29,0.680000,True,0.000000,2040
threshold,0.400000,0.410000,30,0.680000,True,0.000000,2040
threshold,0.400000,0.410000,31,0.680000,True,0.000000,2040
threshold,0.400000,0.410000,32,0.680000,True,0.000000,2040
threshold,0.400000,0.410000,33,0.680000,True,0.000000,2040
threshold,0.400000,0.410000,34,0.680000,True,0.000000,2040
threshold,0.400000,0.410000,35,0.680000,True,0.000000,2040
threshold,0.400000,0.410000,36,0.680000,True,0.000000,2040
threshold,0.400000,0.410000,37,0.700000,True,0.000000,2100
threshold,0.400000,0.410000,38,0.700000,True,0.000000,2100
threshold,0.400000,0.410000,39,0.680000,True,0.000000,2040
threshold,0.400000,0.420000,0,0.750000,True,0.000000,2250
threshold,0.400000,0.420000,1,0.750000,True,0.000000,2250
threshold,0.400000,0.420000,2,0.750000,True,0.000000,2250
threshold,0.400000,0.420000,3,0.750000,True,0.000000,2250
threshold,0.400000,0.420000,4,0.750000,True,0.000000,2250
threshold,0.400000,0.420000,5,0.750000,True,0.000000,2250
threshold,0.400000,0.420000,6,0.750000,True,0.000000,2250
threshold,0.400000,0.420000,7,0.750000,True,0.000000,2250
threshold,0.400000,0.420000,8,0.750000,True,0.000000,2250
threshold,0.400000,0.420000,9,0.750000,True,0.000000,2250
threshold,0.400000,0.420000,10,0.750000,True,0.000000,2250
threshold,0.400000,0.420000,11,0.750000,True,0.000000,2250
threshold,0.400000,0.420000,12,0.700000,True,0.000000,2100
threshold,0.400000,0.420000,13,0.750000,True,0.000000,2250
threshold,0.400000,0.420000,14,0.750000,True,0.000000,2250
threshold,0.400000,0.420000,15,0.750000,True,0.000000,2250
threshold,0.400000,0.420000,16,0.750000,True,0.000000,2250
threshold,0.400000,0.420000,17,0.750000,True,0.000000,2250
threshold,0.400000,0.420000,18,0.700000,True,0.000000,2100
threshold,0.400000,0.420000,19,0.750000,True,0.000000,2250
threshold,0.400000,0.420000,20,0.750000,True,0.000000,2250
threshold,0.400000,0.420000,21,0.750000,True,0.000000,2250
threshold,0.400000,0.420000,22,0.750000,True,0.000000,2250
threshold,0.400000,0.420000,23,0.700000,True,0.000000,2100
threshold,0.400000,0.420000,24,0.750000,True,0.000000,2250
threshold,0.400000,0.420000,25,0.750000,True,0.000000,2250
threshold,0.400000,0.420000,26,0.750000,True,0.000000,2250
threshold,0.400000,0.420000,27,0.750000,True,0.000000,2250
threshold,0.400000,0.420000,28,0.750000,True,0.000000,2250
threshold,0.400000,0.420000,29,0.750000,True,0.000000,2250
threshold,0.400000,0.420000,30,0.750000,True,0.000000,2250
threshold,0.400000,0.420000,31,0.750000,True,0.000000,2250
threshold,0.400000,0.420000,32,0.750000,True,0.000000,2250
threshold,0.400000,0.420000,33,0.750000,True,0.000000,2250
threshold,0.400000,0.420000,34,0.750000,True,0.000000,2250
threshold,0.400000,0.420000,35,0.750000,True,0.000000,2250
threshold,0.400000,0.420000,36,0.750000,True,0.000000,2250
threshold,0.400000,0.420000,37,0.750000,True,0.000000,2250
threshold,0.400000,0.420000,38,0.750000,True,0.000000,2250
threshold,0.400000,0.420000,39,0.750000,True,0.000000,2250
threshold,0.400000,0.430000,0,0.750000,True,0.000000,2250
threshold,0.400000,0.430000,1,0.800000,True,0.000000,2400
threshold,0.400000,0.430000,2,0.800000,True,0.000000,2400
threshold,0.400000,0.430000,3,0.750000,True,0.000000,2250
threshold,0.400000,0.430000,4,0.800000,True,0.000000,2400
threshold,0.400000,0.430000,5,0.750000,True,0.000000,2250
threshold,0.400000,0.430000,6,0.750000,True,0.000000,2250
threshold,0.400000,0.430000,7,0.750000,True,0.000000,2250
threshold,0.400000,0.430000,8,0.750000,True,0.000000,2250
threshold,0.400000,0.430000,9,0.750000,True,0.000000,2250
threshold,0.400000,0.430000,10,0.750000,True,0.000000,2250
threshold,0.400000,0.430000,11,0.750000,True,0.000000,2250
threshold,0.400000,0.430000,12,0.750000,True,0.000000,2250
threshold,0.400000,0.430000,13,0.750000,True,0.000000,2250
threshold,0.400000,0.430000,14,0.750000,True,0.000000,2250
threshold,0.400000,0.430000,15,0.750000,True,0.000000,2250
threshold,0.400000,0.430000,16,0.800000,True,0.000000,2400
threshold,0.400000,0.430000,17,0.750000,True,0.000000,2250
threshold,0.400000,0.430000,18,0.750000,True,0.000000,2250
threshold,0.400000,0.430000,19,0.750000,True,0.000000,2250
threshold,0.400000,0.430000,20,0.750000,True,0.000000,2250
threshold,0.400000,0.430000,21,0.750000,True,0.000000,2250
threshold,0.400000,0.430000,22,0.800000,True,0.000000,2400
threshold,0.400000,0.430000,23,0.750000,True,0.000000,2250
threshold,0.400000,0.430000,24,0.750000,True,0.000000,2250
threshold,0.400000,0.430000,25,0.750000,True,0.000000,2250
threshold,0.400000,0.430000,26,0.750000,True,0.000000,2250
threshold,0.400000,0.430000,27,0.800000,True,0.000000,2400
threshold,0.400000,0.430000,28,0.750000,True,0.000000,2250
threshold,0.400000,0.430000,29,0.750000,True,0.000000,2250
threshold,0.400000,0.430000,30,0.750000,True,0.000000,2250
threshold,0.400000,0.430000,31,0.750000,True,0.000000,2250
threshold,0.400000,0.430000,32,0.750000,True,0.000000,2250
threshold,0.400000,0.430000,33,0.750000,True,0.000000,2250
threshold,0.400000,0.430000,34,0.800000,True,0.000000,2400
threshold,0.400000,0.430000,35,0.800000,True,0.000000,2400
threshold,0.400000,0.430000,36,0.750000,True,0.000000,2250
threshold,0.400000,0.430000,37,0.750000,True,0.000000,2250
threshold,0.400000,0.430000,38,0.800000,True,0.000000,2400
threshold,0.400000,0.430000,39,0.750000,True,0.000000,2250
threshold,0.400000,0.440000,0,0.800000,True,0.000000,2400
threshold,0.400000,0.440000,1,0.800000,True,0.000000,2400
threshold,0.400000,0.440000,2,0.800000,True,0.000000,2400
threshold,0.400000,0.440000,3,0.800000,True,0.000000,2400
threshold,0.400000,0.440000,4,0.800000,True,0.000000,2400
threshold,0.400000,0.440000,5,0.800000,True,0.000000,2400
threshold,0.400000,0.440000,6,0.800000,True,0.000000,2400
threshold,0.400000,0.440000,7,0.800000,True,0.000000,2400
threshold,0.400000,0.440000,8,0.800000,True,0.000000,2400
threshold,0.400000,0.440000,9,0.800000,True,0.000000,2400
threshold,0.400000,0.440000,10,0.800000,True,0.000000,2400
threshold,0.400000,0.440000,11,0.800000,True,0.000000,2400
threshold,0.400000,0.440000,12,0.750000,True,0.000000,2250
threshold,0.400000,0.440000,13,0.800000,True,0.000000,2400
threshold,0.400000,0.440000,14,0.800000,True,0.000000,2400
threshold,0.400000,0.440000,15,0.800000,True,0.000000,2400
threshold,0.400000,0.440000,16,0.800000,True,0.000000,2400
threshold,0.400000,0.440000,17,0.800000,True,0.000000,2400
threshold,0.400000,0.440000,18,0.800000,True,0.000000,2400
threshold,0.400000,0.440000,19,0.800000,True,0.000000,2400
threshold,0.400000,0.440000,20,0.800000,True,0.000000,2400
threshold,0.400000,0.440000,21,0.800000,True,0.000000,2400
threshold,0.400000,0.440000,22,0.800000,True,0.000000,2400
threshold,0.400000,0.440000,23,0.800000,True,0.000000,2400
threshold,0.400000,0.440000,24,0.800000,True,0.000000,2400
threshold,0.400000,0.440000,25,0.800000,True,0.000000,2400
threshold,0.400000,0.440000,26,0.800000,True,0.000000,2400
threshold,0.400000,0.440000,27,0.800000,True,0.000000,2400
threshold,0.400000,0.440000,28,0.800000,True,0.000000,2400
threshold,0.400000,0.440000,29,0.800000,True,0.000000,2400
threshold,0.400000,0.440000,30,0.800000,True,0.000000,2400
threshold,0.400000,0.440000,31,0.800000,True,0.000000,2400
threshold,0.400000,0.440000,32,0.800000,True,0.000000,2400
threshold,0.400000,0.440000,33,0.800000,True,0.000000,2400
threshold,0.400000,0.440000,34,0.800000,True,0.000000,2400
threshold,0.400000,0.440000,35,0.800000,True,0.000000,2400
threshold,0.400000,0.440000,36,0.800000,True,0.000000,2400
threshold,0.400000,0.440000,37,0.800000,True,0.000000,2400
threshold,0.400000,0.440000,38,0.800000,True,0.000000,2400
threshold,0.400000,0.440000,39,0.800000,True,0.000000,2400
threshold,0.400000,0.450000,0,0.800000,True,0.000000,2400
threshold,0.400000,0.450000,1,0.850000,True,0.000000,2550
threshold,0.400000,0.450000,2,0.800000,True,0.000000,2400
threshold,0.400000,0.450000,3,0.800000,True,0.000000,2400
threshold,0.400000,0.450000,4,0.800000,True,0.000000,2400
threshold,0.400000,0.450000,5,0.800000,True,0.000000,2400
threshold,0.400000,0.450000,6,0.800000,True,0.000000,2400
threshold,0.400000,0.450000,7,0.800000,True,0.000000,2400
threshold,0.400000,0.450000,8,0.800000,True,0.000000,2400
threshold,0.400000,0.450000,9,0.800000,True,0.000000,2400
threshold,0.400000,0.450000,10,0.800000,True,0.000000,2400
threshold,0.400000,0.450000,11,0.850000,True,0.000000,2550
threshold,0.400000,0.450000,12,0.800000,True,0.000000,2400
threshold,0.400000,0.450000,13,0.850000,True,0.000000,2550
threshold,0.400000,0.450000,14,0.800000,True,0.000000,2400
threshold,0.400000,0.450000,15,0.800000,True,0.000000,2400
threshold,0.400000,0.450000,16,0.800000,True,0.000000,2400
threshold,0.400000,0.450000,17,0.800000,True,0.000000,2400
threshold,0.400000,0.450000,18,0.800000,True,0.000000,2400
threshold,0.400000,0.450000,19,0.800000,True,0.000000,2400
threshold,0.400000,0.450000,20,0.800000,True,0.000000,2400
threshold,0.400000,0.450000,21,0.800000,True,0.000000,2400
threshold,0.400000,0.450000,22,0.800000,True,0.000000,2400
threshold,0.400000,0.450000,23,0.800000,True,0.000000,2400
threshold,0.400000,0.450000,24,0.800000,True,0.000000,2400
threshold,0.400000,0.450000,25,0.800000,True,0.000000,2400
threshold,0.400000,0.450000,26,0.800000,True,0.000000,2400
threshold,0.400000,0.450000,27,0.800000,True,0.000000,2400
threshold,0.400000,0.450000,28,0.800000,True,0.000000,2400
threshold,0.400000,0.450000,29,0.800000,True,0.000000,2400
threshold,0.400000,0.450000,30,0.800000,True,0.000000,2400
threshold,0.400000,0.450000,31,0.800000,True,0.000000,2400
threshold,0.400000,0.450000,32,0.800000,True,0.000000,2400
threshold,0.400000,0.450000,33,0.800000,True,0.000000,2400
threshold,0.400000,0.450000,34,0.800000,True,0.000000,2400
threshold,0.400000,0.450000,35,0.800000,True,0.000000,2400
threshold,0.400000,0.450000,36,0.800000,True,0.000000,2400
threshold,0.400000,0.450000,37,0.800000,True,0.000000,2400
threshold,0.400000,0.450000,38,0.800000,True,0.000000,2400
threshold,0.400000,0.450000,39,0.800000,True,0.000000,2400
threshold,0.400000,0.460000,0,0.850000,True,0.000000,2550
threshold,0.400000,0.460000,1,0.850000,True,0.000000,2550
threshold,0.400000,0.460000,2,0.800000,True,0.000000,2400
threshold,0.400000,0.460000,3,0.800000,True,0.000000,2400
threshold,0.400000,0.460000,4,0.850000,True,0.000000,2550
threshold,0.400000,0.460000,5,0.850000,True,0.000000,2550
threshold,0.400000,0.460000,6,0.800000,True,0.000000,2400
threshold,0.400000,0.460000,7,0.850000,True,0.000000,2550
threshold,0.400000,0.460000,8,0.850000,True,0.000000,2550
threshold,0.400000,0.460000,9,0.800000,True,0.000000,2400
threshold,0.400000,0.460000,10,0.850000,True,0.000000,2550
threshold,0.400000,0.460000,11,0.850000,True,0.000000,2550
threshold,0.400000,0.460000,12,0.800000,True,0.000000,2400
threshold,0.400000,0.460000,13,0.850000,True,0.000000,2550
threshold,0.400000,0.460000,14,0.800000,True,0.000000,2400
threshold,0.400000,0.460000,15,0.800000,True,0.000000,2400
threshold,0.400000,0.460000,16,0.850000,True,0.000000,2550
threshold,0.400000,0.460000,17,0.800000,True,0.000000,2400
threshold,0.400000,0.460000,18,0.800000,True,0.000000,2400
threshold,0.400000,0.460000,19,0.800000,True,0.000000,2400
threshold,0.400000,0.460000,20,0.850000,True,0.000000,2550
threshold,0.400000,0.460000,21,0.800000,True,0.000000,2400
threshold,0.400000,0.460000,22,0.850000,True,0.000000,2550
threshold,0.400000,0.460000,23,0.800000,True,0.000000,2400
threshold,0.400000,0.460000,24,0.850000,True,0.000000,2550
threshold,0.400000,0.460000,25,0.800000,True,0.000000,2400
threshold,0.400000,0.460000,26,0.850000,True,0.000000,2550
threshold,0.400000,0.460000,27,0.850000,True,0.000000,2550
threshold,0.400000,0.460000,28,0.850000,True,0.000000,2550
threshold,0.400000,0.460000,29,0.850000,True,0.000000,2550
threshold,0.400000,0.460000,30,0.800000,True,0.000000,2400
threshold,0.400000,0.460000,31,0.850000,True,0.000000,2550
threshold,0.400000,0.460000,32,0.800000,True,0.000000,2400
threshold,0.400000,0.460000,33,0.850000,True,0.000000,2550
threshold,0.400000,0.460000,34,0.800000,True,0.000000,2400
threshold,0.400000,0.460000,35,0.850000,True,0.000000,2550
threshold,0.400000,0.460000,36,0.800000,True,0.000000,2400
threshold,0.400000,0.460000,37,0.800000,True,0.000000,2400
threshold,0.400000,0.460000,38,0.800000,True,0.000000,2400
threshold,0.400000,0.460000,39,0.800000,True,0.000000,2400
threshold,0.400000,0.470000,0,0.850000,True,0.000000,2550
threshold,0.400000,0.470000,1,0.850000,True,0.000000,2550
threshold,0.400000,0.470000,2,0.800000,True,0.000000,2400
threshold,0.400000,0.470000,3,0.850000,True,0.000000,2550
threshold,0.400000,0.470000,4,0.850000,True,0.000000,2550
threshold,0.400000,0.470000,5,0.850000,True,0.000000,2550
threshold,0.400000,0.470000,6,0.850000,True,0.000000,2550
threshold,0.400000,0.470000,7,0.850000,True,0.000000,2550
threshold,0.400000,0.470000,8,0.850000,True,0.000000,2550
threshold,0.400000,0.470000,9,0.850000,True,0.000000,2550
threshold,0.400000,0.470000,10,0.850000,True,0.000000,2550
threshold,0.400000,0.470000,11,0.850000,True,0.000000,2550
threshold,0.400000,0.470000,12,0.850000,True,0.000000,2550
threshold,0.400000,0.470000,13,0.850000,True,0.000000,2550
threshold,0.400000,0.470000,14,0.850000,True,0.000000,2550
threshold,0.400000,0.470000,15,0.850000,True,0.000000,2550
threshold,0.400000,0.470000,16,0.850000,True,0.000000,2550
threshold,0.400000,0.470000,17,0.850000,True,0.000000,2550
threshold,0.400000,0.470000,18,0.800000,True,0.000000,2400
threshold,0.400000,0.470000,19,0.850000,True,0.000000,2550
threshold,0.400000,0.470000,20,0.850000,True,0.000000,2550
threshold,0.400000,0.470000,21,0.850000,True,0.000000,2550
threshold,0.400000,0.470000,22,0.850000,True,0.000000,2550
threshold,0.400000,0.470000,23,0.850000,True,0.000000,2550
threshold,0.400000,0.470000,24,0.850000,True,0.000000,2550
threshold,0.400000,0.470000,25,0.850000,True,0.000000,2550
threshold,0.400000,0.470000,26,0.850000,True,0.000000,2550
threshold,0.400000,0.470000,27,0.850000,True,0.000000,2550
threshold,0.400000,0.470000,28,0.850000,True,0.000000,2550
threshold,0.400000,0.470000,29,0.850000,True,0.000000,2550
threshold,0.400000,0.470000,30,0.850000,True,0.000000,2550
threshold,0.400000,0.470000,31,0.850000,True,0.000000,2550
threshold,0.400000,0.470000,32,0.850000,True,0.000000,2550
threshold,0.400000,0.470000,33,0.850000,True,0.000000,2550
threshold,0.400000,0.470000,34,0.800000,True,0.000000,2400
threshold,0.400000,0.470000,35,0.850000,True,0.000000,2550
threshold,0.400000,0.470000,36,0.850000,True,0.000000,2550
threshold,0.400000,0.470000,37,0.800000,True,0.000000,2400
threshold,0.400000,0.470000,38,0.850000,True,0.000000,2550
threshold,0.400000,0.470000,39,0.850000,True,0.000000,2550
threshold,0.400000,0.480000,0,0.850000,True,0.000000,2550
threshold,0.400000,0.480000,1,0.850000,True,0.000000,2550
threshold,0.400000,0.480000,2,0.850000,True,0.000000,2550
threshold,0.400000,0.480000,3,0.850000,True,0.000000,2550
threshold,0.400000,0.480000,4,0.850000,True,0.000000,2550
threshold,0.400000,0.480000,5,0.850000,True,0.000000,2550
threshold,0.400000,0.480000,6,0.850000,True,0.000000,2550
threshold,0.400000,0.480000,7,0.850000,True,0.000000,2550
threshold,0.400000,0.480000,8,0.850000,True,0.000000,2550
threshold,0.400000,0.480000,9,0.850000,True,0.000000,2550
threshold,0.400000,0.480000,10,0.850000,True,0.000000,2550
threshold,0.400000,0.480000,11,0.850000,True,0.000000,2550
threshold,0.400000,0.480000,12,0.850000,True,0.000000,2550
threshold,0.400000,0.480000,13,0.850000,True,0.000000,2550
threshold,0.400000,0.480000,14,0.850000,True,0.000000,2550
threshold,0.400000,0.480000,15,0.850000,True,0.000000,2550
threshold,0.400000,0.480000,16,0.850000,True,0.000000,2550
threshold,0.400000,0.480000,17,0.850000,True,0.000000,2550
threshold,0.400000,0.480000,18,0.850000,True,0.000000,2550
threshold,0.400000,0.480000,19,0.850000,True,0.000000,2550
threshold,0.400000,0.480000,20,0.850000,True,0.000000,2550
threshold,0.400000,0.480000,21,0.850000,True,0.000000,2550
threshold,0.400000,0.480000,22,0.850000,True,0.000000,2550
threshold,0.400000,0.480000,23,0.850000,True,0.000000,2550
threshold,0.400000,0.480000,24,0.850000,True,0.000000,2550
threshold,0.400000,0.480000,25,0.850000,True,0.000000,2550
threshold,0.400000,0.480000,26,0.850000,True,0.000000,2550
threshold,0.400000,0.480000,27,0.850000,True,0.000000,2550
threshold,0.400000,0.480000,28,0.850000,True,0.000000,2550
threshold,0.400000,0.480000,29,0.850000,True,0.000000,2550
threshold,0.400000,0.480000,30,0.850000,True,0.000000,2550
threshold,0.400000,0.480000,31,0.850000,True,0.000000,2550
threshold,0.400000,0.480000,32,0.800000,True,0.000000,2400
threshold,0.400000,0.480000,33,0.850000,True,0.000000,2550
threshold,0.400000,0.480000,34,0.850000,True,0.000000,2550
threshold,0.400000,0.480000,35,0.850000,True,0.000000,2550
threshold,0.400000,0.480000,36,0.850000,True,0.000000,2550
threshold,0.400000,0.480000,37,0.850000,True,0.000000,2550
threshold,0.400000,0.480000,38,0.850000,True,0.000000,2550
threshold,0.400000,0.480000,39,0.850000,True,0.000000,2550
threshold,0.400000,0.490000,0,0.850000,True,0.000000,2550
threshold,0.400000,0.490000,1,0.850000,True,0.000000,2550
threshold,0.400000,0.490000,2,0.850000,True,0.000000,2550
threshold,0.400000,0.490000,3,0.850000,True,0.000000,2550
threshold,0.400000,0.490000,4,0.850000,True,0.000000,2550
threshold,0.400000,0.490000,5,0.850000,True,0.000000,2550
threshold,0.400000,0.490000,6,0.850000,True,0.000000,2550
threshold,0.400000,0.490000,7,0.850000,True,0.000000,2550
threshold,0.400000,0.490000,8,0.850000,True,0.000000,2550
threshold,0.400000,0.490000,9,0.850000,True,0.000000,2550
threshold,0.400000,0.490000,10,0.850000,True,0.000000,2550
threshold,0.400000,0.490000,11,0.850000,True,0.000000,2550
threshold,0.400000,0.490000,12,0.800000,True,0.000000,2400
threshold,0.400000,0.490000,13,0.850000,True,0.000000,2550
threshold,0.400000,0.490000,14,0.850000,True,0.000000,2550
threshold,0.400000,0.490000,15,0.850000,True,0.000000,2550
threshold,0.400000,0.490000,16,0.850000,True,0.000000,2550
threshold,0.400000,0.490000,17,0.850000,True,0.000000,2550
threshold,0.400000,0.490000,18,0.850000,True,0.000000,2550
threshold,0.400000,0.490000,19,0.850000,True,0.000000,2550
threshold,0.400000,0.490000,20,0.850000,True,0.000000,2550
threshold,0.400000,0.490000,21,0.850000,True,0.000000,2550
threshold,0.400000,0.490000,22,0.850000,True,0.000000,2550
threshold,0.400000,0.490000,23,0.850000,True,0.000000,2550
threshold,0.400000,0.490000,24,0.850000,True,0.000000,2550
threshold,0.400000,0.490000,25,0.850000,True,0.000000,2550
threshold,0.400000,0.490000,26,0.850000,True,0.000000,2550
threshold,0.400000,0.490000,27,0.850000,True,0.000000,2550
threshold,0.400000,0.490000,28,0.850000,True,0.000000,2550
threshold,0.400000,0.490000,29,0.850000,True,0.000000,2550
threshold,0.400000,0.490000,30,0.850000,True,0.000000,2550
threshold,0.400000,0.490000,31,0.850000,True,0.000000,2550
threshold,0.400000,0.490000,32,0.850000,True,0.000000,2550
threshold,0.400000,0.490000,33,0.850000,True,0.000000,2550
threshold,0.400000,0.490000,34,0.850000,True,0.000000,2550
threshold,0.400000,0.490000,35,0.850000,True,0.000000,2550
threshold,0.400000,0.490000,36,0.850000,True,0.000000,2550
threshold,0.400000,0.490000,37,0.850000,True,0.000000,2550
threshold,0.400000,0.490000,38,0.850000,True,0.000000,2550
threshold,0.400000,0.490000,39,0.850000,True,0.000000,2550
threshold,0.400000,0.500000,0,0.850000,True,0.000000,2550
threshold,0.400000,0.500000,1,0.850000,True,0.000000,2550
threshold,0.400000,0.500000,2,0.850000,True,0.000000,2550
threshold,0.400000,0.500000,3,0.850000,True,0.000000,2550
threshold,0.400000,0.500000,4,0.850000,True,0.000000,2550
threshold,0.400000,0.500000,5,0.850000,True,0.000000,2550
threshold,0.400000,0.500000,6,0.850000,True,0.000000,2550
threshold,0.400000,0.500000,7,0.850000,True,0.000000,2550
threshold,0.400000,0.500000,8,0.850000,True,0.000000,2550
threshold,0.400000,0.500000,9,0.850000,True,0.000000,2550
threshold,0.400000,0.500000,10,0.850000,True,0.000000,2550
threshold,0.400000,0.500000,11,0.850000,True,0.000000,2550
threshold,0.400000,0.500000,12,0.850000,True,0.000000,2550
threshold,0.400000,0.500000,13,0.850000,True,0.000000,2550
threshold,0.400000,0.500000,14,0.850000,True,0.000000,2550
threshold,0.400000,0.500000,15,0.850000,True,0.000000,2550
threshold,0.400000,0.500000,16,0.850000,True,0.000000,2550
threshold,0.400000,0.500000,17,0.850000,True,0.000000,2550
threshold,0.400000,0.500000,18,0.850000,True,0.000000,2550
threshold,0.400000,0.500000,19,0.850000,True,0.000000,2550
threshold,0.400000,0.500000,20,0.850000,True,0.000000,2550
threshold,0.400000,0.500000,21,0.850000,True,0.000000,2550
threshold,0.400000,0.500000,22,0.850000,True,0.000000,2550
threshold,0.400000,0.500000,23,0.850000,True,0.000000,2550
threshold,0.400000,0.500000,24,0.850000,True,0.000000,2550
threshold,0.400000,0.500000,25,0.850000,True,0.000000,2550
threshold,0.400000,0.500000,26,0.850000,True,0.000000,2550
threshold,0.400000,0.500000,27,0.850000,True,0.000000,2550
threshold,0.400000,0.500000,28,0.850000,True,0.000000,2550
threshold,0.400000,0.500000,29,0.850000,True,0.000000,2550
threshold,0.400000,0.500000,30,0.850000,True,0.000000,2550
threshold,0.400000,0.500000,31,0.850000,True,0.000000,2550
threshold,0.400000,0.500000,32,0.850000,True,0.000000,2550
threshold,0.400000,0.500000,33,0.850000,True,0.000000,2550
threshold,0.400000,0.500000,34,0.850000,True,0.000000,2550
threshold,0.400000,0.500000,35,0.850000,True,0.000000,2550
threshold,0.400000,0.500000,36,0.850000,True,0.000000,2550
threshold,0.400000,0.500000,37,0.850000,True,0.000000,2550
threshold,0.400000,0.500000,38,0.850000,True,0.000000,2550
threshold,0.400000,0.500000,39,0.850000,True,0.000000,2550
threshold,0.400000,0.510000,0,0.850000,True,0.000000,2550
threshold,0.400000,0.510000,1,0.850000,True,0.000000,2550
threshold,0.400000,0.510000,2,0.850000,True,0.000000,2550
threshold,0.400000,0.510000,3,0.850000,True,0.000000,2550
threshold,0.400000,0.510000,4,0.850000,True,0.000000,2550
threshold,0.400000,0.510000,5,0.850000,True,0.000000,2550
threshold,0.400000,0.510000,6,0.850000,True,0.000000,2550
threshold,0.400000,0.510000,7,0.850000,True,0.000000,2550
threshold,0.400000,0.510000,8,0.850000,True,0.000000,2550
threshold,0.400000,0.510000,9,0.850000,True,0.000000,2550
threshold,0.400000,0.510000,10,0.850000,True,0.000000,2550
threshold,0.400000,0.510000,11,0.850000,True,0.000000,2550
threshold,0.400000,0.510000,12,0.850000,True,0.000000,2550
threshold,0.400000,0.510000,13,0.850000,True,0.000000,2550
threshold,0.400000,0.510000,14,0.850000,True,0.000000,2550
threshold,0.400000,0.510000,15,0.850000,True,0.000000,2550
threshold,0.400000,0.510000,16,0.850000,True,0.000000,2550
threshold,0.400000,0.510000,17,0.850000,True,0.000000,2550
threshold,0.400000,0.510000,18,0.850000,True,0.000000,2550
threshold,0.400000,0.510000,19,0.850000,True,0.000000,2550
threshold,0.400000,0.510000,20,0.850000,True,0.000000,2550
threshold,0.400000,0.510000,21,0.850000,True,0.000000,2550
threshold,0.400000,0.510000,22,0.850000,True,0.000000,2550
threshold,0.400000,0.510000,23,0.850000,True,0.000000,2550
threshold,0.400000,0.510000,24,0.850000,True,0.000000,2550
threshold,0.400000,0.510000,25,0.850000,True,0.000000,2550
threshold,0.400000,0.510000,26,0.850000,True,0.000000,2550
threshold,0.400000,0.510000,27,0.850000,True,0.000000,2550
threshold,0.400000,0.510000,28,0.850000,True,0.000000,2550
threshold,0.400000,0.510000,29,0.850000,True,0.000000,2550
threshold,0.400000,0.510000,30,0.850000,True,0.000000,2550
threshold,0.400000,0.510000,31,0.850000,True,0.000000,2550
threshold,0.400000,0.510000,32,0.850000,True,0.000000,2550
threshold,0.400000,0.510000,33,0.850000,True,0.000000,2550
threshold,0.400000,0.510000,34,0.850000,True,0.000000,2550
threshold,0.400000,0.510000,35,0.850000,True,0.000000,2550
threshold,0.400000,0.510000,36,0.850000,True,0.000000,2550
threshold,0.400000,0.510000,37,0.850000,True,0.000000,2550
threshold,0.400000,0.510000,38,0.850000,True,0.000000,2550
threshold,0.400000,0.510000,39,0.850000,True,0.000000,2550
threshold,0.400000,0.520000,0,0.850000,True,0.000000,2550
threshold,0.400000,0.520000,1,0.850000,True,0.000000,2550
threshold,0.400000,0.520000,2,0.850000,True,0.000000,2550
threshold,0.400000,0.520000,3,0.850000,True,0.000000,2550
threshold,0.400000,0.520000,4,0.850000,True,0.000000,2550
threshold,0.400000,0.520000,5,0.850000,True,0.000000,2550
threshold,0.400000,0.520000,6,0.850000,True,0.000000,2550
threshold,0.400000,0.520000,7,0.850000,True,0.000000,2550
threshold,0.400000,0.520000,8,0.850000,True,0.000000,2550
threshold,0.400000,0.520000,9,0.850000,True,0.000000,2550
threshold,0.400000,0.520000,10,0.850000,True,0.000000,2550
threshold,0.400000,0.520000,11,0.850000,True,0.000000,2550
threshold,0.400000,0.520000,12,0.850000,True,0.000000,2550
threshold,0.400000,0.520000,13,0.850000,True,0.000000,2550
threshold,0.400000,0.520000,14,0.850000,True,0.000000,2550
threshold,0.400000,0.520000,15,0.850000,True,0.000000,2550
threshold,0.400000,0.520000,16,0.900000,True,0.000000,2700
threshold,0.400000,0.520000,17,0.850000,True,0.000000,2550
threshold,0.400000,0.520000,18,0.850000,True,0.000000,2550
threshold,0.400000,0.520000,19,0.850000,True,0.000000,2550
threshold,0.400000,0.520000,20,0.850000,True,0.000000,2550
threshold,0.400000,0.520000,21,0.850000,True,0.000000,2550
threshold,0.400000,0.520000,22,0.850000,True,0.000000,2550
threshold,0.400000,0.520000,23,0.850000,True,0.000000,2550
threshold,0.400000,0.520000,24,0.850000,True,0.000000,2550
threshold,0.400000,0.520000,25,0.850000,True,0.000000,2550
threshold,0.400000,0.520000,26,0.850000,True,0.000000,2550
threshold,0.400000,0.520000,27,0.850000,True,0.000000,2550
threshold,0.400000,0.520000,28,0.850000,True,0.000000,2550
threshold,0.400000,0.520000,29,0.850000,True,0.000000,2550
threshold,0.400000,0.520000,30,0.850000,True,0.000000,2550
threshold,0.400000,0.520000,31,0.850000,True,0.000000,2550
threshold,0.400000,0.520000,32,0.850000,True,0.000000,2550
threshold,0.400000,0.520000,33,0.850000,True,0.000000,2550
threshold,0.400000,0.520000,34,0.850000,True,0.000000,2550
threshold,0.400000,0.520000,35,0.850000,True,0.000000,2550
threshold,0.400000,0.520000,36,0.850000,True,0.000000,2550
threshold,0.400000,0.520000,37,0.850000,True,0.000000,2550
threshold,0.400000,0.520000,38,0.850000,True,0.000000,2550
threshold,0.400000,0.520000,39,0.850000,True,0.000000,2550
threshold,0.400000,0.530000,0,0.850000,True,0.000000,2550
threshold,0.400000,0.530000,1,0.850000,True,0.000000,2550
threshold,0.400000,0.530000,2,0.850000,True,0.000000,2550
threshold,0.400000,0.530000,3,0.850000,True,0.000000,2550
threshold,0.400000,0.530000,4,0.850000,True,0.000000,2550
threshold,0.400000,0.530000,5,0.850000,True,0.000000,2550
threshold,0.400000,0.530000,6,0.850000,True,0.000000,2550
threshold,0.400000,0.530000,7,0.850000,True,0.000000,2550
threshold,0.400000,0.530000,8,0.850000,True,0.000000,2550
threshold,0.400000,0.530000,9,0.850000,True,0.000000,2550
threshold,0.400000,0.530000,10,0.850000,True,0.000000,2550
threshold,0.400000,0.530000,11,0.850000,True,0.000000,2550
threshold,0.400000,0.530000,12,0.850000,True,0.000000,2550
threshold,0.400000,0.530000,13,0.850000,True,0.000000,2550
threshold,0.400000,0.530000,14,0.850000,True,0.000000,2550
threshold,0.400000,0.530000,15,0.850000,True,0.000000,2550
threshold,0.400000,0.530000,16,0.850000,True,0.000000,2550
threshold,0.400000,0.530000,17,0.850000,True,0.000000,2550
threshold,0.400000,0.530000,18,0.850000,True,0.000000,2550
threshold,0.400000,0.530000,19,0.850000,True,0.000000,2550
threshold,0.400000,0.530000,20,0.850000,True,0.000000,2550
threshold,0.400000,0.530000,21,0.850000,True,0.000000,2550
threshold,0.400000,0.530000,22,0.850000,True,0.000000,2550
threshold,0.400000,0.530000,23,0.850000,True,0.000000,2550
threshold,0.400000,0.530000,24,0.850000,True,0.000000,2550
threshold,0.400000,0.530000,25,0.850000,True,0.000000,2550
threshold,0.400000,0.530000,26,0.850000,True,0.000000,2550
threshold,0.400000,0.530000,27,0.850000,True,0.000000,2550
threshold,0.400000,0.530000,28,0.850000,True,0.000000,2550
threshold,0.400000,0.530000,29,0.850000,True,0.000000,2550
threshold,0.400000,0.530000,30,0.850000,True,0.000000,2550
threshold,0.400000,0.530000,31,0.850000,True,0.000000,2550
threshold,0.400000,0.530000,32,0.850000,True,0.000000,2550
threshold,0.400000,0.530000,33,0.850000,True,0.000000,2550
threshold,0.400000,0.530000,34,0.850000,True,0.000000,2550
threshold,0.400000,0.530000,35,0.850000,True,0.000000,2550
threshold,0.400000,0.530000,36,0.850000,True,0.000000,2550
threshold,0.400000,0.530000,37,0.850000,True,0.000000,2550
threshold,0.400000,0.530000,38,0.850000,True,0.000000,2550
threshold,0.400000,0.530000,39,0.850000,True,0.000000,2550
threshold,0.400000,0.540000,0,0.900000,True,0.000000,2700
threshold,0.400000,0.540000,1,0.850000,True,0.000000,2550
threshold,0.400000,0.540000,2,0.850000,True,0.000000,2550
threshold,0.400000,0.540000,3,0.850000,True,0.000000,2550
threshold,0.400000,0.540000,4,0.850000,True,0.000000,2550
threshold,0.400000,0.540000,5,0.850000,True,0.000000,2550
threshold,0.400000,0.540000,6,0.900000,True,0.000000,2700
threshold,0.400000,0.540000,7,0.850000,True,0.000000,2550
threshold,0.400000,0.540000,8,0.850000,True,0.000000,2550
threshold,0.400000,0.540000,9,0.900000,True,0.000000,2700
threshold,0.400000,0.540000,10,0.850000,True,0.000000,2550
threshold,0.400000,0.540000,11,0.900000,True,0.000000,2700
threshold,0.400000,0.540000,12,0.850000,True,0.000000,2550
threshold,0.400000,0.540000,13,0.850000,True,0.000000,2550
threshold,0.400000,0.540000,14,0.850000,True,0.000000,2550
threshold,0.400000,0.540000,15,0.850000,True,0.000000,2550
threshold,0.400000,0.540000,16,0.850000,True,0.000000,2550
threshold,0.400000,0.540000,17,0.850000,True,0.000000,2550
threshold,0.400000,0.540000,18,0.850000,True,0.000000,2550
threshold,0.400000,0.540000,19,0.850000,True,0.000000,2550
threshold,0.400000,0.540000,20,0.850000,True,0.000000,2550
threshold,0.400000,0.540000,21,0.850000,True,0.000000,2550
threshold,0.400000,0.540000,22,0.850000,True,0.000000,2550
threshold,0.400000,0.540000,23,0.850000,True,0.000000,2550
threshold,0.400000,0.540000,24,0.900000,True,0.000000,2700
threshold,0.400000,0.540000,25,0.850000,True,0.000000,2550
threshold,0.400000,0.540000,26,0.850000,True,0.000000,2550
threshold,0.400000,0.540000,27,0.850000,True,0.000000,2550
threshold,0.400000,0.540000,28,0.850000,True,0.000000,2550
threshold,0.400000,0.540000,29,0.850000,True,0.000000,2550
threshold,0.400000,0.540000,30,0.850000,True,0.000000,2550
threshold,0.400000,0.540000,31,0.900000,True,0.000000,2700
threshold,0.400000,0.540000,32,0.900000,True,0.000000,2700
threshold,0.400000,0.540000,33,0.850000,True,0.000000,2550
threshold,0.400000,0.540000,34,0.850000,True,0.000000,2550
threshold,0.400000,0.540000,35,0.850000,True,0.000000,2550
threshold,0.400000,0.540000,36,0.850000,True,0.000000,2550
threshold,0.400000,0.540000,37,0.850000,True,0.000000,2550
threshold,0.400000,0.540000,38,0.900000,True,0.000000,2700
threshold,0.400000,0.540000,39,0.850000,True,0.000000,2550
threshold,0.400000,0.550000,0,0.850000,True,0.000000,2550
threshold,0.400000,0.550000,1,0.850000,True,0.000000,2550
threshold,0.400000,0.550000,2,0.850000,True,0.000000,2550
threshold,0.400000,0.550000,3,0.850000,True,0.000000,2550
threshold,0.400000,0.550000,4,0.850000,True,0.000000,2550
threshold,0.400000,0.550000,5,0.900000,True,0.000000,2700
threshold,0.400000,0.550000,6,0.850000,True,0.000000,2550
threshold,0.400000,0.550000,7,0.850000,True,0.000000,2550
threshold,0.400000,0.550000,8,0.850000,True,0.000000,2550
threshold,0.400000,0.550000,9,0.850000,True,0.000000,2550
threshold,0.400000,0.550000,10,0.850000,True,0.000000,2550
threshold,0.400000,0.550000,11,0.900000,True,0.000000,2700
threshold,0.400000,0.550000,12,0.850000,True,0.000000,2550
threshold,0.400000,0.550000,13,0.850000,True,0.000000,2550
threshold,0.400000,0.550000,14,0.850000,True,0.000000,2550
threshold,0.400000,0.550000,15,0.850000,True,0.000000,2550
threshold,0.400000,0.550000,16,0.850000,True,0.000000,2550
threshold,0.400000,0.550000,17,0.850000,True,0.000000,2550
threshold,0.400000,0.550000,18,0.850000,True,0.000000,2550
threshold,0.400000,0.550000,19,0.850000,True,0.000000,2550
threshold,0.400000,0.550000,20,0.900000,True,0.000000,2700
threshold,0.400000,0.550000,21,0.850000,True,0.000000,2550
threshold,0.400000,0.550000,22,0.850000,True,0.000000,2550
threshold,0.400000,0.550000,23,0.850000,True,0.000000,2550
threshold,0.400000,0.550000,24,0.850000,True,0.000000,2550
threshold,0.400000,0.550000,25,0.850000,True,0.000000,2550
threshold,0.400000,0.550000,26,0.850000,True,0.000000,2550
threshold,0.400000,0.550000,27,0.850000,True,0.000000,2550
threshold,0.400000,0.550000,28,0.850000,True,0.000000,2550
threshold,0.400000,0.550000,29,0.850000,True,0.000000,2550
threshold,0.400000,0.550000,30,0.850000,True,0.000000,2550
threshold,0.400000,0.550000,31,0.900000,True,0.000000,2700
threshold,0.400000,0.550000,32,0.900000,True,0.000000,2700
threshold,0.400000,0.550000,33,0.850000,True,0.000000,2550
threshold,0.400000,0.550000,34,0.850000,True,0.000000,2550
threshold,0.400000,0.550000,35,0.850000,True,0.000000,2550
threshold,0.400000,0.550000,36,0.850000,True,0.000000,2550
threshold,0.400000,0.550000,37,0.850000,True,0.000000,2550
threshold,0.400000,0.550000,38,0.850000,True,0.000000,2550
threshold,0.400000,0.550000,39,0.900000,True,0.000000,2700
threshold,0.600000,0.250000,0,0.260000,True,0.000000,780
threshold,0.600000,0.250000,1,0.280000,True,0.000000,840
threshold,0.600000,0.250000,2,0.280000,True,0.000000,840
threshold,0.600000,0.250000,3,0.260000,True,0.000000,780
threshold,0.600000,0.250000,4,0.260000,True,0.000000,780
threshold,0.600000,0.250000,5,0.260000,True,0.000000,780
threshold,0.600000,0.250000,6,0.260000,True,0.000000,780
threshold,0.600000,0.250000,7,0.280000,True,0.000000,840
threshold,0.600000,0.250000,8,0.260000,True,0.000000,780
threshold,0.600000,0.250000,9,0.260000,True,0.000000,780
threshold,0.600000,0.250000,10,0.280000,True,0.000000,840
threshold,0.600000,0.250000,11,0.280000,True,0.000000,840
threshold,0.600000,0.250000,12,0.260000,True,0.000000,780
threshold,0.600000,0.250000,13,0.260000,True,0.000000,780
threshold,0.600000,0.250000,14,0.260000,True,0.000000,780
threshold,0.600000,0.250000,15,0.260000,True,0.000000,780
threshold,0.600000,0.250000,16,0.260000,True,0.000000,780
threshold,0.600000,0.250000,17,0.280000,True,0.000000,840
threshold,0.600000,0.250000,18,0.260000,True,0.000000,780
threshold,0.600000,0.250000,19,0.260000,True,0.000000,780
threshold,0.600000,0.250000,20,0.280000,True,0.000000,840
threshold,0.600000,0.250000,21,0.260000,True,0.000000,780
threshold,0.600000,0.250000,22,0.280000,True,0.000000,840
threshold,0.600000,0.250000,23,0.280000,True,0.000000,840
threshold,0.600000,0.250000,24,0.280000,True,0.000000,840
threshold,0.600000,0.250000,25,0.260000,True,0.000000,780
threshold,0.600000,0.250000,26,0.260000,True,0.000000,780
threshold,0.600000,0.250000,27,0.260000,True,0.000000,780
threshold,0.600000,0.250000,28,0.280000,True,0.000000,840
threshold,0.600000,0.250000,29,0.280000,True,0.000000,840
threshold,0.600000,0.250000,30,0.260000,True,0.000000,780
threshold,0.600000,0.250000,31,0.260000,True,0.000000,780
threshold,0.600000,0.250000,32,0.260000,True,0.000000,780
threshold,0.600000,0.250000,33,0.280000,True,0.000000,840
threshold,0.600000,0.250000,34,0.260000,True,0.000000,780
threshold,0.600000,0.250000,35,0.280000,True,0.000000,840
threshold,0.600000,0.250000,36,0.280000,True,0.000000,840
threshold,0.600000,0.250000,37,0.260000,True,0.000000,780
threshold,0.600000,0.250000,38,0.280000,True,0.000000,840
threshold,0.600000,0.250000,39,0.280000,True,0.000000,840
threshold,0.600000,0.260000,0,0.300000,True,0.000000,900
threshold,0.600000,0.260000,1,0.300000,True,0.000000,900
threshold,0.600000,0.260000,2,0.320000,True,0.000000,960
threshold,0.600000,0.260000,3,0.320000,True,0.000000,960
threshold,0.600000,0.260000,4,0.300000,True,0.000000,900
threshold,0.600000,0.260000,5,0.300000,True,0.000000,900
threshold,0.600000,0.260000,6,0.300000,True,0.000000,900
threshold,0.600000,0.260000,7,0.300000,True,0.000000,900
threshold,0.600000,0.260000,8,0.300000,True,0.000000,900
threshold,0.600000,0.260000,9,0.300000,True,0.000000,900
threshold,0.600000,0.260000,10,0.320000,True,0.000000,960
threshold,0.600000,0.260000,11,0.300000,True,0.000000,900
threshold,0.600000,0.260000,12,0.300000,True,0.000000,900
threshold,0.600000,0.260000,13,0.300000,True,0.000000,900
threshold,0.600000,0.260000,14,0.300000,True,0.000000,900
threshold,0.600000,0.260000,15,0.300000,True,0.000000,900
threshold,0.600000,0.260000,16,0.300000,True,0.000000,900
threshold,0.600000,0.260000,17,0.320000,True,0.000000,960
threshold,0.600000,0.260000,18,0.320000,True,0.000000,960
threshold,0.600000,0.260000,19,0.300000,True,0.000000,900
threshold,0.600000,0.260000,20,0.300000,True,0.000000,900
threshold,0.600000,0.260000,21,0.320000,True,0.000000,960
threshold,0.600000,0.260000,22,0.300000,True,0.000000,900
threshold,0.600000,0.260000,23,0.300000,True,0.000000,900
threshold,0.600000,0.260000,24,0.300000,True,0.000000,900
threshold,0.600000,0.260000,25,0.300000,True,0.000000,900
threshold,0.600000,0.260000,26,0.300000,True,0.000000,900
threshold,0.600000,0.260000,27,0.320000,True,0.000000,960
threshold,0.600000,0.260000,28,0.300000,True,0.000000,900
threshold,0.600000,0.260000,29,0.300000,True,0.000000,900
threshold,0.600000,0.260000,30,0.300000,True,0.000000,900
threshold,0.600000,0.260000,31,0.300000,True,0.000000,900
threshold,0.600000,0.260000,32,0.300000,True,0.000000,900
threshold,0.600000,0.260000,33,0.300000,True,0.000000,900
threshold,0.600000,0.260000,34,0.320000,True,0.000000,960
threshold,0.600000,0.260000,35,0.300000,True,0.000000,900
threshold,0.600000,0.260000,36,0.320000,True,0.000000,960
threshold,0.600000,0.260000,37,0.300000,True,0.000000,900
threshold,0.600000,0.260000,38,0.300000,True,0.000000,900
threshold,0.600000,0.260000,39,0.300000,True,0.000000,900
threshold,0.600000,0.270000,0,0.360000,True,0.000000,1080
threshold,0.600000,0.270000,1,0.360000,True,0.000000,1080
threshold,0.600000,0.270000,2,0.360000,True,0.000000,1080
threshold,0.600000,0.270000,3,0.360000,True,0.000000,1080
threshold,0.600000,0.270000,4,0.360000,True,0.000000,1080
threshold,0.600000,0.270000,5,0.360000,True,0.000000,1080
threshold,0.600000,0.270000,6,0.360000,True,0.000000,1080
threshold,0.600000,0.270000,7,0.360000,True,0.000000,1080
threshold,0.600000,0.270000,8,0.360000,True,0.000000,1080
threshold,0.600000,0.270000,9,0.360000,True,0.000000,1080
threshold,0.600000,0.270000,10,0.380000,True,0.000000,1140
threshold,0.600000,0.270000,11,0.340000,True,0.000000,1020
threshold,0.600000,0.270000,12,0.360000,True,0.000000,1080
threshold,0.600000,0.270000,13,0.360000,True,0.000000,1080
threshold,0.600000,0.270000,14,0.360000,True,0.000000,1080
threshold,0.600000,0.270000,15,0.360000,True,0.000000,1080
threshold,0.600000,0.270000,16,0.360000,True,0.000000,1080
threshold,0.600000,0.270000,17,0.380000,True,0.000000,1140
threshold,0.600000,0.270000,18,0.360000,True,0.000000,1080
threshold,0.600000,0.270000,19,0.360000,True,0.000000,1080
threshold,0.600000,0.270000,20,0.360000,True,0.000000,1080
threshold,0.600000,0.270000,21,0.360000,True,0.000000,1080
threshold,0.600000,0.270000,22,0.360000,True,0.000000,1080
threshold,0.600000,0.270000,23,0.360000,True,0.000000,1080
threshold,0.600000,0.270000,24,0.360000,True,0.000000,1080
threshold,0.600000,0.270000,25,0.360000,True,0.000000,1080
threshold,0.600000,0.270000,26,0.340000,True,0.000000,1020
threshold,0.600000,0.270000,27,0.360000,True,0.000000,1080
threshold,0.600000,0.270000,28,0.360000,True,0.000000,1080
threshold,0.600000,0.270000,29,0.360000,True,0.000000,1080
threshold,0.600000,0.270000,30,0.360000,True,0.000000,1080
threshold,0.600000,0.270000,31,0.360000,True,0.000000,1080
threshold,0.600000,0.270000,32,0.360000,True,0.000000,1080
threshold,0.600000,0.270000,33,0.360000,True,0.000000,1080
threshold,0.600000,0.270000,34,0.360000,True,0.000000,1080
threshold,0.600000,0.270000,35,0.360000,True,0.000000,1080
threshold,0.600000,0.270000,36,0.380000,True,0.000000,1140
threshold,0.600000,0.270000,37,0.360000,True,0.000000,1080
threshold,0.600000,0.270000,38,0.360000,True,0.000000,1080
threshold,0.600000,0.270000,39,0.360000,True,0.000000,1080
threshold,0.600000,0.280000,0,0.420000,True,0.000000,1260
threshold,0.600000,0.280000,1,0.420000,True,0.000000,1260
threshold,0.600000,0.280000,2,0.420000,True,0.000000,1260
threshold,0.600000,0.280000,3,0.420000,True,0.000000,1260
threshold,0.600000,0.280000,4,0.420000,True,0.000000,1260
threshold,0.600000,0.280000,5,0.420000,True,0.000000,1260
threshold,0.600000,0.280000,6,0.420000,True,0.000000,1260
threshold,0.600000,0.280000,7,0.420000,True,0.000000,1260
threshold,0.600000,0.280000,8,0.420000,True,0.000000,1260
threshold,0.600000,0.280000,9,0.420000,True,0.000000,1260
threshold,0.600000,0.280000,10,0.420000,True,0.000000,1260
threshold,0.600000,0.280000,11,0.420000,True,0.000000,1260
threshold,0.600000,0.280000,12,0.420000,True,0.000000,1260
threshold,0.600000,0.280000,13,0.420000,True,0.000000,1260
threshold,0.600000,0.280000,14,0.420000,True,0.000000,1260
threshold,0.600000,0.280000,15,0.420000,True,0.000000,1260
threshold,0.600000,0.280000,16,0.420000,True,0.000000,1260
threshold,0.600000,0.280000,17,0.440000,True,0.000000,1320
threshold,0.600000,0.280000,18,0.420000,True,0.000000,1260
threshold,0.600000,0.280000,19,0.420000,True,0.000000,1260
threshold,0.600000,0.280000,20,0.420000,True,0.000000,1260
threshold,0.600000,0.280000,21,0.440000,True,0.000000,1320
threshold,0.600000,0.280000,22,0.420000,True,0.000000,1260
threshold,0.600000,0.280000,23,0.420000,True,0.000000,1260
threshold,0.600000,0.280000,24,0.420000,True,0.000000,1260
threshold,0.600000,0.280000,25,0.420000,True,0.000000,1260
threshold,0.600000,0.280000,26,0.400000,True,0.000000,1200
threshold,0.600000,0.280000,27,0.420000,True,0.000000,1260
threshold,0.600000,0.280000,28,0.420000,True,0.000000,1260
threshold,0.600000,0.280000,29,0.420000,True,0.000000,1260
threshold,0.600000,0.280000,30,0.420000,True,0.000000,1260
threshold,0.600000,0.280000,31,0.420000,True,0.000000,1260
threshold,0.600000,0.280000,32,0.440000,True,0.000000,1320
threshold,0.600000,0.280000,33,0.420000,True,0.000000,1260
threshold,0.600000,0.280000,34,0.420000,True,0.000000,1260
threshold,0.600000,0.280000,35,0.420000,True,0.000000,1260
threshold,0.600000,0.280000,36,0.420000,True,0.000000,1260
threshold,0.600000,0.280000,37,0.420000,True,0.000000,1260
threshold,0.600000,0.280000,38,0.420000,True,0.000000,1260
threshold,0.600000,0.280000,39,0.420000,True,0.000000,1260
threshold,0.600000,0.290000,0,0.480000,True,0.000000,1440
threshold,0.600000,0.290000,1,0.480000,True,0.000000,1440
threshold,0.600000,0.290000,2,0.480000,True,0.000000,1440
threshold,0.600000,0.290000,3,0.480000,True,0.000000,1440
threshold,0.600000,0.290000,4,0.480000,True,0.000000,1440
threshold,0.600000,0.290000,5,0.480000,True,0.000000,1440
threshold,0.600000,0.290000,6,0.480000,True,0.000000,1440
threshold,0.600000,0.290000,7,0.480000,True,0.000000,1440
threshold,0.600000,0.290000,8,0.480000,True,0.000000,1440
threshold,0.600000,0.290000,9,0.460000,True,0.000000,1380
threshold,0.600000,0.290000,10,0.480000,True,0.000000,1440
threshold,0.600000,0.290000,11,0.480000,True,0.000000,1440
threshold,0.600000,0.290000,12,0.460000,True,0.000000,1380
threshold,0.600000,0.290000,13,0.480000,True,0.000000,1440
threshold,0.600000,0.290000,14,0.460000,True,0.000000,1380
threshold,0.600000,0.290000,15,0.480000,True,0.000000,1440
threshold,0.600000,0.290000,16,0.480000,True,0.000000,1440
threshold,0.600000,0.290000,17,0.480000,True,0.000000,1440
threshold,0.600000,0.290000,18,0.480000,True,0.000000,1440
threshold,0.600000,0.290000,19,0.460000,True,0.000000,1380
threshold,0.600000,0.290000,20,0.480000,True,0.000000,1440
threshold,0.600000,0.290000,21,0.480000,True,0.000000,1440
threshold,0.600000,0.290000,22,0.480000,True,0.000000,1440
threshold,0.600000,0.290000,23,0.480000,True,0.000000,1440
threshold,0.600000,0.290000,24,0.480000,True,0.000000,1440
threshold,0.600000,0.290000,25,0.480000,True,0.000000,1440
threshold,0.600000,0.290000,26,0.480000,True,0.000000,1440
threshold,0.600000,0.290000,27,0.480000,True,0.000000,1440
threshold,0.600000,0.290000,28,0.480000,True,0.000000,1440
threshold,0.600000,0.290000,29,0.480000,True,0.000000,1440
threshold,0.600000,0.290000,30,0.480000,True,0.000000,1440
threshold,0.600000,0.290000,31,0.480000,True,0.000000,1440
threshold,0.600000,0.290000,32,0.480000,True,0.000000,1440
threshold,0.600000,0.290000,33,0.480000,True,0.000000,1440
threshold,0.600000,0.290000,34,0.480000,True,0.000000,1440
threshold,0.600000,0.290000,35,0.480000,True,0.000000,1440
threshold,0.600000,0.290000,36,0.480000,True,0.000000,1440
threshold,0.600000,0.290000,37,0.480000,True,0.000000,1440
threshold,0.600000,0.290000,38,0.480000,True,0.000000,1440
threshold,0.600000,0.290000,39,0.480000,True,0.000000,1440
threshold,0.600000,0.300000,0,0.520000,True,0.000000,1560
threshold,0.600000,0.300000,1,0.520000,True,0.000000,1560
threshold,0.600000,0.300000,2,0.520000,True,0.000000,1560
threshold,0.600000,0.300000,3,0.540000,True,0.000000,1620
threshold,0.600000,0.300000,4,0.520000,True,0.000000,1560
threshold,0.600000,0.300000,5,0.520000,True,0.000000,1560
threshold,0.600000,0.300000,6,0.540000,True,0.000000,1620
threshold,0.600000,0.300000,7,0.540000,True,0.000000,1620
threshold,0.600000,0.300000,8,0.520000,True,0.000000,1560
threshold,0.600000,0.300000,9,0.520000,True,0.000000,1560
threshold,0.600000,0.300000,10,0.540000,True,0.000000,1620
threshold,0.600000,0.300000,11,0.520000,True,0.000000,1560
threshold,0.600000,0.300000,12,0.520000,True,0.000000,1560
threshold,0.600000,0.300000,13,0.520000,True,0.000000,1560
threshold,0.600000,0.300000,14,0.520000,True,0.000000,1560
threshold,0.600000,0.300000,15,0.520000,True,0.000000,1560
threshold,0.600000,0.300000,16,0.520000,True,0.000000,1560
threshold,0.600000,0.300000,17,0.520000,True,0.000000,1560
threshold,0.600000,0.300000,18,0.520000,True,0.000000,1560
threshold,0.600000,0.300000,19,0.520000,True,0.000000,1560
threshold,0.600000,0.300000,20,0.520000,True,0.000000,1560
threshold,0.600000,0.300000,21,0.520000,True,0.000000,1560
threshold,0.600000,0.300000,22,0.520000,True,0.000000,1560
threshold,0.600000,0.300000,23,0.520000,True,0.000000,1560
threshold,0.600000,0.300000,24,0.540000,True,0.000000,1620
threshold,0.600000,0.300000,25,0.520000,True,0.000000,1560
threshold,0.600000,0.300000,26,0.540000,True,0.000000,1620
threshold,0.600000,0.300000,27,0.540000,True,0.000000,1620
threshold,0.600000,0.300000,28,0.520000,True,0.000000,1560
threshold,0.600000,0.300000,29,0.520000,True,0.000000,1560
threshold,0.600000,0.300000,30,0.520000,True,0.000000,1560
threshold,0.600000,0.300000,31,0.520000,True,0.000000,1560
threshold,0.600000,0.300000,32,0.520000,True,0.000000,1560
threshold,0.600000,0.300000,33,0.520000,True,0.000000,1560
threshold,0.600000,0.300000,34,0.520000,True,0.000000,1560
threshold,0.600000,0.300000,35,0.540000,True,0.000000,1620
threshold,0.600000,0.300000,36,0.540000,True,0.000000,1620
threshold,0.600000,0.300000,37,0.540000,True,0.000000,1620
threshold,0.600000,0.300000,38,0.520000,True,0.000000,1560
threshold,0.600000,0.300000,39,0.540000,True,0.000000,1620
threshold,0.600000,0.310000,0,0.560000,True,0.000000,1680
threshold,0.600000,0.310000,1,0.560000,True,0.000000,1680
threshold,0.600000,0.310000,2,0.540000,True,0.000000,1620
threshold,0.600000,0.310000,3,0.560000,True,0.000000,1680
threshold,0.600000,0.310000,4,0.540000,True,0.000000,1620
threshold,0.600000,0.310000,5,0.540000,True,0.000000,1620
threshold,0.600000,0.310000,6,0.560000,True,0.000000,1680
threshold,0.600000,0.310000,7,0.580000,True,0.000000,1740
threshold,0.600000,0.310000,8,0.560000,True,0.000000,1680
threshold,0.600000,0.310000,9,0.560000,True,0.000000,1680
threshold,0.600000,0.310000,10,0.560000,True,0.000000,1680
threshold,0.600000,0.310000,11,0.560000,True,0.000000,1680
threshold,0.600000,0.310000,12,0.540000,True,0.000000,1620
threshold,0.600000,0.310000,13,0.560000,True,0.000000,1680
threshold,0.600000,0.310000,14,0.560000,True,0.000000,1680
threshold,0.600000,0.310000,15,0.560000,True,0.000000,1680
threshold,0.600000,0.310000,16,0.560000,True,0.000000,1680
threshold,0.600000,0.310000,17,0.540000,True,0.000000,1620
threshold,0.600000,0.310000,18,0.560000,True,0.000000,1680
threshold,0.600000,0.310000,19,0.540000,True,0.000000,1620
threshold,0.600000,0.310000,20,0.560000,True,0.000000,1680
threshold,0.600000,0.310000,21,0.560000,True,0.000000,1680
threshold,0.600000,0.310000,22,0.560000,True,0.000000,1680
threshold,0.600000,0.310000,23,0.560000,True,0.000000,1680
threshold,0.600000,0.310000,24,0.560000,True,0.000000,1680
threshold,0.600000,0.310000,25,0.560000,True,0.000000,1680
threshold,0.600000,0.310000,26,0.580000,True,0.000000,1740
threshold,0.600000,0.310000,27,0.560000,True,0.000000,1680
threshold,0.600000,0.310000,28,0.560000,True,0.000000,1680
threshold,0.600000,0.310000,29,0.560000,True,0.000000,1680
threshold,0.600000,0.310000,30,0.560000,True,0.000000,1680
threshold,0.600000,0.310000,31,0.560000,True,0.000000,1680
threshold,0.600000,0.310000,32,0.560000,True,0.000000,1680
threshold,0.600000,0.310000,33,0.580000,True,0.000000,1740
threshold,0.600000,0.310000,34,0.560000,True,0.000000,1680
threshold,0.600000,0.310000,35,0.580000,True,0.000000,1740
threshold,0.600000,0.310000,36,0.580000,True,0.000000,1740
threshold,0.600000,0.310000,37,0.560000,True,0.000000,1680
threshold,0.600000,0.310000,38,0.560000,True,0.000000,1680
threshold,0.600000,0.310000,39,0.560000,True,0.000000,1680
threshold,0.600000,0.320000,0,0.580000,True,0.000000,1740
threshold,0.600000,0.320000,1,0.580000,True,0.000000,1740
threshold,0.600000,0.320000,2,0.560000,True,0.000000,1680
threshold,0.600000,0.320000,3,0.560000,True,0.000000,1680
threshold,0.600000,0.320000,4,0.580000,True,0.000000,1740
threshold,0.600000,0.320000,5,0.560000,True,0.000000,1680
threshold,0.600000,0.320000,6,0.580000,True,0.000000,1740
threshold,0.600000,0.320000,7,0.580000,True,0.000000,1740
threshold,0.600000,0.320000,8,0.580000,True,0.000000,1740
threshold,0.600000,0.320000,9,0.580000,True,0.000000,1740
threshold,0.600000,0.320000,10,0.580000,True,0.000000,1740
threshold,0.600000,0.320000,11,0.600000,True,0.000000,1800
threshold,0.600000,0.320000,12,0.580000,True,0.000000,1740
threshold,0.600000,0.320000,13,0.580000,True,0.000000,1740
threshold,0.600000,0.320000,14,0.600000,True,0.000000,1800
threshold,0.600000,0.320000,15,0.580000,True,0.000000,1740
threshold,0.600000,0.320000,16,0.580000,True,0.000000,1740
threshold,0.600000,0.320000,17,0.580000,True,0.000000,1740
threshold,0.600000,0.320000,18,0.580000,True,0.000000,1740
threshold,0.600000,0.320000,19,0.580000,True,0.000000,1740
threshold,0.600000,0.320000,20,0.600000,True,0.000000,1800
threshold,0.600000,0.320000,21,0.580000,True,0.000000,1740
threshold,0.600000,0.320000,22,0.580000,True,0.000000,1740
threshold,0.600000,0.320000,23,0.580000,True,0.000000,1740
threshold,0.600000,0.320000,24,0.580000,True,0.000000,1740
threshold,0.600000,0.320000,25,0.580000,True,0.000000,1740
threshold,0.600000,0.320000,26,0.580000,True,0.000000,1740
threshold,0.600000,0.320000,27,0.580000,True,0.000000,1740
threshold,0.600000,0.320000,28,0.580000,True,0.000000,1740
threshold,0.600000,0.320000,29,0.600000,True,0.000000,1800
threshold,0.600000,0.320000,30,0.580000,True,0.000000,1740
threshold,0.600000,0.320000,31,0.580000,True,0.000000,1740
threshold,0.600000,0.320000,32,0.580000,True,0.000000,1740
threshold,0.600000,0.320000,33,0.600000,True,0.000000,1800
threshold,0.600000,0.320000,34,0.580000,True,0.000000,1740
threshold,0.600000,0.320000,35,0.600000,True,0.000000,1800
threshold,0.600000,0.320000,36,0.580000,True,0.000000,1740
threshold,0.600000,0.320000,37,0.580000,True,0.000000,1740
threshold,0.600000,0.320000,38,0.580000,True,0.000000,1740
threshold,0.600000,0.320000,39,0.580000,True,0.000000,1740
threshold,0.600000,0.330000,0,0.580000,True,0.000000,1740
threshold,0.600000,0.330000,1,0.600000,True,0.000000,1800
threshold,0.600000,0.330000,2,0.580000,True,0.000000,1740
threshold,0.600000,0.330000,3,0.580000,True,0.000000,1740
threshold,0.600000,0.330000,4,0.580000,True,0.000000,1740
threshold,0.600000,0.330000,5,0.580000,True,0.000000,1740
threshold,0.600000,0.330000,6,0.600000,True,0.000000,1800
threshold,0.600000,0.330000,7,0.600000,True,0.000000,1800
threshold,0.600000,0.330000,8,0.580000,True,0.000000,1740
threshold,0.600000,0.330000,9,0.600000,True,0.000000,1800
threshold,0.600000,0.330000,10,0.580000,True,0.000000,1740
threshold,0.600000,0.330000,11,0.600000,True,0.000000,1800
threshold,0.600000,0.330000,12,0.580000,True,0.000000,1740
threshold,0.600000,0.330000,13,0.600000,True,0.000000,1800
threshold,0.600000,0.330000,14,0.600000,True,0.000000,1800
threshold,0.600000,0.330000,15,0.600000,True,0.000000,1800
threshold,0.600000,0.330000,16,0.600000,True,0.000000,1800
threshold,0.600000,0.330000,17,0.580000,True,0.000000,1740
threshold,0.600000,0.330000,18,0.580000,True,0.000000,1740
threshold,0.600000,0.330000,19,0.600000,True,0.000000,1800
threshold,0.600000,0.330000,20,0.600000,True,0.000000,1800
threshold,0.600000,0.330000,21,0.580000,True,0.000000,1740
threshold,0.600000,0.330000,22,0.600000,True,0.000000,1800
threshold,0.600000,0.330000,23,0.600000,True,0.000000,1800
threshold,0.600000,0.330000,24,0.600000,True,0.000000,1800
threshold,0.600000,0.330000,25,0.600000,True,0.000000,1800
threshold,0.600000,0.330000,26,0.600000,True,0.000000,1800
threshold,0.600000,0.330000,27,0.600000,True,0.000000,1800
threshold,0.600000,0.330000,28,0.620000,True,0.000000,1860
threshold,0.600000,0.330000,29,0.600000,True,0.000000,1800
threshold,0.600000,0.330000,30,0.580000,True,0.000000,1740
threshold,0.600000,0.330000,31,0.580000,True,0.000000,1740
threshold,0.600000,0.330000,32,0.580000,True,0.000000,1740
threshold,0.600000,0.330000,33,0.600000,True,0.000000,1800
threshold,0.600000,0.330000,34,0.600000,True,0.000000,1800
threshold,0.600000,0.330000,35,0.600000,True,0.000000,1800
threshold,0.600000,0.330000,36,0.580000,True,0.000000,1740
threshold,0.600000,0.330000,37,0.580000,True,0.000000,1740
threshold,0.600000,0.330000,38,0.580000,True,0.000000,1740
threshold,0.600000,0.330000,39,0.600000,True,0.000000,1800
threshold,0.600000,0.340000,0,0.600000,True,0.000000,1800
threshold,0.600000,0.340000,1,0.600000,True,0.000000,1800
threshold,0.600000,0.340000,2,0.580000,True,0.000000,1740
threshold,0.600000,0.340000,3,0.580000,True,0.000000,1740
threshold,0.600000,0.340000,4,0.600000,True,0.000000,1800
threshold,0.600000,0.340000,5,0.600000,True,0.000000,1800
threshold,0.600000,0.340000,6,0.600000,True,0.000000,1800
threshold,0.600000,0.340000,7,0.600000,True,0.000000,1800
threshold,0.600000,0.340000,8,0.580000,True,0.000000,1740
threshold,0.600000,0.340000,9,0.620000,True,0.000000,1860
threshold,0.600000,0.340000,10,0.580000,True,0.000000,1740
threshold,0.600000,0.340000,11,0.600000,True,0.000000,1800
threshold,0.600000,0.340000,12,0.580000,True,0.000000,1740
threshold,0.600000,0.340000,13,0.580000,True,0.000000,1740
threshold,0.600000,0.340000,14,0.600000,True,0.000000,1800
threshold,0.600000,0.340000,15,0.600000,True,0.000000,1800
threshold,0.600000,0.340000,16,0.600000,True,0.000000,1800
threshold,0.600000,0.340000,17,0.580000,True,0.000000,1740
threshold,0.600000,0.340000,18,0.600000,True,0.000000,1800
threshold,0.600000,0.340000,19,0.600000,True,0.000000,1800
threshold,0.600000,0.340000,20,0.600000,True,0.000000,1800
threshold,0.600000,0.340000,21,0.600000,True,0.000000,1800
threshold,0.600000,0.340000,22,0.620000,True,0.000000,1860
threshold,0.600000,0.340000,23,0.600000,True,0.000000,1800
threshold,0.600000,0.340000,24,0.600000,True,0.000000,1800
threshold,0.600000,0.340000,25,0.600000,True,0.000000,1800
threshold,0.600000,0.340000,26,0.600000,True,0.000000,1800
threshold,0.600000,0.340000,27,0.600000,True,0.000000,1800
threshold,0.600000,0.340000,28,0.600000,True,0.000000,1800
threshold,0.600000,0.340000,29,0.600000,True,0.000000,1800
threshold,0.600000,0.340000,30,0.600000,True,0.000000,1800
threshold,0.600000,0.340000,31,0.580000,True,0.000000,1740
threshold,0.600000,0.340000,32,0.580000,True,0.000000,1740
threshold,0.600000,0.340000,33,0.580000,True,0.000000,1740
threshold,0.600000,0.340000,34,0.600000,True,0.000000,1800
threshold,0.600000,0.340000,35,0.600000,True,0.000000,1800
threshold,0.600000,0.340000,36,0.580000,True,0.000000,1740
threshold,0.600000,0.340000,37,0.580000,True,0.000000,1740
threshold,0.600000,0.340000,38,0.580000,True,0.000000,1740
threshold,0.600000,0.340000,39,0.600000,True,0.000000,1800
threshold,0.600000,0.350000,0,0.600000,True,0.000000,1800
threshold,0.600000,0.350000,1,0.600000,True,0.000000,1800
threshold,0.600000,0.350000,2,0.600000,True,0.000000,1800
threshold,0.600000,0.350000,3,0.580000,True,0.000000,1740
threshold,0.600000,0.350000,4,0.600000,True,0.000000,1800
threshold,0.600000,0.350000,5,0.600000,True,0.000000,1800
threshold,0.600000,0.350000,6,0.580000,True,0.000000,1740
threshold,0.600000,0.350000,7,0.600000,True,0.000000,1800
threshold,0.600000,0.350000,8,0.580000,True,0.000000,1740
threshold,0.600000,0.350000,9,0.600000,True,0.000000,1800
threshold,0.600000,0.350000,10,0.580000,True,0.000000,1740
threshold,0.600000,0.350000,11,0.620000,True,0.000000,1860
threshold,0.600000,0.350000,12,0.580000,True,0.000000,1740
threshold,0.600000,0.350000,13,0.580000,True,0.000000,1740
threshold,0.600000,0.350000,14,0.580000,True,0.000000,1740
threshold,0.600000,0.350000,15,0.600000,True,0.000000,1800
threshold,0.600000,0.350000,16,0.600000,True,0.000000,1800
threshold,0.600000,0.350000,17,0.580000,True,0.000000,1740
threshold,0.600000,0.350000,18,0.600000,True,0.000000,1800
threshold,0.600000,0.350000,19,0.600000,True,0.000000,1800
threshold,0.600000,0.350000,20,0.600000,True,0.000000,1800
threshold,0.600000,0.350000,21,0.600000,True,0.000000,1800
threshold,0.600000,0.350000,22,0.620000,True,0.000000,1860
threshold,0.600000,0.350000,23,0.600000,True,0.000000,1800
threshold,0.600000,0.350000,24,0.600000,True,0.000000,1800
threshold,0.600000,0.350000,25,0.600000,True,0.000000,1800
threshold,0.600000,0.350000,26,0.600000,True,0.000000,1800
threshold,0.600000,0.350000,27,0.600000,True,0.000000,1800
threshold,0.600000,0.350000,28,0.600000,True,0.000000,1800
threshold,0.600000,0.350000,29,0.600000,True,0.000000,1800
threshold,0.600000,0.350000,30,0.580000,True,0.000000,1740
threshold,0.600000,0.350000,31,0.600000,True,0.000000,1800
threshold,0.600000,0.350000,32,0.600000,True,0.000000,1800
threshold,0.600000,0.350000,33,0.600000,True,0.000000,1800
threshold,0.600000,0.350000,34,0.600000,True,0.000000,1800
threshold,0.600000,0.350000,35,0.620000,True,0.000000,1860
threshold,0.600000,0.350000,36,0.580000,True,0.000000,1740
threshold,0.600000,0.350000,37,0.580000,True,0.000000,1740
threshold,0.600000,0.350000,38,0.600000,True,0.000000,1800
threshold,0.600000,0.350000,39,0.600000,True,0.000000,1800
threshold,0.600000,0.360000,0,0.600000,True,0.000000,1800
threshold,0.600000,0.360000,1,0.600000,True,0.000000,1800
threshold,0.600000,0.360000,2,0.600000,True,0.000000,1800
threshold,0.600000,0.360000,3,0.580000,True,0.000000,1740
threshold,0.600000,0.360000,4,0.600000,True,0.000000,1800
threshold,0.600000,0.360000,5,0.600000,True,0.000000,1800
threshold,0.600000,0.360000,6,0.600000,True,0.000000,1800
threshold,0.600000,0.360000,7,0.600000,True,0.000000,1800
threshold,0.600000,0.360000,8,0.600000,True,0.000000,1800
threshold,0.600000,0.360000,9,0.600000,True,0.000000,1800
threshold,0.600000,0.360000,10,0.600000,True,0.000000,1800
threshold,0.600000,0.360000,11,0.600000,True,0.000000,1800
threshold,0.600000,0.360000,12,0.600000,True,0.000000,1800
threshold,0.600000,0.360000,13,0.580000,True,0.000000,1740
threshold,0.600000,0.360000,14,0.600000,True,0.000000,1800
threshold,0.600000,0.360000,15,0.600000,True,0.000000,1800
threshold,0.600000,0.360000,16,0.600000,True,0.000000,1800
threshold,0.600000,0.360000,17,0.600000,True,0.000000,1800
threshold,0.600000,0.360000,18,0.600000,True,0.000000,1800
threshold,0.600000,0.360000,19,0.600000,True,0.000000,1800
threshold,0.600000,0.360000,20,0.600000,True,0.000000,1800
threshold,0.600000,0.360000,21,0.600000,True,0.000000,1800
threshold,0.600000,0.360000,22,0.620000,True,0.000000,1860
threshold,0.600000,0.360000,23,0.600000,True,0.000000,1800
threshold,0.600000,0.360000,24,0.600000,True,0.000000,1800
threshold,0.600000,0.360000,25,0.600000,True,0.000000,1800
threshold,0.600000,0.360000,26,0.600000,True,0.000000,1800
threshold,0.600000,0.360000,27,0.600000,True,0.000000,1800
threshold,0.600000,0.360000,28,0.600000,True,0.000000,1800
threshold,0.600000,0.360000,29,0.600000,True,0.000000,1800
threshold,0.600000,0.360000,30,0.600000,True,0.000000,1800
threshold,0.600000,0.360000,31,0.600000,True,0.000000,1800
threshold,0.600000,0.360000,32,0.600000,True,0.000000,1800
threshold,0.600000,0.360000,33,0.600000,True,0.000000,1800
threshold,0.600000,0.360000,34,0.600000,True,0.000000,1800
threshold,0.600000,0.360000,35,0.600000,True,0.000000,1800
threshold,0.600000,0.360000,36,0.580000,True,0.000000,1740
threshold,0.600000,0.360000,37,0.600000,True,0.000000,1800
threshold,0.600000,0.360000,38,0.600000,True,0.000000,1800
threshold,0.600000,0.360000,39,0.600000,True,0.000000,1800
threshold,0.600000,0.370000,0,0.580000,True,0.000000,1740
threshold,0.600000,0.370000,1,0.600000,True,0.000000,1800
threshold,0.600000,0.370000,2,0.580000,True,0.000000,1740
threshold,0.600000,0.370000,3,0.600000,True,0.000000,1800
threshold,0.600000,0.370000,4,0.600000,True,0.000000,1800
threshold,0.600000,0.370000,5,0.600000,True,0.000000,1800
threshold,0.600000,0.370000,6,0.600000,True,0.000000,1800
threshold,0.600000,0.370000,7,0.600000,True,0.000000,1800
threshold,0.600000,0.370000,8,0.600000,True,0.000000,1800
threshold,0.600000,0.370000,9,0.600000,True,0.000000,1800
threshold,0.600000,0.370000,10,0.600000,True,0.000000,1800
threshold,0.600000,0.370000,11,0.620000,True,0.000000,1860
threshold,0.600000,0.370000,12,0.600000,True,0.000000,1800
threshold,0.600000,0.370000,13,0.600000,True,0.000000,1800
threshold,0.600000,0.370000,14,0.600000,True,0.000000,1800
threshold,0.600000,0.370000,15,0.600000,True,0.000000,1800
threshold,0.600000,0.370000,16,0.600000,True,0.000000,1800
threshold,0.600000,0.370000,17,0.620000,True,0.000000,1860
threshold,0.600000,0.370000,18,0.600000,True,0.000000,1800
threshold,0.600000,0.370000,19,0.600000,True,0.000000,1800
threshold,0.600000,0.370000,20,0.600000,True,0.000000,1800
threshold,0.600000,0.370000,21,0.600000,True,0.000000,1800
threshold,0.600000,0.370000,22,0.620000,True,0.000000,1860
threshold,0.600000,0.370000,23,0.600000,True,0.000000,1800
threshold,0.600000,0.370000,24,0.600000,True,0.000000,1800
threshold,0.600000,0.370000,25,0.600000,True,0.000000,1800
threshold,0.600000,0.370000,26,0.600000,True,0.000000,1800
threshold,0.600000,0.370000,27,0.600000,True,0.000000,1800
threshold,0.600000,0.370000,28,0.600000,True,0.000000,1800
threshold,0.600000,0.370000,29,0.600000,True,0.000000,1800
threshold,0.600000,0.370000,30,0.580000,True,0.000000,1740
threshold,0.600000,0.370000,31,0.600000,True,0.000000,1800
threshold,0.600000,0.370000,32,0.620000,True,0.000000,1860
threshold,0.600000,0.370000,33,0.600000,True,0.000000,1800
threshold,0.600000,0.370000,34,0.600000,True,0.000000,1800
threshold,0.600000,0.370000,35,0.600000,True,0.000000,1800
threshold,0.600000,0.370000,36,0.600000,True,0.000000,1800
threshold,0.600000,0.370000,37,0.600000,True,0.000000,1800
threshold,0.600000,0.370000,38,0.620000,True,0.000000,1860
threshold,0.600000,0.370000,39,0.600000,True,0.000000,1800
threshold,0.600000,0.380000,0,0.600000,True,0.000000,1800
threshold,0.600000,0.380000,1,0.600000,True,0.000000,1800
threshold,0.600000,0.380000,2,0.600000,True,0.000000,1800
threshold,0.600000,0.380000,3,0.600000,True,0.000000,1800
threshold,0.600000,0.380000,4,0.600000,True,0.000000,1800
threshold,0.600000,0.380000,5,0.600000,True,0.000000,1800
threshold,0.600000,0.380000,6,0.600000,True,0.000000,1800
threshold,0.600000,0.380000,7,0.600000,True,0.000000,1800
threshold,0.600000,0.380000,8,0.600000,True,0.000000,1800
threshold,0.600000,0.380000,9,0.600000,True,0.000000,1800
threshold,0.600000,0.380000,10,0.620000,True,0.000000,1860
threshold,0.600000,0.380000,11,0.600000,True,0.000000,1800
threshold,0.600000,0.380000,12,0.620000,True,0.000000,1860
threshold,0.600000,0.380000,13,0.620000,True,0.000000,1860
threshold,0.600000,0.380000,14,0.600000,True,0.000000,1800
threshold,0.600000,0.380000,15,0.600000,True,0.000000,1800
threshold,0.600000,0.380000,16,0.620000,True,0.000000,1860
threshold,0.600000,0.380000,17,0.620000,True,0.000000,1860
threshold,0.600000,0.380000,18,0.600000,True,0.000000,1800
threshold,0.600000,0.380000,19,0.600000,True,0.000000,1800
threshold,0.600000,0.380000,20,0.620000,True,0.000000,1860
threshold,0.600000,0.380000,21,0.600000,True,0.000000,1800
threshold,0.600000,0.380000,22,0.600000,True,0.000000,1800
threshold,0.600000,0.380000,23,0.600000,True,0.000000,1800
threshold,0.600000,0.380000,24,0.600000,True,0.000000,1800
threshold,0.600000,0.380000,25,0.600000,True,0.000000,1800
threshold,0.600000,0.380000,26,0.600000,True,0.000000,1800
threshold,0.600000,0.380000,27,0.620000,True,0.000000,1860
threshold,0.600000,0.380000,28,0.600000,True,0.000000,1800
threshold,0.600000,0.380000,29,0.620000,True,0.000000,1860
threshold,0.600000,0.380000,30,0.600000,True,0.000000,1800
threshold,0.600000,0.380000,31,0.620000,True,0.000000,1860
threshold,0.600000,0.380000,32,0.600000,True,0.000000,1800
threshold,0.600000,0.380000,33,0.620000,True,0.000000,1860
threshold,0.600000,0.380000,34,0.600000,True,0.000000,1800
threshold,0.600000,0.380000,35,0.600000,True,0.000000,1800
threshold,0.600000,0.380000,36,0.600000,True,0.000000,1800
threshold,0.600000,0.380000,37,0.600000,True,0.000000,1800
threshold,0.600000,0.380000,38,0.620000,True,0.000000,1860
threshold,0.600000,0.380000,39,0.600000,True,0.000000,1800
threshold,0.600000,0.390000,0,0.620000,True,0.000000,1860
threshold,0.600000,0.390000,1,0.600000,True,0.000000,1800
threshold,0.600000,0.390000,2,0.620000,True,0.000000,1860
threshold,0.600000,0.390000,3,0.620000,True,0.000000,1860
threshold,0.600000,0.390000,4,0.600000,True,0.000000,1800
threshold,0.600000,0.390000,5,0.620000,True,0.000000,1860
threshold,0.600000,0.390000,6,0.620000,True,0.000000,1860
threshold,0.600000,0.390000,7,0.620000,True,0.000000,1860
threshold,0.600000,0.390000,8,0.620000,True,0.000000,1860
threshold,0.600000,0.390000,9,0.620000,True,0.000000,1860
threshold,0.600000,0.390000,10,0.620000,True,0.000000,1860
threshold,0.600000,0.390000,11,0.600000,True,0.000000,1800
threshold,0.600000,0.390000,12,0.620000,True,0.000000,1860
threshold,0.600000,0.390000,13,0.620000,True,0.000000,1860
threshold,0.600000,0.390000,14,0.620000,True,0.000000,1860
threshold,0.600000,0.390000,15,0.620000,True,0.000000,1860
threshold,0.600000,0.390000,16,0.620000,True,0.000000,1860
threshold,0.600000,0.390000,17,0.620000,True,0.000000,1860
threshold,0.600000,0.390000,18,0.600000,True,0.000000,1800
threshold,0.600000,0.390000,19,0.600000,True,0.000000,1800
threshold,0.600000,0.390000,20,0.620000,True,0.000000,1860
threshold,0.600000,0.390000,21,0.600000,True,0.000000,1800
threshold,0.600000,0.390000,22,0.600000,True,0.000000,1800
threshold,0.600000,0.390000,23,0.620000,True,0.000000,1860
threshold,0.600000,0.390000,24,0.620000,True,0.000000,1860
threshold,0.600000,0.390000,25,0.600000,True,0.000000,1800
threshold,0.600000,0.390000,26,0.600000,True,0.000000,1800
threshold,0.600000,0.390000,27,0.620000,True,0.000000,1860
threshold,0.600000,0.390000,28,0.600000,True,0.000000,1800
threshold,0.600000,0.390000,29,0.600000,True,0.000000,1800
threshold,0.600000,0.390000,30,0.620000,True,0.000000,1860
threshold,0.600000,0.390000,31,0.620000,True,0.000000,1860
threshold,0.600000,0.390000,32,0.620000,True,0.000000,1860
threshold,0.600000,0.390000,33,0.620000,True,0.000000,1860
threshold,0.600000,0.390000,34,0.600000,True,0.000000,1800
threshold,0.600000,0.390000,35,0.620000,True,0.000000,1860
threshold,0.600000,0.390000,36,0.600000,True,0.000000,1800
threshold,0.600000,0.390000,37,0.600000,True,0.000000,1800
threshold,0.600000,0.390000,38,0.600000,True,0.000000,1800
threshold,0.600000,0.390000,39,0.620000,True,0.000000,1860
threshold,0.600000,0.400000,0,0.620000,True,0.000000,1860
threshold,0.600000,0.400000,1,0.640000,True,0.000000,1920
threshold,0.600000,0.400000,2,0.620000,True,0.000000,1860
threshold,0.600000,0.400000,3,0.620000,True,0.000000,1860
threshold,0.600000,0.400000,4,0.620000,True,0.000000,1860
threshold,0.600000,0.400000,5,0.620000,True,0.000000,1860
threshold,0.600000,0.400000,6,0.620000,True,0.000000,1860
threshold,0.600000,0.400000,7,0.640000,True,0.000000,1920
threshold,0.600000,0.400000,8,0.620000,True,0.000000,1860
threshold,0.600000,0.400000,9,0.620000,True,0.000000,1860
threshold,0.600000,0.400000,10,0.620000,True,0.000000,1860
threshold,0.600000,0.400000,11,0.620000,True,0.000000,1860
threshold,0.600000,0.400000,12,0.620000,True,0.000000,1860
threshold,0.600000,0.400000,13,0.620000,True,0.000000,1860
threshold,0.600000,0.400000,14,0.620000,True,0.000000,1860
threshold,0.600000,0.400000,15,0.620000,True,0.000000,1860
threshold,0.600000,0.400000,16,0.620000,True,0.000000,1860
threshold,0.600000,0.400000,17,0.620000,True,0.000000,1860
threshold,0.600000,0.400000,18,0.620000,True,0.000000,1860
threshold,0.600000,0.400000,19,0.620000,True,0.000000,1860
threshold,0.600000,0.400000,20,0.620000,True,0.000000,1860
threshold,0.600000,0.400000,21,0.620000,True,0.000000,1860
threshold,0.600000,0.400000,22,0.640000,True,0.000000,1920
threshold,0.600000,0.400000,23,0.620000,True,0.000000,1860
threshold,0.600000,0.400000,24,0.640000,True,0.000000,1920
threshold,0.600000,0.400000,25,0.620000,True,0.000000,1860
threshold,0.600000,0.400000,26,0.620000,True,0.000000,1860
threshold,0.600000,0.400000,27,0.620000,True,0.000000,1860
threshold,0.600000,0.400000,28,0.620000,True,0.000000,1860
threshold,0.600000,0.400000,29,0.620000,True,0.000000,1860
threshold,0.600000,0.400000,30,0.620000,True,0.000000,1860
threshold,0.600000,0.400000,31,0.620000,True,0.000000,1860
threshold,0.600000,0.400000,32,0.640000,True,0.000000,1920
threshold,0.600000,0.400000,33,0.620000,True,0.000000,1860
threshold,0.600000,0.400000,34,0.620000,True,0.000000,1860
threshold,0.600000,0.400000,35,0.620000,True,0.000000,1860
threshold,0.600000,0.400000,36,0.600000,True,0.000000,1800
threshold,0.600000,0.400000,37,0.620000,True,0.000000,1860
threshold,0.600000,0.400000,38,0.620000,True,0.000000,1860
threshold,0.600000,0.400000,39,0.620000,True,0.000000,1860
threshold,0.600000,0.410000,0,0.620000,True,0.000000,1860
threshold,0.600000,0.410000,1,0.640000,True,0.000000,1920
threshold,0.600000,0.410000,2,0.640000,True,0.000000,1920
threshold,0.600000,0.410000,3,0.620000,True,0.000000,1860
threshold,0.600000,0.410000,4,0.620000,True,0.000000,1860
threshold,0.600000,0.410000,5,0.620000,True,0.000000,1860
threshold,0.600000,0.410000,6,0.620000,True,0.000000,1860
threshold,0.600000,0.410000,7,0.640000,True,0.000000,1920
threshold,0.600000,0.410000,8,0.640000,True,0.000000,1920
threshold,0.600000,0.410000,9,0.640000,True,0.000000,1920
threshold,0.600000,0.410000,10,0.640000,True,0.000000,1920
threshold,0.600000,0.410000,11,0.620000,True,0.000000,1860
threshold,0.600000,0.410000,12,0.620000,True,0.000000,1860
threshold,0.600000,0.410000,13,0.620000,True,0.000000,1860
threshold,0.600000,0.410000,14,0.620000,True,0.000000,1860
threshold,0.600000,0.410000,15,0.620000,True,0.000000,1860
threshold,0.600000,0.410000,16,0.620000,True,0.000000,1860
threshold,0.600000,0.410000,17,0.620000,True,0.000000,1860
threshold,0.600000,0.410000,18,0.640000,True,0.000000,1920
threshold,0.600000,0.410000,19,0.640000,True,0.000000,1920
threshold,0.600000,0.410000,20,0.620000,True,0.000000,1860
threshold,0.600000,0.410000,21,0.640000,True,0.000000,1920
threshold,0.600000,0.410000,22,0.640000,True,0.000000,1920
threshold,0.600000,0.410000,23,0.620000,True,0.000000,1860
threshold,0.600000,0.410000,24,0.660000,True,0.000000,1980
threshold,0.600000,0.410000,25,0.620000,True,0.000000,1860
threshold,0.600000,0.410000,26,0.640000,True,0.000000,1920
threshold,0.600000,0.410000,27,0.620000,True,0.000000,1860
threshold,0.600000,0.410000,28,0.620000,True,0.000000,1860
threshold,0.600000,0.410000,29,0.620000,True,0.000000,1860
threshold,0.600000,0.410000,30,0.640000,True,0.000000,1920
threshold,0.600000,0.410000,31,0.620000,True,0.000000,1860
threshold,0.600000,0.410000,32,0.640000,True,0.000000,1920
threshold,0.600000,0.410000,33,0.620000,True,0.000000,1860
threshold,0.600000,0.410000,34,0.640000,True,0.000000,1920
threshold,0.600000,0.410000,35,0.640000,True,0.000000,1920
threshold,0.600000,0.410000,36,0.620000,True,0.000000,1860
threshold,0.600000,0.410000,37,0.620000,True,0.000000,1860
threshold,0.600000,0.410000,38,0.640000,True,0.000000,1920
threshold,0.600000,0.410000,39,0.620000,True,0.000000,1860
threshold,0.600000,0.420000,0,0.660000,True,0.000000,1980
threshold,0.600000,0.420000,1,0.660000,True,0.000000,1980
threshold,0.600000,0.420000,2,0.680000,True,0.000000,2040
threshold,0.600000,0.420000,3,0.660000,True,0.000000,1980
threshold,0.600000,0.420000,4,0.660000,True,0.000000,1980
threshold,0.600000,0.420000,5,0.660000,True,0.000000,1980
threshold,0.600000,0.420000,6,0.660000,True,0.000000,1980
threshold,0.600000,0.420000,7,0.680000,True,0.000000,2040
threshold,0.600000,0.420000,8,0.680000,True,0.000000,2040
threshold,0.600000,0.420000,9,0.680000,True,0.000000,2040
threshold,0.600000,0.420000,10,0.680000,True,0.000000,2040
threshold,0.600000,0.420000,11,0.660000,True,0.000000,1980
threshold,0.600000,0.420000,12,0.660000,True,0.000000,1980
threshold,0.600000,0.420000,13,0.660000,True,0.000000,1980
threshold,0.600000,0.420000,14,0.660000,True,0.000000,1980
threshold,0.600000,0.420000,15,0.660000,True,0.000000,1980
threshold,0.600000,0.420000,16,0.660000,True,0.000000,1980
threshold,0.600000,0.420000,17,0.680000,True,0.000000,2040
threshold,0.600000,0.420000,18,0.680000,True,0.000000,2040
threshold,0.600000,0.420000,19,0.660000,True,0.000000,1980
threshold,0.600000,0.420000,20,0.660000,True,0.000000,1980
threshold,0.600000,0.420000,21,0.680000,True,0.000000,2040
threshold,0.600000,0.420000,22,0.680000,True,0.000000,2040
threshold,0.600000,0.420000,23,0.660000,True,0.000000,1980
threshold,0.600000,0.420000,24,0.660000,True,0.000000,1980
threshold,0.600000,0.420000,25,0.680000,True,0.000000,2040
threshold,0.600000,0.420000,26,0.680000,True,0.000000,2040
threshold,0.600000,0.420000,27,0.680000,True,0.000000,2040
threshold,0.600000,0.420000,28,0.680000,True,0.000000,2040
threshold,0.600000,0.420000,29,0.680000,True,0.000000,2040
threshold,0.600000,0.420000,30,0.660000,True,0.000000,1980
threshold,0.600000,0.420000,31,0.660000,True,0.000000,1980
threshold,0.600000,0.420000,32,0.660000,True,0.000000,1980
threshold,0.600000,0.420000,33,0.660000,True,0.000000,1980
threshold,0.600000,0.420000,34,0.680000,True,0.000000,2040
threshold,0.600000,0.420000,35,0.660000,True,0.000000,1980
threshold,0.600000,0.420000,36,0.680000,True,0.000000,2040
threshold,0.600000,0.420000,37,0.680000,True,0.000000,2040
threshold,0.600000,0.420000,38,0.680000,True,0.000000,2040
threshold,0.600000,0.420000,39,0.660000,True,0.000000,1980
threshold,0.600000,0.430000,0,0.700000,True,0.000000,2100
threshold,0.600000,0.430000,1,0.750000,True,0.000000,2250
threshold,0.600000,0.430000,2,0.750000,True,0.000000,2250
threshold,0.600000,0.430000,3,0.750000,True,0.000000,2250
threshold,0.600000,0.430000,4,0.700000,True,0.000000,2100
threshold,0.600000,0.430000,5,0.700000,True,0.000000,2100
threshold,0.600000,0.430000,6,0.700000,True,0.000000,2100
threshold,0.600000,0.430000,7,0.750000,True,0.000000,2250
threshold,0.600000,0.430000,8,0.750000,True,0.000000,2250
threshold,0.600000,0.430000,9,0.750000,True,0.000000,2250
threshold,0.600000,0.430000,10,0.750000,True,0.000000,2250
threshold,0.600000,0.430000,11,0.700000,True,0.000000,2100
threshold,0.600000,0.430000,12,0.700000,True,0.000000,2100
threshold,0.600000,0.430000,13,0.700000,True,0.000000,2100
threshold,0.600000,0.430000,14,0.700000,True,0.000000,2100
threshold,0.600000,0.430000,15,0.700000,True,0.000000,2100
threshold,0.600000,0.430000,16,0.700000,True,0.000000,2100
threshold,0.600000,0.430000,17,0.750000,True,0.000000,2250
threshold,0.600000,0.430000,18,0.750000,True,0.000000,2250
threshold,0.600000,0.430000,19,0.700000,True,0.000000,2100
threshold,0.600000,0.430000,20,0.700000,True,0.000000,2100
threshold,0.600000,0.430000,21,0.750000,True,0.000000,2250
threshold,0.600000,0.430000,22,0.750000,True,0.000000,2250
threshold,0.600000,0.430000,23,0.700000,True,0.000000,2100
threshold,0.600000,0.430000,24,0.700000,True,0.000000,2100
threshold,0.600000,0.430000,25,0.750000,True,0.000000,2250
threshold,0.600000,0.430000,26,0.750000,True,0.000000,2250
threshold,0.600000,0.430000,27,0.750000,True,0.000000,2250
threshold,0.600000,0.430000,28,0.750000,True,0.000000,2250
threshold,0.600000,0.430000,29,0.750000,True,0.000000,2250
threshold,0.600000,0.430000,30,0.700000,True,0.000000,2100
threshold,0.600000,0.430000,31,0.750000,True,0.000000,2250
threshold,0.600000,0.430000,32,0.700000,True,0.000000,2100
threshold,0.600000,0.430000,33,0.750000,True,0.000000,2250
threshold,0.600000,0.430000,34,0.750000,True,0.000000,2250
threshold,0.600000,0.430000,35,0.700000,True,0.000000,2100
threshold,0.600000,0.430000,36,0.750000,True,0.000000,2250
threshold,0.600000,0.430000,37,0.750000,True,0.000000,2250
threshold,0.600000,0.430000,38,0.750000,True,0.000000,2250
threshold,0.600000,0.430000,39,0.750000,True,0.000000,2250
threshold,0.600000,0.440000,0,0.750000,True,0.000000,2250
threshold,0.600000,0.440000,1,0.750000,True,0.000000,2250
threshold,0.600000,0.440000,2,0.800000,True,0.000000,2400
threshold,0.600000,0.440000,3,0.750000,True,0.000000,2250
threshold,0.600000,0.440000,4,0.750000,True,0.000000,2250
threshold,0.600000,0.440000,5,0.750000,True,0.000000,2250
threshold,0.600000,0.440000,6,0.750000,True,0.000000,2250
threshold,0.600000,0.440000,7,0.750000,True,0.000000,2250
threshold,0.600000,0.440000,8,0.750000,True,0.000000,2250
threshold,0.600000,0.440000,9,0.750000,True,0.000000,2250
threshold,0.600000,0.440000,10,0.750000,True,0.000000,2250
threshold,0.600000,0.440000,11,0.750000,True,0.000000,2250
threshold,0.600000,0.440000,12,0.750000,True,0.000000,2250
threshold,0.600000,0.440000,13,0.750000,True,0.000000,2250
threshold,0.600000,0.440000,14,0.750000,True,0.000000,2250
threshold,0.600000,0.440000,15,0.750000,True,0.000000,2250
threshold,0.600000,0.440000,16,0.750000,True,0.000000,2250
threshold,0.600000,0.440000,17,0.750000,True,0.000000,2250
threshold,0.600000,0.440000,18,0.750000,True,0.000000,2250
threshold,0.600000,0.440000,19,0.750000,True,0.000000,2250
threshold,0.600000,0.440000,20,0.750000,True,0.000000,2250
threshold,0.600000,0.440000,21,0.750000,True,0.000000,2250
threshold,0.600000,0.440000,22,0.800000,True,0.000000,2400
threshold,0.600000,0.440000,23,0.750000,True,0.000000,2250
threshold,0.600000,0.440000,24,0.750000,True,0.000000,2250
threshold,0.600000,0.440000,25,0.750000,True,0.000000,2250
threshold,0.600000,0.440000,26,0.800000,True,0.000000,2400
threshold,0.600000,0.440000,27,0.750000,True,0.000000,2250
threshold,0.600000,0.440000,28,0.750000,True,0.000000,2250
threshold,0.600000,0.440000,29,0.750000,True,0.000000,2250
threshold,0.600000,0.440000,30,0.750000,True,0.000000,2250
threshold,0.600000,0.440000,31,0.750000,True,0.000000,2250
threshold,0.600000,0.440000,32,0.750000,True,0.000000,2250
threshold,0.600000,0.440000,33,0.750000,True,0.000000,2250
threshold,0.600000,0.440000,34,0.750000,True,0.000000,2250
threshold,0.600000,0.440000,35,0.750000,True,0.000000,2250
threshold,0.600000,0.440000,36,0.750000,True,0.000000,2250
threshold,0.600000,0.440000,37,0.800000,True,0.000000,2400
threshold,0.600000,0.440000,38,0.800000,True,0.000000,2400
threshold,0.600000,0.440000,39,0.750000,True,0.000000,2250
threshold,0.600000,0.450000,0,0.800000,True,0.000000,2400
threshold,0.600000,0.450000,1,0.800000,True,0.000000,2400
threshold,0.600000,0.450000,2,0.800000,True,0.000000,2400
threshold,0.600000,0.450000,3,0.800000,True,0.000000,2400
threshold,0.600000,0.450000,4,0.800000,True,0.000000,2400
threshold,0.600000,0.450000,5,0.800000,True,0.000000,2400
threshold,0.600000,0.450000,6,0.800000,True,0.000000,2400
threshold,0.600000,0.450000,7,0.800000,True,0.000000,2400
threshold,0.600000,0.450000,8,0.800000,True,0.000000,2400
threshold,0.600000,0.450000,9,0.800000,True,0.000000,2400
threshold,0.600000,0.450000,10,0.800000,True,0.000000,2400
threshold,0.600000,0.450000,11,0.800000,True,0.000000,2400
threshold,0.600000,0.450000,12,0.800000,True,0.000000,2400
threshold,0.600000,0.450000,13,0.800000,True,0.000000,2400
threshold,0.600000,0.450000,14,0.800000,True,0.000000,2400
threshold,0.600000,0.450000,15,0.800000,True,0.000000,2400
threshold,0.600000,0.450000,16,0.800000,True,0.000000,2400
threshold,0.600000,0.450000,17,0.800000,True,0.000000,2400
threshold,0.600000,0.450000,18,0.800000,True,0.000000,2400
threshold,0.600000,0.450000,19,0.800000,True,0.000000,2400
threshold,0.600000,0.450000,20,0.800000,True,0.000000,2400
threshold,0.600000,0.450000,21,0.800000,True,0.000000,2400
threshold,0.600000,0.450000,22,0.800000,True,0.000000,2400
threshold,0.600000,0.450000,23,0.800000,True,0.000000,2400
threshold,0.600000,0.450000,24,0.800000,True,0.000000,2400
threshold,0.600000,0.450000,25,0.800000,True,0.000000,2400
threshold,0.600000,0.450000,26,0.800000,True,0.000000,2400
threshold,0.600000,0.450000,27,0.800000,True,0.000000,2400
threshold,0.600000,0.450000,28,0.800000,True,0.000000,2400
threshold,0.600000,0.450000,29,0.800000,True,0.000000,2400
threshold,0.600000,0.450000,30,0.800000,True,0.000000,2400
threshold,0.600000,0.450000,31,0.800000,True,0.000000,2400
threshold,0.600000,0.450000,32,0.800000,True,0.000000,2400
threshold,0.600000,0.450000,33,0.800000,True,0.000000,2400
threshold,0.600000,0.450000,34,0.800000,True,0.000000,2400
threshold,0.600000,0.450000,35,0.800000,True,0.000000,2400
threshold,0.600000,0.450000,36,0.800000,True,0.000000,2400
threshold,0.600000,0.450000,37,0.800000,True,0.000000,2400
threshold,0.600000,0.450000,38,0.800000,True,0.000000,2400
threshold,0.600000,0.450000,39,0.800000,True,0.000000,2400
threshold,0.600000,0.460000,0,0.850000,True,0.000000,2550
threshold,0.600000,0.460000,1,0.850000,True,0.000000,2550
threshold,0.600000,0.460000,2,0.850000,True,0.000000,2550
threshold,0.600000,0.460000,3,0.850000,True,0.000000,2550
threshold,0.600000,0.460000,4,0.850000,True,0.000000,2550
threshold,0.600000,0.460000,5,0.800000,True,0.000000,2400
threshold,0.600000,0.460000,6,0.850000,True,0.000000,2550
threshold,0.600000,0.460000,7,0.850000,True,0.000000,2550
threshold,0.600000,0.460000,8,0.850000,True,0.000000,2550
threshold,0.600000,0.460000,9,0.850000,True,0.000000,2550
threshold,0.600000,0.460000,10,0.850000,True,0.000000,2550
threshold,0.600000,0.460000,11,0.850000,True,0.000000,2550
threshold,0.600000,0.460000,12,0.800000,True,0.000000,2400
threshold,0.600000,0.460000,13,0.850000,True,0.000000,2550
threshold,0.600000,0.460000,14,0.850000,True,0.000000,2550
threshold,0.600000,0.460000,15,0.800000,True,0.000000,2400
threshold,0.600000,0.460000,16,0.850000,True,0.000000,2550
threshold,0.600000,0.460000,17,0.850000,True,0.000000,2550
threshold,0.600000,0.460000,18,0.850000,True,0.000000,2550
threshold,0.600000,0.460000,19,0.800000,True,0.000000,2400
threshold,0.600000,0.460000,20,0.850000,True,0.000000,2550
threshold,0.600000,0.460000,21,0.800000,True,0.000000,2400
threshold,0.600000,0.460000,22,0.850000,True,0.000000,2550
threshold,0.600000,0.460000,23,0.800000,True,0.000000,2400
threshold,0.600000,0.460000,24,0.800000,True,0.000000,2400
threshold,0.600000,0.460000,25,0.850000,True,0.000000,2550
threshold,0.600000,0.460000,26,0.850000,True,0.000000,2550
threshold,0.600000,0.460000,27,0.850000,True,0.000000,2550
threshold,0.600000,0.460000,28,0.850000,True,0.000000,2550
threshold,0.600000,0.460000,29,0.850000,True,0.000000,2550
threshold,0.600000,0.460000,30,0.850000,True,0.000000,2550
threshold,0.600000,0.460000,31,0.850000,True,0.000000,2550
threshold,0.600000,0.460000,32,0.800000,True,0.000000,2400
threshold,0.600000,0.460000,33,0.850000,True,0.000000,2550
threshold,0.600000,0.460000,34,0.850000,True,0.000000,2550
threshold,0.600000,0.460000,35,0.850000,True,0.000000,2550
threshold,0.600000,0.460000,36,0.850000,True,0.000000,2550
threshold,0.600000,0.460000,37,0.850000,True,0.000000,2550
threshold,0.600000,0.460000,38,0.850000,True,0.000000,2550
threshold,0.600000,0.460000,39,0.850000,True,0.000000,2550
threshold,0.600000,0.470000,0,0.850000,True,0.000000,2550
threshold,0.600000,0.470000,1,0.850000,True,0.000000,2550
threshold,0.600000,0.470000,2,0.850000,True,0.000000,2550
threshold,0.600000,0.470000,3,0.850000,True,0.000000,2550
threshold,0.600000,0.470000,4,0.850000,True,0.000000,2550
threshold,0.600000,0.470000,5,0.850000,True,0.000000,2550
threshold,0.600000,0.470000,6,0.850000,True,0.000000,2550
threshold,0.600000,0.470000,7,0.850000,True,0.000000,2550
threshold,0.600000,0.470000,8,0.850000,True,0.000000,2550
threshold,0.600000,0.470000,9,0.850000,True,0.000000,2550
threshold,0.600000,0.470000,10,0.850000,True,0.000000,2550
threshold,0.600000,0.470000,11,0.850000,True,0.000000,2550
threshold,0.600000,0.470000,12,0.850000,True,0.000000,2550
threshold,0.600000,0.470000,13,0.850000,True,0.000000,2550
threshold,0.600000,0.470000,14,0.850000,True,0.000000,2550
threshold,0.600000,0.470000,15,0.850000,True,0.000000,2550
threshold,0.600000,0.470000,16,0.850000,True,0.000000,2550
threshold,0.600000,0.470000,17,0.850000,True,0.000000,2550
threshold,0.600000,0.470000,18,0.850000,True,0.000000,2550
threshold,0.600000,0.470000,19,0.850000,True,0.000000,2550
threshold,0.600000,0.470000,20,0.850000,True,0.000000,2550
threshold,0.600000,0.470000,21,0.850000,True,0.000000,2550
threshold,0.600000,0.470000,22,0.850000,True,0.000000,2550
threshold,0.600000,0.470000,23,0.850000,True,0.000000,2550
threshold,0.600000,0.470000,24,0.850000,True,0.000000,2550
threshold,0.600000,0.470000,25,0.900000,True,0.000000,2700
threshold,0.600000,0.470000,26,0.900000,True,0.000000,2700
threshold,0.600000,0.470000,27,0.850000,True,0.000000,2550
threshold,0.600000,0.470000,28,0.850000,True,0.000000,2550
threshold,0.600000,0.470000,29,0.850000,True,0.000000,2550
threshold,0.600000,0.470000,30,0.850000,True,0.000000,2550
threshold,0.600000,0.470000,31,0.850000,True,0.000000,2550
threshold,0.600000,0.470000,32,0.850000,True,0.000000,2550
threshold,0.600000,0.470000,33,0.850000,True,0.000000,2550
threshold,0.600000,0.470000,34,0.850000,True,0.000000,2550
threshold,0.600000,0.470000,35,0.850000,True,0.000000,2550
threshold,0.600000,0.470000,36,0.850000,True,0.000000,2550
threshold,0.600000,0.470000,37,0.850000,True,0.000000,2550
threshold,0.600000,0.470000,38,0.900000,True,0.000000,2700
threshold,0.600000,0.470000,39,0.850000,True,0.000000,2550
threshold,0.600000,0.480000,0,0.850000,True,0.000000,2550
threshold,0.600000,0.480000,1,0.900000,True,0.000000,2700
threshold,0.600000,0.480000,2,0.900000,True,0.000000,2700
threshold,0.600000,0.480000,3,0.900000,True,0.000000,2700
threshold,0.600000,0.480000,4,0.900000,True,0.000000,2700
threshold,0.600000,0.480000,5,0.900000,True,0.000000,2700
threshold,0.600000,0.480000,6,0.850000,True,0.000000,2550
threshold,0.600000,0.480000,7,0.900000,True,0.000000,2700
threshold,0.600000,0.480000,8,0.900000,True,0.000000,2700
threshold,0.600000,0.480000,9,0.850000,True,0.000000,2550
threshold,0.600000,0.480000,10,0.900000,True,0.000000,2700
threshold,0.600000,0.480000,11,0.850000,True,0.000000,2550
threshold,0.600000,0.480000,12,0.850000,True,0.000000,2550
threshold,0.600000,0.480000,13,0.900000,True,0.000000,2700
threshold,0.600000,0.480000,14,0.900000,True,0.000000,2700
threshold,0.600000,0.480000,15,0.900000,True,0.000000,2700
threshold,0.600000,0.480000,16,0.900000,True,0.000000,2700
threshold,0.600000,0.480000,17,0.900000,True,0.000000,2700
threshold,0.600000,0.480000,18,0.900000,True,0.000000,2700
threshold,0.600000,0.480000,19,0.850000,True,0.000000,2550
threshold,0.600000,0.480000,20,0.900000,True,0.000000,2700
threshold,0.600000,0.480000,21,0.850000,True,0.000000,2550
threshold,0.600000,0.480000,22,0.900000,True,0.000000,2700
threshold,0.600000,0.480000,23,0.850000,True,0.000000,2550
threshold,0.600000,0.480000,24,0.900000,True,0.000000,2700
threshold,0.600000,0.480000,25,0.900000,True,0.000000,2700
threshold,0.600000,0.480000,26,0.900000,True,0.000000,2700
threshold,0.600000,0.480000,27,0.900000,True,0.000000,2700
threshold,0.600000,0.480000,28,0.900000,True,0.000000,2700
threshold,0.600000,0.480000,29,0.900000,True,0.000000,2700
threshold,0.600000,0.480000,30,0.900000,True,0.000000,2700
threshold,0.600000,0.480000,31,0.850000,True,0.000000,2550
threshold,0.600000,0.480000,32,0.850000,True,0.000000,2550
threshold,0.600000,0.480000,33,0.900000,True,0.000000,2700
threshold,0.600000,0.480000,34,0.900000,True,0.000000,2700
threshold,0.600000,0.480000,35,0.900000,True,0.000000,2700
threshold,0.600000,0.480000,36,0.850000,True,0.000000,2550
threshold,0.600000,0.480000,37,0.900000,True,0.000000,2700
threshold,0.600000,0.480000,38,0.900000,True,0.000000,2700
threshold,0.600000,0.480000,39,0.850000,True,0.000000,2550
threshold,0.600000,0.490000,0,0.900000,True,0.000000,2700
threshold,0.600000,0.490000,1,0.900000,True,0.000000,2700
threshold,0.600000,0.490000,2,0.900000,True,0.000000,2700
threshold,0.600000,0.490000,3,0.900000,True,0.000000,2700
threshold,0.600000,0.490000,4,0.900000,True,0.000000,2700
threshold,0.600000,0.490000,5,0.900000,True,0.000000,2700
threshold,0.600000,0.490000,6,0.900000,True,0.000000,2700
threshold,0.600000,0.490000,7,0.900000,True,0.000000,2700
threshold,0.600000,0.490000,8,0.900000,True,0.000000,2700
threshold,0.600000,0.490000,9,0.900000,True,0.000000,2700
threshold,0.600000,0.490000,10,0.900000,True,0.000000,2700
threshold,0.600000,0.490000,11,0.900000,True,0.000000,2700
threshold,0.600000,0.490000,12,0.900000,True,0.000000,2700
threshold,0.600000,0.490000,13,0.900000,True,0.000000,2700
threshold,0.600000,0.490000,14,0.900000,True,0.000000,2700
threshold,0.600000,0.490000,15,0.900000,True,0.000000,2700
threshold,0.600000,0.490000,16,0.900000,True,0.000000,2700
threshold,0.600000,0.490000,17,0.900000,True,0.000000,2700
threshold,0.600000,0.490000,18,0.900000,True,0.000000,2700
threshold,0.600000,0.490000,19,0.900000,True,0.000000,2700
threshold,0.600000,0.490000,20,0.900000,True,0.000000,2700
threshold,0.600000,0.490000,21,0.900000,True,0.000000,2700
threshold,0.600000,0.490000,22,0.900000,True,0.000000,2700
threshold,0.600000,0.490000,23,0.900000,True,0.000000,2700
threshold,0.600000,0.490000,24,0.900000,True,0.000000,2700
threshold,0.600000,0.490000,25,0.900000,True,0.000000,2700
threshold,0.600000,0.490000,26,0.900000,True,0.000000,2700
threshold,0.600000,0.490000,27,0.900000,True,0.000000,2700
threshold,0.600000,0.490000,28,0.900000,True,0.000000,2700
threshold,0.600000,0.490000,29,0.900000,True,0.000000,2700
threshold,0.600000,0.490000,30,0.900000,True,0.000000,2700
threshold,0.600000,0.490000,31,0.900000,True,0.000000,2700
threshold,0.600000,0.490000,32,0.900000,True,0.000000,2700
threshold,0.600000,0.490000,33,0.900000,True,0.000000,2700
threshold,0.600000,0.490000,34,0.900000,True,0.000000,2700
threshold,0.600000,0.490000,35,0.900000,True,0.000000,2700
threshold,0.600000,0.490000,36,0.900000,True,0.000000,2700
threshold,0.600000,0.490000,37,0.900000,True,0.000000,2700
threshold,0.600000,0.490000,38,0.900000,True,0.000000,2700
threshold,0.600000,0.490000,39,0.900000,True,0.000000,2700
threshold,0.600000,0.500000,0,0.900000,True,0.000000,2700
threshold,0.600000,0.500000,1,0.900000,True,0.000000,2700
threshold,0.600000,0.500000,2,0.900000,True,0.000000,2700
threshold,0.600000,0.500000,3,0.900000,True,0.000000,2700
threshold,0.600000,0.500000,4,0.950000,True,0.000000,2850
threshold,0.600000,0.500000,5,0.900000,True,0.000000,2700
threshold,0.600000,0.500000,6,0.900000,True,0.000000,2700
threshold,0.600000,0.500000,7,0.900000,True,0.000000,2700
threshold,0.600000,0.500000,8,0.900000,True,0.000000,2700
threshold,0.600000,0.500000,9,0.900000,True,0.000000,2700
threshold,0.600000,0.500000,10,0.900000,True,0.000000,2700
threshold,0.600000,0.500000,11,0.900000,True,0.000000,2700
threshold,0.600000,0.500000,12,0.900000,True,0.000000,2700
threshold,0.600000,0.500000,13,0.900000,True,0.000000,2700
threshold,0.600000,0.500000,14,0.900000,True,0.000000,2700
threshold,0.600000,0.500000,15,0.900000,True,0.000000,2700
threshold,0.600000,0.500000,16,0.900000,True,0.000000,2700
threshold,0.600000,0.500000,17,0.900000,True,0.000000,2700
threshold,0.600000,0.500000,18,0.900000,True,0.000000,2700
threshold,0.600000,0.500000,19,0.900000,True,0.000000,2700
threshold,0.600000,0.500000,20,0.900000,True,0.000000,2700
threshold,0.600000,0.500000,21,0.900000,True,0.000000,2700
threshold,0.600000,0.500000,22,0.900000,True,0.000000,2700
threshold,0.600000,0.500000,23,0.900000,True,0.000000,2700
threshold,0.600000,0.500000,24,0.900000,True,0.000000,2700
threshold,0.600000,0.500000,25,0.900000,True,0.000000,2700
threshold,0.600000,0.500000,26,0.950000,True,0.000000,2850
threshold,0.600000,0.500000,27,0.900000,True,0.000000,2700
threshold,0.600000,0.500000,28,0.900000,True,0.000000,2700
threshold,0.600000,0.500000,29,0.900000,True,0.000000,2700
threshold,0.600000,0.500000,30,0.900000,True,0.000000,2700
threshold,0.600000,0.500000,31,0.900000,True,0.000000,2700
threshold,0.600000,0.500000,32,0.900000,True,0.000000,2700
threshold,0.600000,0.500000,33,0.900000,True,0.000000,2700
threshold,0.600000,0.500000,34,0.900000,True,0.000000,2700
threshold,0.600000,0.500000,35,0.900000,True,0.000000,2700
threshold,0.600000,0.500000,36,0.900000,True,0.000000,2700
threshold,0.600000,0.500000,37,0.900000,True,0.000000,2700
threshold,0.600000,0.500000,38,0.900000,True,0.000000,2700
threshold,0.600000,0.500000,39,0.900000,True,0.000000,2700
threshold,0.600000,0.510000,0,0.900000,True,0.000000,2700
threshold,0.600000,0.510000,1,0.900000,True,0.000000,2700
threshold,0.600000,0.510000,2,0.900000,True,0.000000,2700
threshold,0.600000,0.510000,3,0.900000,True,0.000000,2700
threshold,0.600000,0.510000,4,0.950000,True,0.000000,2850
threshold,0.600000,0.510000,5,0.900000,True,0.000000,2700
threshold,0.600000,0.510000,6,0.900000,True,0.000000,2700
threshold,0.600000,0.510000,7,0.900000,True,0.000000,2700
threshold,0.600000,0.510000,8,0.950000,True,0.000000,2850
threshold,0.600000,0.510000,9,0.900000,True,0.000000,2700
threshold,0.600000,0.510000,10,0.900000,True,0.000000,2700
threshold,0.600000,0.510000,11,0.950000,True,0.000000,2850
threshold,0.600000,0.510000,12,0.900000,True,0.000000,2700
threshold,0.600000,0.510000,13,0.950000,True,0.000000,2850
threshold,0.600000,0.510000,14,0.950000,True,0.000000,2850
threshold,0.600000,0.510000,15,0.950000,True,0.000000,2850
threshold,0.600000,0.510000,16,0.950000,True,0.000000,2850
threshold,0.600000,0.510000,17,0.900000,True,0.000000,2700
threshold,0.600000,0.510000,18,0.900000,True,0.000000,2700
threshold,0.600000,0.510000,19,0.900000,True,0.000000,2700
threshold,0.600000,0.510000,20,0.900000,True,0.000000,2700
threshold,0.600000,0.510000,21,0.900000,True,0.000000,2700
threshold,0.600000,0.510000,22,0.950000,True,0.000000,2850
threshold,0.600000,0.510000,23,0.900000,True,0.000000,2700
threshold,0.600000,0.510000,24,0.900000,True,0.000000,2700
threshold,0.600000,0.510000,25,0.900000,True,0.000000,2700
threshold,0.600000,0.510000,26,0.900000,True,0.000000,2700
threshold,0.600000,0.510000,27,0.950000,True,0.000000,2850
threshold,0.600000,0.510000,28,0.900000,True,0.000000,2700
threshold,0.600000,0.510000,29,0.950000,True,0.000000,2850
threshold,0.600000,0.510000,30,0.900000,True,0.000000,2700
threshold,0.600000,0.510000,31,0.900000,True,0.000000,2700
threshold,0.600000,0.510000,32,0.900000,True,0.000000,2700
threshold,0.600000,0.510000,33,0.950000,True,0.000000,2850
threshold,0.600000,0.510000,34,0.950000,True,0.000000,2850
threshold,0.600000,0.510000,35,0.900000,True,0.000000,2700
threshold,0.600000,0.510000,36,0.900000,True,0.000000,2700
threshold,0.600000,0.510000,37,0.900000,True,0.000000,2700
threshold,0.600000,0.510000,38,0.900000,True,0.000000,2700
threshold,0.600000,0.510000,39,0.900000,True,0.000000,2700
threshold,0.600000,0.520000,0,0.950000,True,0.000000,2850
threshold,0.600000,0.520000,1,0.950000,True,0.000000,2850
threshold,0.600000,0.520000,2,0.950000,True,0.000000,2850
threshold,0.600000,0.520000,3,0.950000,True,0.000000,2850
threshold,0.600000,0.520000,4,0.950000,True,0.000000,2850
threshold,0.600000,0.520000,5,0.950000,True,0.000000,2850
threshold,0.600000,0.520000,6,0.950000,True,0.000000,2850
threshold,0.600000,0.520000,7,0.950000,True,0.000000,2850
threshold,0.600000,0.520000,8,0.950000,True,0.000000,2850
threshold,0.600000,0.520000,9,0.900000,True,0.000000,2700
threshold,0.600000,0.520000,10,0.900000,True,0.000000,2700
threshold,0.600000,0.520000,11,0.950000,True,0.000000,2850
threshold,0.600000,0.520000,12,0.900000,True,0.000000,2700
threshold,0.600000,0.520000,13,0.950000,True,0.000000,2850
threshold,0.600000,0.520000,14,0.900000,True,0.000000,2700
threshold,0.600000,0.520000,15,0.950000,True,0.000000,2850
threshold,0.600000,0.520000,16,0.950000,True,0.000000,2850
threshold,0.600000,0.520000,17,0.950000,True,0.000000,2850
threshold,0.600000,0.520000,18,0.900000,True,0.000000,2700
threshold,0.600000,0.520000,19,0.950000,True,0.000000,2850
threshold,0.600000,0.520000,20,0.950000,True,0.000000,2850
threshold,0.600000,0.520000,21,0.950000,True,0.000000,2850
threshold,0.600000,0.520000,22,0.950000,True,0.000000,2850
threshold,0.600000,0.520000,23,0.950000,True,0.000000,2850
threshold,0.600000,0.520000,24,0.950000,True,0.000000,2850
threshold,0.600000,0.520000,25,0.950000,True,0.000000,2850
threshold,0.600000,0.520000,26,0.950000,True,0.000000,2850
threshold,0.600000,0.520000,27,0.900000,True,0.000000,2700
threshold,0.600000,0.520000,28,0.900000,True,0.000000,2700
threshold,0.600000,0.520000,29,0.950000,True,0.000000,2850
threshold,0.600000,0.520000,30,0.950000,True,0.000000,2850
threshold,0.600000,0.520000,31,0.950000,True,0.000000,2850
threshold,0.600000,0.520000,32,0.900000,True,0.000000,2700
threshold,0.600000,0.520000,33,0.950000,True,0.000000,2850
threshold,0.600000,0.520000,34,0.950000,True,0.000000,2850
threshold,0.600000,0.520000,35,0.950000,True,0.000000,2850
threshold,0.600000,0.520000,36,0.900000,True,0.000000,2700
threshold,0.600000,0.520000,37,0.900000,True,0.000000,2700
threshold,0.600000,0.520000,38,0.900000,True,0.000000,2700
threshold,0.600000,0.520000,39,0.900000,True,0.000000,2700
threshold,0.600000,0.530000,0,0.950000,True,0.000000,2850
threshold,0.600000,0.530000,1,0.950000,True,0.000000,2850
threshold,0.600000,0.530000,2,0.950000,True,0.000000,2850
threshold,0.600000,0.530000,3,0.950000,True,0.000000,2850
threshold,0.600000,0.530000,4,0.950000,True,0.000000,2850
threshold,0.600000,0.530000,5,0.950000,True,0.000000,2850
threshold,0.600000,0.530000,6,0.950000,True,0.000000,2850
threshold,0.600000,0.530000,7,0.950000,True,0.000000,2850
threshold,0.600000,0.530000,8,0.950000,True,0.000000,2850
threshold,0.600000,0.530000,9,0.950000,True,0.000000,2850
threshold,0.600000,0.530000,10,0.950000,True,0.000000,2850
threshold,0.600000,0.530000,11,0.950000,True,0.000000,2850
threshold,0.600000,0.530000,12,0.900000,True,0.000000,2700
threshold,0.600000,0.530000,13,0.950000,True,0.000000,2850
threshold,0.600000,0.530000,14,0.950000,True,0.000000,2850
threshold,0.600000,0.530000,15,0.950000,True,0.000000,2850
threshold,0.600000,0.530000,16,0.950000,True,0.000000,2850
threshold,0.600000,0.530000,17,0.950000,True,0.000000,2850
threshold,0.600000,0.530000,18,0.950000,True,0.000000,2850
threshold,0.600000,0.530000,19,0.950000,True,0.000000,2850
threshold,0.600000,0.530000,20,0.950000,True,0.000000,2850
threshold,0.600000,0.530000,21,0.950000,True,0.000000,2850
threshold,0.600000,0.530000,22,0.950000,True,0.000000,2850
threshold,0.600000,0.530000,23,0.950000,True,0.000000,2850
threshold,0.600000,0.530000,24,0.950000,True,0.000000,2850
threshold,0.600000,0.530000,25,0.950000,True,0.000000,2850
threshold,0.600000,0.530000,26,0.950000,True,0.000000,2850
threshold,0.600000,0.530000,27,0.950000,True,0.000000,2850
threshold,0.600000,0.530000,28,0.950000,True,0.000000,2850
threshold,0.600000,0.530000,29,0.950000,True,0.000000,2850
threshold,0.600000,0.530000,30,0.950000,True,0.000000,2850
threshold,0.600000,0.530000,31,0.950000,True,0.000000,2850
threshold,0.600000,0.530000,32,0.950000,True,0.000000,2850
threshold,0.600000,0.530000,33,0.950000,True,0.000000,2850
threshold,0.600000,0.530000,34,0.950000,True,0.000000,2850
threshold,0.600000,0.530000,35,0.950000,True,0.000000,2850
threshold,0.600000,0.530000,36,0.900000,True,0.000000,2700
threshold,0.600000,0.530000,37,0.950000,True,0.000000,2850
threshold,0.600000,0.530000,38,0.950000,True,0.000000,2850
threshold,0.600000,0.530000,39,0.950000,True,0.000000,2850
threshold,0.600000,0.540000,0,0.950000,True,0.000000,2850
threshold,0.600000,0.540000,1,0.950000,True,0.000000,2850
threshold,0.600000,0.540000,2,0.950000,True,0.000000,2850
threshold,0.600000,0.540000,3,0.950000,True,0.000000,2850
threshold,0.600000,0.540000,4,0.950000,True,0.000000,2850
threshold,0.600000,0.540000,5,0.950000,True,0.000000,2850
threshold,0.600000,0.540000,6,0.950000,True,0.000000,2850
threshold,0.600000,0.540000,7,0.950000,True,0.000000,2850
threshold,0.600000,0.540000,8,0.950000,True,0.000000,2850
threshold,0.600000,0.540000,9,0.950000,True,0.000000,2850
threshold,0.600000,0.540000,10,0.950000,True,0.000000,2850
threshold,0.600000,0.540000,11,0.950000,True,0.000000,2850
threshold,0.600000,0.540000,12,0.900000,True,0.000000,2700
threshold,0.600000,0.540000,13,0.950000,True,0.000000,2850
threshold,0.600000,0.540000,14,0.950000,True,0.000000,2850
threshold,0.600000,0.540000,15,0.950000,True,0.000000,2850
threshold,0.600000,0.540000,16,0.950000,True,0.000000,2850
threshold,0.600000,0.540000,17,0.950000,True,0.000000,2850
threshold,0.600000,0.540000,18,0.950000,True,0.000000,2850
threshold,0.600000,0.540000,19,0.950000,True,0.000000,2850
threshold,0.600000,0.540000,20,0.950000,True,0.000000,2850
threshold,0.600000,0.540000,21,0.950000,True,0.000000,2850
threshold,0.600000,0.540000,22,0.950000,True,0.000000,2850
threshold,0.600000,0.540000,23,0.950000,True,0.000000,2850
threshold,0.600000,0.540000,24,0.950000,True,0.000000,2850
threshold,0.600000,0.540000,25,0.950000,True,0.000000,2850
threshold,0.600000,0.540000,26,0.950000,True,0.000000,2850
threshold,0.600000,0.540000,27,0.950000,True,0.000000,2850
threshold,0.600000,0.540000,28,0.950000,True,0.000000,2850
threshold,0.600000,0.540000,29,0.950000,True,0.000000,2850
threshold,0.600000,0.540000,30,0.950000,True,0.000000,2850
threshold,0.600000,0.540000,31,0.950000,True,0.000000,2850
threshold,0.600000,0.540000,32,0.950000,True,0.000000,2850
threshold,0.600000,0.540000,33,0.950000,True,0.000000,2850
threshold,0.600000,0.540000,34,0.950000,True,0.000000,2850
threshold,0.600000,0.540000,35,0.950000,True,0.000000,2850
threshold,0.600000,0.540000,36,0.900000,True,0.000000,2700
threshold,0.600000,0.540000,37,0.950000,True,0.000000,2850
threshold,0.600000,0.540000,38,0.950000,True,0.000000,2850
threshold,0.600000,0.540000,39,0.950000,True,0.000000,2850
threshold,0.600000,0.550000,0,0.950000,True,0.000000,2850
threshold,0.600000,0.550000,1,0.950000,True,0.000000,2850
threshold,0.600000,0.550000,2,0.950000,True,0.000000,2850
threshold,0.600000,0.550000,3,0.950000,True,0.000000,2850
threshold,0.600000,0.550000,4,0.950000,True,0.000000,2850
threshold,0.600000,0.550000,5,0.950000,True,0.000000,2850
threshold,0.600000,0.550000,6,0.950000,True,0.000000,2850
threshold,0.600000,0.550000,7,0.950000,True,0.000000,2850
threshold,0.600000,0.550000,8,0.950000,True,0.000000,2850
threshold,0.600000,0.550000,9,0.950000,True,0.000000,2850
threshold,0.600000,0.550000,10,0.950000,True,0.000000,2850
threshold,0.600000,0.550000,11,0.950000,True,0.000000,2850
threshold,0.600000,0.550000,12,0.950000,True,0.000000,2850
threshold,0.600000,0.550000,13,0.950000,True,0.000000,2850
threshold,0.600000,0.550000,14,0.950000,True,0.000000,2850
threshold,0.600000,0.550000,15,0.950000,True,0.000000,2850
threshold,0.600000,0.550000,16,0.950000,True,0.000000,2850
threshold,0.600000,0.550000,17,0.950000,True,0.000000,2850
threshold,0.600000,0.550000,18,0.950000,True,0.000000,2850
threshold,0.600000,0.550000,19,0.950000,True,0.000000,2850
threshold,0.600000,0.550000,20,0.950000,True,0.000000,2850
threshold,0.600000,0.550000,21,0.950000,True,0.000000,2850
threshold,0.600000,0.550000,22,0.950000,True,0.000000,2850
threshold,0.600000,0.550000,23,0.950000,True,0.000000,2850
threshold,0.600000,0.550000,24,0.950000,True,0.000000,2850
threshold,0.600000,0.550000,25,0.950000,True,0.000000,2850
threshold,0.600000,0.550000,26,0.950000,True,0.000000,2850
threshold,0.600000,0.550000,27,0.950000,True,0.000000,2850
threshold,0.600000,0.550000,28,0.950000,True,0.000000,2850
threshold,0.600000,0.550000,29,0.950000,True,0.000000,2850
threshold,0.600000,0.550000,30,0.950000,True,0.000000,2850
threshold,0.600000,0.550000,31,0.950000,True,0.000000,2850
threshold,0.600000,0.550000,32,0.950000,True,0.000000,2850
threshold,0.600000,0.550000,33,0.950000,True,0.000000,2850
threshold,0.600000,0.550000,34,0.950000,True,0.000000,2850
threshold,0.600000,0.550000,35,0.950000,True,0.000000,2850
threshold,0.600000,0.550000,36,0.950000,True,0.000000,2850
threshold,0.600000,0.550000,37,0.950000,True,0.000000,2850
threshold,0.600000,0.550000,38,0.900000,True,0.000000,2700
threshold,0.600000,0.550000,39,0.950000,True,0.000000,2850
random,-1.000000,0.250000,0,0.380000,True,0.000000,1140
random,-1.000000,0.250000,1,0.380000,True,0.000000,1140
random,-1.000000,0.250000,2,0.380000,True,0.000000,1140
random,-1.000000,0.250000,3,0.380000,True,0.000000,1140
random,-1.000000,0.250000,4,0.380000,True,0.000000,1140
random,-1.000000,0.250000,5,0.380000,True,0.000000,1140
random,-1.000000,0.250000,6,0.380000,True,0.000000,1140
random,-1.000000,0.250000,7,0.380000,True,0.000000,1140
random,-1.000000,0.250000,8,0.380000,True,0.000000,1140
random,-1.000000,0.250000,9,0.380000,True,0.000000,1140
random,-1.000000,0.250000,10,0.380000,True,0.000000,1140
random,-1.000000,0.250000,11,0.360000,True,0.000000,1080
random,-1.000000,0.250000,12,0.380000,True,0.000000,1140
random,-1.000000,0.250000,13,0.400000,True,0.000000,1200
random,-1.000000,0.250000,14,0.380000,True,0.000000,1140
random,-1.000000,0.250000,15,0.380000,True,0.000000,1140
random,-1.000000,0.250000,16,0.380000,True,0.000000,1140
random,-1.000000,0.250000,17,0.400000,True,0.000000,1200
random,-1.000000,0.250000,18,0.380000,True,0.000000,1140
random,-1.000000,0.250000,19,0.380000,True,0.000000,1140
random,-1.000000,0.250000,20,0.380000,True,0.000000,1140
random,-1.000000,0.250000,21,0.380000,True,0.000000,1140
random,-1.000000,0.250000,22,0.380000,True,0.000000,1140
random,-1.000000,0.250000,23,0.380000,True,0.000000,1140
random,-1.000000,0.250000,24,0.380000,True,0.000000,1140
random,-1.000000,0.250000,25,0.380000,True,0.000000,1140
random,-1.000000,0.250000,26,0.380000,True,0.000000,1140
random,-1.000000,0.250000,27,0.380000,True,0.000000,1140
random,-1.000000,0.250000,28,0.380000,True,0.000000,1140
random,-1.000000,0.250000,29,0.380000,True,0.000000,1140
random,-1.000000,0.250000,30,0.380000,True,0.000000,1140
random,-1.000000,0.250000,31,0.380000,True,0.000000,1140
random,-1.000000,0.250000,32,0.400000,True,0.000000,1200
random,-1.000000,0.250000,33,0.380000,True,0.000000,1140
random,-1.000000,0.250000,34,0.400000,True,0.000000,1200
random,-1.000000,0.250000,35,0.380000,True,0.000000,1140
random,-1.000000,0.250000,36,0.380000,True,0.000000,1140
random,-1.000000,0.250000,37,0.380000,True,0.000000,1140
random,-1.000000,0.250000,38,0.400000,True,0.000000,1200
random,-1.000000,0.250000,39,0.380000,True,0.000000,1140
random,-1.000000,0.260000,0,0.420000,True,0.000000,1260
random,-1.000000,0.260000,1,0.420000,True,0.000000,1260
random,-1.000000,0.260000,2,0.420000,True,0.000000,1260
random,-1.000000,0.260000,3,0.400000,True,0.000000,1200
random,-1.000000,0.260000,4,0.420000,True,0.000000,1260
random,-1.000000,0.260000,5,0.420000,True,0.000000,1260
random,-1.000000,0.260000,6,0.420000,True,0.000000,1260
random,-1.000000,0.260000,7,0.400000,True,0.000000,1200
random,-1.000000,0.260000,8,0.400000,True,0.000000,1200
random,-1.000000,0.260000,9,0.420000,True,0.000000,1260
random,-1.000000,0.260000,10,0.420000,True,0.000000,1260
random,-1.000000,0.260000,11,0.400000,True,0.000000,1200
random,-1.000000,0.260000,12,0.420000,True,0.000000,1260
random,-1.000000,0.260000,13,0.420000,True,0.000000,1260
random,-1.000000,0.260000,14,0.420000,True,0.000000,1260
random,-1.000000,0.260000,15,0.420000,True,0.000000,1260
random,-1.000000,0.260000,16,0.400000,True,0.000000,1200
random,-1.000000,0.260000,17,0.420000,True,0.000000,1260
random,-1.000000,0.260000,18,0.400000,True,0.000000,1200
random,-1.000000,0.260000,19,0.420000,True,0.000000,1260
random,-1.000000,0.260000,20,0.420000,True,0.000000,1260
random,-1.000000,0.260000,21,0.420000,True,0.000000,1260
random,-1.000000,0.260000,22,0.400000,True,0.000000,1200
random,-1.000000,0.260000,23,0.420000,True,0.000000,1260
random,-1.000000,0.260000,24,0.400000,True,0.000000,1200
random,-1.000000,0.260000,25,0.400000,True,0.000000,1200
random,-1.000000,0.260000,26,0.420000,True,0.000000,1260
random,-1.000000,0.260000,27,0.420000,True,0.000000,1260
random,-1.000000,0.260000,28,0.400000,True,0.000000,1200
random,-1.000000,0.260000,29,0.420000,True,0.000000,1260
random,-1.000000,0.260000,30,0.420000,True,0.000000,1260
random,-1.000000,0.260000,31,0.420000,True,0.000000,1260
random,-1.000000,0.260000,32,0.420000,True,0.000000,1260
random,-1.000000,0.260000,33,0.420000,True,0.000000,1260
random,-1.000000,0.260000,34,0.400000,True,0.000000,1200
random,-1.000000,0.260000,35,0.420000,True,0.000000,1260
random,-1.000000,0.260000,36,0.420000,True,0.000000,1260
random,-1.000000,0.260000,37,0.420000,True,0.000000,1260
random,-1.000000,0.260000,38,0.420000,True,0.000000,1260
random,-1.000000,0.260000,39,0.400000,True,0.000000,1200
random,-1.000000,0.270000,0,0.440000,True,0.000000,1320
random,-1.000000,0.270000,1,0.460000,True,0.000000,1380
random,-1.000000,0.270000,2,0.440000,True,0.000000,1320
random,-1.000000,0.270000,3,0.440000,True,0.000000,1320
random,-1.000000,0.270000,4,0.460000,True,0.000000,1380
random,-1.000000,0.270000,5,0.440000,True,0.000000,1320
random,-1.000000,0.270000,6,0.440000,True,0.000000,1320
random,-1.000000,0.270000,7,0.440000,True,0.000000,1320
random,-1.000000,0.270000,8,0.440000,True,0.000000,1320
random,-1.000000,0.270000,9,0.440000,True,0.000000,1320
random,-1.000000,0.270000,10,0.440000,True,0.000000,1320
random,-1.000000,0.270000,11,0.420000,True,0.000000,1260
random,-1.000000,0.270000,12,0.440000,True,0.000000,1320
random,-1.000000,0.270000,13,0.460000,True,0.000000,1380
random,-1.000000,0.270000,14,0.440000,True,0.000000,1320
random,-1.000000,0.270000,15,0.440000,True,0.000000,1320
random,-1.000000,0.270000,16,0.440000,True,0.000000,1320
random,-1.000000,0.270000,17,0.460000,True,0.000000,1380
random,-1.000000,0.270000,18,0.440000,True,0.000000,1320
random,-1.000000,0.270000,19,0.440000,True,0.000000,1320
random,-1.000000,0.270000,20,0.440000,True,0.000000,1320
random,-1.000000,0.270000,21,0.440000,True,0.000000,1320
random,-1.000000,0.270000,22,0.440000,True,0.000000,1320
random,-1.000000,0.270000,23,0.440000,True,0.000000,1320
random,-1.000000,0.270000,24,0.440000,True,0.000000,1320
random,-1.000000,0.270000,25,0.440000,True,0.000000,1320
random,-1.000000,0.270000,26,0.440000,True,0.000000,1320
random,-1.000000,0.270000,27,0.440000,True,0.000000,1320
random,-1.000000,0.270000,28,0.440000,True,0.000000,1320
random,-1.000000,0.270000,29,0.440000,True,0.000000,1320
random,-1.000000,0.270000,30,0.440000,True,0.000000,1320
random,-1.000000,0.270000,31,0.440000,True,0.000000,1320
random,-1.000000,0.270000,32,0.440000,True,0.000000,1320
random,-1.000000,0.270000,33,0.440000,True,0.000000,1320
random,-1.000000,0.270000,34,0.440000,True,0.000000,1320
random,-1.000000,0.270000,35,0.440000,True,0.000000,1320
random,-1.000000,0.270000,36,0.440000,True,0.000000,1320
random,-1.000000,0.270000,37,0.440000,True,0.000000,1320
random,-1.000000,0.270000,38,0.440000,True,0.000000,1320
random,-1.000000,0.270000,39,0.440000,True,0.000000,1320
random,-1.000000,0.280000,0,0.460000,True,0.000000,1380
random,-1.000000,0.280000,1,0.480000,True,0.000000,1440
random,-1.000000,0.280000,2,0.480000,True,0.000000,1440
random,-1.000000,0.280000,3,0.460000,True,0.000000,1380
random,-1.000000,0.280000,4,0.480000,True,0.000000,1440
random,-1.000000,0.280000,5,0.460000,True,0.000000,1380
random,-1.000000,0.280000,6,0.460000,True,0.000000,1380
random,-1.000000,0.280000,7,0.480000,True,0.000000,1440
random,-1.000000,0.280000,8,0.480000,True,0.000000,1440
random,-1.000000,0.280000,9,0.480000,True,0.000000,1440
random,-1.000000,0.280000,10,0.480000,True,0.000000,1440
random,-1.000000,0.280000,11,0.460000,True,0.000000,1380
random,-1.000000,0.280000,12,0.480000,True,0.000000,1440
random,-1.000000,0.280000,13,0.460000,True,0.000000,1380
random,-1.000000,0.280000,14,0.480000,True,0.000000,1440
random,-1.000000,0.280000,15,0.460000,True,0.000000,1380
random,-1.000000,0.280000,16,0.480000,True,0.000000,1440
random,-1.000000,0.280000,17,0.480000,True,0.000000,1440
random,-1.000000,0.280000,18,0.480000,True,0.000000,1440
random,-1.000000,0.280000,19,0.480000,True,0.000000,1440
random,-1.000000,0.280000,20,0.460000,True,0.000000,1380
random,-1.000000,0.280000,21,0.480000,True,0.000000,1440
random,-1.000000,0.280000,22,0.460000,True,0.000000,1380
random,-1.000000,0.280000,23,0.480000,True,0.000000,1440
random,-1.000000,0.280000,24,0.460000,True,0.000000,1380
random,-1.000000,0.280000,25,0.460000,True,0.000000,1380
random,-1.000000,0.280000,26,0.460000,True,0.000000,1380
random,-1.000000,0.280000,27,0.480000,True,0.000000,1440
random,-1.000000,0.280000,28,0.460000,True,0.000000,1380
random,-1.000000,0.280000,29,0.460000,True,0.000000,1380
random,-1.000000,0.280000,30,0.460000,True,0.000000,1380
random,-1.000000,0.280000,31,0.480000,True,0.000000,1440
random,-1.000000,0.280000,32,0.460000,True,0.000000,1380
random,-1.000000,0.280000,33,0.480000,True,0.000000,1440
random,-1.000000,0.280000,34,0.480000,True,0.000000,1440
random,-1.000000,0.280000,35,0.460000,True,0.000000,1380
random,-1.000000,0.280000,36,0.480000,True,0.000000,1440
random,-1.000000,0.280000,37,0.480000,True,0.000000,1440
random,-1.000000,0.280000,38,0.480000,True,0.000000,1440
random,-1.000000,0.280000,39,0.480000,True,0.000000,1440
random,-1.000000,0.290000,0,0.500000,True,0.000000,1500
random,-1.000000,0.290000,1,0.500000,True,0.000000,1500
random,-1.000000,0.290000,2,0.500000,True,0.000000,1500
random,-1.000000,0.290000,3,0.500000,True,0.000000,1500
random,-1.000000,0.290000,4,0.500000,True,0.000000,1500
random,-1.000000,0.290000,5,0.500000,True,0.000000,1500
random,-1.000000,0.290000,6,0.500000,True,0.000000,1500
random,-1.000000,0.290000,7,0.500000,True,0.000000,1500
random,-1.000000,0.290000,8,0.500000,True,0.000000,1500
random,-1.000000,0.290000,9,0.500000,True,0.000000,1500
random,-1.000000,0.290000,10,0.500000,True,0.000000,1500
random,-1.000000,0.290000,11,0.500000,True,0.000000,1500
random,-1.000000,0.290000,12,0.500000,True,0.000000,1500
random,-1.000000,0.290000,13,0.500000,True,0.000000,1500
random,-1.000000,0.290000,14,0.500000,True,0.000000,1500
random,-1.000000,0.290000,15,0.500000,True,0.000000,1500
random,-1.000000,0.290000,16,0.500000,True,0.000000,1500
random,-1.000000,0.290000,17,0.500000,True,0.000000,1500
random,-1.000000,0.290000,18,0.520000,True,0.000000,1560
random,-1.000000,0.290000,19,0.500000,True,0.000000,1500
random,-1.000000,0.290000,20,0.500000,True,0.000000,1500
random,-1.000000,0.290000,21,0.480000,True,0.000000,1440
random,-1.000000,0.290000,22,0.500000,True,0.000000,1500
random,-1.000000,0.290000,23,0.500000,True,0.000000,1500
random,-1.000000,0.290000,24,0.500000,True,0.000000,1500
random,-1.000000,0.290000,25,0.500000,True,0.000000,1500
random,-1.000000,0.290000,26,0.500000,True,0.000000,1500
random,-1.000000,0.290000,27,0.500000,True,0.000000,1500
random,-1.000000,0.290000,28,0.500000,True,0.000000,1500
random,-1.000000,0.290000,29,0.500000,True,0.000000,1500
random,-1.000000,0.290000,30,0.500000,True,0.000000,1500
random,-1.000000,0.290000,31,0.500000,True,0.000000,1500
random,-1.000000,0.290000,32,0.500000,True,0.000000,1500
random,-1.000000,0.290000,33,0.480000,True,0.000000,1440
random,-1.000000,0.290000,34,0.520000,True,0.000000,1560
random,-1.000000,0.290000,35,0.500000,True,0.000000,1500
random,-1.000000,0.290000,36,0.500000,True,0.000000,1500
random,-1.000000,0.290000,37,0.500000,True,0.000000,1500
random,-1.000000,0.290000,38,0.500000,True,0.000000,1500
random,-1.000000,0.290000,39,0.500000,True,0.000000,1500
random,-1.000000,0.300000,0,0.520000,True,0.000000,1560
random,-1.000000,0.300000,1,0.520000,True,0.000000,1560
random,-1.000000,0.300000,2,0.540000,True,0.000000,1620
random,-1.000000,0.300000,3,0.540000,True,0.000000,1620
random,-1.000000,0.300000,4,0.520000,True,0.000000,1560
random,-1.000000,0.300000,5,0.520000,True,0.000000,1560
random,-1.000000,0.300000,6,0.520000,True,0.000000,1560
random,-1.000000,0.300000,7,0.520000,True,0.000000,1560
random,-1.000000,0.300000,8,0.520000,True,0.000000,1560
random,-1.000000,0.300000,9,0.540000,True,0.000000,1620
random,-1.000000,0.300000,10,0.540000,True,0.000000,1620
random,-1.000000,0.300000,11,0.520000,True,0.000000,1560
random,-1.000000,0.300000,12,0.520000,True,0.000000,1560
random,-1.000000,0.300000,13,0.540000,True,0.000000,1620
random,-1.000000,0.300000,14,0.520000,True,0.000000,1560
random,-1.000000,0.300000,15,0.520000,True,0.000000,1560
random,-1.000000,0.300000,16,0.520000,True,0.000000,1560
random,-1.000000,0.300000,17,0.540000,True,0.000000,1620
random,-1.000000,0.300000,18,0.520000,True,0.000000,1560
random,-1.000000,0.300000,19,0.520000,True,0.000000,1560
random,-1.000000,0.300000,20,0.520000,True,0.000000,1560
random,-1.000000,0.300000,21,0.520000,True,0.000000,1560
random,-1.000000,0.300000,22,0.520000,True,0.000000,1560
random,-1.000000,0.300000,23,0.520000,True,0.000000,1560
random,-1.000000,0.300000,24,0.520000,True,0.000000,1560
random,-1.000000,0.300000,25,0.500000,True,0.000000,1500
random,-1.000000,0.300000,26,0.520000,True,0.000000,1560
random,-1.000000,0.300000,27,0.520000,True,0.000000,1560
random,-1.000000,0.300000,28,0.520000,True,0.000000,1560
random,-1.000000,0.300000,29,0.520000,True,0.000000,1560
random,-1.000000,0.300000,30,0.540000,True,0.000000,1620
random,-1.000000,0.300000,31,0.520000,True,0.000000,1560
random,-1.000000,0.300000,32,0.520000,True,0.000000,1560
random,-1.000000,0.300000,33,0.540000,True,0.000000,1620
random,-1.000000,0.300000,34,0.520000,True,0.000000,1560
random,-1.000000,0.300000,35,0.520000,True,0.000000,1560
random,-1.000000,0.300000,36,0.520000,True,0.000000,1560
random,-1.000000,0.300000,37,0.540000,True,0.000000,1620
random,-1.000000,0.300000,38,0.540000,True,0.000000,1620
random,-1.000000,0.300000,39,0.520000,True,0.000000,1560
random,-1.000000,0.310000,0,0.540000,True,0.000000,1620
random,-1.000000,0.310000,1,0.560000,True,0.000000,1680
random,-1.000000,0.310000,2,0.560000,True,0.000000,1680
random,-1.000000,0.310000,3,0.560000,True,0.000000,1680
random,-1.000000,0.310000,4,0.540000,True,0.000000,1620
random,-1.000000,0.310000,5,0.540000,True,0.000000,1620
random,-1.000000,0.310000,6,0.540000,True,0.000000,1620
random,-1.000000,0.310000,7,0.540000,True,0.000000,1620
random,-1.000000,0.310000,8,0.560000,True,0.000000,1680
random,-1.000000,0.310000,9,0.560000,True,0.000000,1680
random,-1.000000,0.310000,10,0.560000,True,0.000000,1680
random,-1.000000,0.310000,11,0.520000,True,0.000000,1560
random,-1.000000,0.310000,12,0.540000,True,0.000000,1620
random,-1.000000,0.310000,13,0.540000,True,0.000000,1620
random,-1.000000,0.310000,14,0.540000,True,0.000000,1620
random,-1.000000,0.310000,15,0.540000,True,0.000000,1620
random,-1.000000,0.310000,16,0.540000,True,0.000000,1620
random,-1.000000,0.310000,17,0.560000,True,0.000000,1680
random,-1.000000,0.310000,18,0.540000,True,0.000000,1620
random,-1.000000,0.310000,19,0.540000,True,0.000000,1620
random,-1.000000,0.310000,20,0.540000,True,0.000000,1620
random,-1.000000,0.310000,21,0.540000,True,0.000000,1620
random,-1.000000,0.310000,22,0.540000,True,0.000000,1620
random,-1.000000,0.310000,23,0.540000,True,0.000000,1620
random,-1.000000,0.310000,24,0.540000,True,0.000000,1620
random,-1.000000,0.310000,25,0.540000,True,0.000000,1620
random,-1.000000,0.310000,26,0.540000,True,0.000000,1620
random,-1.000000,0.310000,27,0.560000,True,0.000000,1680
random,-1.000000,0.310000,28,0.540000,True,0.000000,1620
random,-1.000000,0.310000,29,0.540000,True,0.000000,1620
random,-1.000000,0.310000,30,0.540000,True,0.000000,1620
random,-1.000000,0.310000,31,0.540000,True,0.000000,1620
random,-1.000000,0.310000,32,0.560000,True,0.000000,1680
random,-1.000000,0.310000,33,0.540000,True,0.000000,1620
random,-1.000000,0.310000,34,0.540000,True,0.000000,1620
random,-1.000000,0.310000,35,0.540000,True,0.000000,1620
random,-1.000000,0.310000,36,0.540000,True,0.000000,1620
random,-1.000000,0.310000,37,0.540000,True,0.000000,1620
random,-1.000000,0.310000,38,0.560000,True,0.000000,1680
random,-1.000000,0.310000,39,0.540000,True,0.000000,1620
random,-1.000000,0.320000,0,0.560000,True,0.000000,1680
random,-1.000000,0.320000,1,0.560000,True,0.000000,1680
random,-1.000000,0.320000,2,0.580000,True,0.000000,1740
random,-1.000000,0.320000,3,0.580000,True,0.000000,1740
random,-1.000000,0.320000,4,0.580000,True,0.000000,1740
random,-1.000000,0.320000,5,0.560000,True,0.000000,1680
random,-1.000000,0.320000,6,0.580000,True,0.000000,1740
random,-1.000000,0.320000,7,0.580000,True,0.000000,1740
random,-1.000000,0.320000,8,0.560000,True,0.000000,1680
random,-1.000000,0.320000,9,0.580000,True,0.000000,1740
random,-1.000000,0.320000,10,0.580000,True,0.000000,1740
random,-1.000000,0.320000,11,0.560000,True,0.000000,1680
random,-1.000000,0.320000,12,0.560000,True,0.000000,1680
random,-1.000000,0.320000,13,0.580000,True,0.000000,1740
random,-1.000000,0.320000,14,0.560000,True,0.000000,1680
random,-1.000000,0.320000,15,0.580000,True,0.000000,1740
random,-1.000000,0.320000,16,0.560000,True,0.000000,1680
random,-1.000000,0.320000,17,0.580000,True,0.000000,1740
random,-1.000000,0.320000,18,0.580000,True,0.000000,1740
random,-1.000000,0.320000,19,0.560000,True,0.000000,1680
random,-1.000000,0.320000,20,0.560000,True,0.000000,1680
random,-1.000000,0.320000,21,0.580000,True,0.000000,1740
random,-1.000000,0.320000,22,0.560000,True,0.000000,1680
random,-1.000000,0.320000,23,0.560000,True,0.000000,1680
random,-1.000000,0.320000,24,0.580000,True,0.000000,1740
random,-1.000000,0.320000,25,0.560000,True,0.000000,1680
random,-1.000000,0.320000,26,0.580000,True,0.000000,1740
random,-1.000000,0.320000,27,0.580000,True,0.000000,1740
random,-1.000000,0.320000,28,0.580000,True,0.000000,1740
random,-1.000000,0.320000,29,0.580000,True,0.000000,1740
random,-1.000000,0.320000,30,0.580000,True,0.000000,1740
random,-1.000000,0.320000,31,0.560000,True,0.000000,1680
random,-1.000000,0.320000,32,0.580000,True,0.000000,1740
random,-1.000000,0.320000,33,0.560000,True,0.000000,1680
random,-1.000000,0.320000,34,0.560000,True,0.000000,1680
random,-1.000000,0.320000,35,0.560000,True,0.000000,1680
random,-1.000000,0.320000,36,0.580000,True,0.000000,1740
random,-1.000000,0.320000,37,0.560000,True,0.000000,1680
random,-1.000000,0.320000,38,0.580000,True,0.000000,1740
random,-1.000000,0.320000,39,0.560000,True,0.000000,1680
random,-1.000000,0.330000,0,0.600000,True,0.000000,1800
random,-1.000000,0.330000,1,0.580000,True,0.000000,1740
random,-1.000000,0.330000,2,0.600000,True,0.000000,1800
random,-1.000000,0.330000,3,0.600000,True,0.000000,1800
random,-1.000000,0.330000,4,0.600000,True,0.000000,1800
random,-1.000000,0.330000,5,0.580000,True,0.000000,1740
random,-1.000000,0.330000,6,0.580000,True,0.000000,1740
random,-1.000000,0.330000,7,0.600000,True,0.000000,1800
random,-1.000000,0.330000,8,0.600000,True,0.000000,1800
random,-1.000000,0.330000,9,0.580000,True,0.000000,1740
random,-1.000000,0.330000,10,0.600000,True,0.000000,1800
random,-1.000000,0.330000,11,0.580000,True,0.000000,1740
random,-1.000000,0.330000,12,0.600000,True,0.000000,1800
random,-1.000000,0.330000,13,0.600000,True,0.000000,1800
random,-1.000000,0.330000,14,0.580000,True,0.000000,1740
random,-1.000000,0.330000,15,0.600000,True,0.000000,1800
random,-1.000000,0.330000,16,0.600000,True,0.000000,1800
random,-1.000000,0.330000,17,0.600000,True,0.000000,1800
random,-1.000000,0.330000,18,0.580000,True,0.000000,1740
random,-1.000000,0.330000,19,0.580000,True,0.000000,1740
random,-1.000000,0.330000,20,0.580000,True,0.000000,1740
random,-1.000000,0.330000,21,0.600000,True,0.000000,1800
random,-1.000000,0.330000,22,0.580000,True,0.000000,1740
random,-1.000000,0.330000,23,0.580000,True,0.000000,1740
random,-1.000000,0.330000,24,0.580000,True,0.000000,1740
random,-1.000000,0.330000,25,0.600000,True,0.000000,1800
random,-1.000000,0.330000,26,0.580000,True,0.000000,1740
random,-1.000000,0.330000,27,0.600000,True,0.000000,1800
random,-1.000000,0.330000,28,0.580000,True,0.000000,1740
random,-1.000000,0.330000,29,0.600000,True,0.000000,1800
random,-1.000000,0.330000,30,0.600000,True,0.000000,1800
random,-1.000000,0.330000,31,0.580000,True,0.000000,1740
random,-1.000000,0.330000,32,0.600000,True,0.000000,1800
random,-1.000000,0.330000,33,0.580000,True,0.000000,1740
random,-1.000000,0.330000,34,0.600000,True,0.000000,1800
random,-1.000000,0.330000,35,0.580000,True,0.000000,1740
random,-1.000000,0.330000,36,0.620000,True,0.000000,1860
random,-1.000000,0.330000,37,0.600000,True,0.000000,1800
random,-1.000000,0.330000,38,0.580000,True,0.000000,1740
random,-1.000000,0.330000,39,0.600000,True,0.000000,1800
random,-1.000000,0.340000,0,0.620000,True,0.000000,1860
random,-1.000000,0.340000,1,0.600000,True,0.000000,1800
random,-1.000000,0.340000,2,0.620000,True,0.000000,1860
random,-1.000000,0.340000,3,0.620000,True,0.000000,1860
random,-1.000000,0.340000,4,0.620000,True,0.000000,1860
random,-1.000000,0.340000,5,0.620000,True,0.000000,1860
random,-1.000000,0.340000,6,0.600000,True,0.000000,1800
random,-1.000000,0.340000,7,0.600000,True,0.000000,1800
random,-1.000000,0.340000,8,0.620000,True,0.000000,1860
random,-1.000000,0.340000,9,0.600000,True,0.000000,1800
random,-1.000000,0.340000,10,0.620000,True,0.000000,1860
random,-1.000000,0.340000,11,0.600000,True,0.000000,1800
random,-1.000000,0.340000,12,0.620000,True,0.000000,1860
random,-1.000000,0.340000,13,0.600000,True,0.000000,1800
random,-1.000000,0.340000,14,0.600000,True,0.000000,1800
random,-1.000000,0.340000,15,0.600000,True,0.000000,1800
random,-1.000000,0.340000,16,0.600000,True,0.000000,1800
random,-1.000000,0.340000,17,0.620000,True,0.000000,1860
random,-1.000000,0.340000,18,0.620000,True,0.000000,1860
random,-1.000000,0.340000,19,0.600000,True,0.000000,1800
random,-1.000000,0.340000,20,0.620000,True,0.000000,1860
random,-1.000000,0.340000,21,0.620000,True,0.000000,1860
random,-1.000000,0.340000,22,0.600000,True,0.000000,1800
random,-1.000000,0.340000,23,0.600000,True,0.000000,1800
random,-1.000000,0.340000,24,0.600000,True,0.000000,1800
random,-1.000000,0.340000,25,0.620000,True,0.000000,1860
random,-1.000000,0.340000,26,0.620000,True,0.000000,1860
random,-1.000000,0.340000,27,0.600000,True,0.000000,1800
random,-1.000000,0.340000,28,0.620000,True,0.000000,1860
random,-1.000000,0.340000,29,0.600000,True,0.000000,1800
random,-1.000000,0.340000,30,0.600000,True,0.000000,1800
random,-1.000000,0.340000,31,0.600000,True,0.000000,1800
random,-1.000000,0.340000,32,0.620000,True,0.000000,1860
random,-1.000000,0.340000,33,0.620000,True,0.000000,1860
random,-1.000000,0.340000,34,0.600000,True,0.000000,1800
random,-1.000000,0.340000,35,0.600000,True,0.000000,1800
random,-1.000000,0.340000,36,0.620000,True,0.000000,1860
random,-1.000000,0.340000,37,0.620000,True,0.000000,1860
random,-1.000000,0.340000,38,0.620000,True,0.000000,1860
random,-1.000000,0.340000,39,0.600000,True,0.000000,1800
random,-1.000000,0.350000,0,0.620000,True,0.000000,1860
random,-1.000000,0.350000,1,0.640000,True,0.000000,1920
random,-1.000000,0.350000,2,0.640000,True,0.000000,1920
random,-1.000000,0.350000,3,0.640000,True,0.000000,1920
random,-1.000000,0.350000,4,0.620000,True,0.000000,1860
random,-1.000000,0.350000,5,0.640000,True,0.000000,1920
random,-1.000000,0.350000,6,0.640000,True,0.000000,1920
random,-1.000000,0.350000,7,0.620000,True,0.000000,1860
random,-1.000000,0.350000,8,0.620000,True,0.000000,1860
random,-1.000000,0.350000,9,0.640000,True,0.000000,1920
random,-1.000000,0.350000,10,0.620000,True,0.000000,1860
random,-1.000000,0.350000,11,0.640000,True,0.000000,1920
random,-1.000000,0.350000,12,0.640000,True,0.000000,1920
random,-1.000000,0.350000,13,0.620000,True,0.000000,1860
random,-1.000000,0.350000,14,0.620000,True,0.000000,1860
random,-1.000000,0.350000,15,0.620000,True,0.000000,1860
random,-1.000000,0.350000,16,0.620000,True,0.000000,1860
random,-1.000000,0.350000,17,0.620000,True,0.000000,1860
random,-1.000000,0.350000,18,0.620000,True,0.000000,1860
random,-1.000000,0.350000,19,0.640000,True,0.000000,1920
random,-1.000000,0.350000,20,0.620000,True,0.000000,1860
random,-1.000000,0.350000,21,0.620000,True,0.000000,1860
random,-1.000000,0.350000,22,0.620000,True,0.000000,1860
random,-1.000000,0.350000,23,0.620000,True,0.000000,1860
random,-1.000000,0.350000,24,0.640000,True,0.000000,1920
random,-1.000000,0.350000,25,0.620000,True,0.000000,1860
random,-1.000000,0.350000,26,0.620000,True,0.000000,1860
random,-1.000000,0.350000,27,0.620000,True,0.000000,1860
random,-1.000000,0.350000,28,0.620000,True,0.000000,1860
random,-1.000000,0.350000,29,0.620000,True,0.000000,1860
random,-1.000000,0.350000,30,0.620000,True,0.000000,1860
random,-1.000000,0.350000,31,0.620000,True,0.000000,1860
random,-1.000000,0.350000,32,0.640000,True,0.000000,1920
random,-1.000000,0.350000,33,0.620000,True,0.000000,1860
random,-1.000000,0.350000,34,0.620000,True,0.000000,1860
random,-1.000000,0.350000,35,0.640000,True,0.000000,1920
random,-1.000000,0.350000,36,0.620000,True,0.000000,1860
random,-1.000000,0.350000,37,0.640000,True,0.000000,1920
random,-1.000000,0.350000,38,0.620000,True,0.000000,1860
random,-1.000000,0.350000,39,0.620000,True,0.000000,1860
random,-1.000000,0.360000,0,0.640000,True,0.000000,1920
random,-1.000000,0.360000,1,0.640000,True,0.000000,1920
random,-1.000000,0.360000,2,0.660000,True,0.000000,1980
random,-1.000000,0.360000,3,0.660000,True,0.000000,1980
random,-1.000000,0.360000,4,0.660000,True,0.000000,1980
random,-1.000000,0.360000,5,0.640000,True,0.000000,1920
random,-1.000000,0.360000,6,0.640000,True,0.000000,1920
random,-1.000000,0.360000,7,0.660000,True,0.000000,1980
random,-1.000000,0.360000,8,0.640000,True,0.000000,1920
random,-1.000000,0.360000,9,0.660000,True,0.000000,1980
random,-1.000000,0.360000,10,0.660000,True,0.000000,1980
random,-1.000000,0.360000,11,0.640000,True,0.000000,1920
random,-1.000000,0.360000,12,0.660000,True,0.000000,1980
random,-1.000000,0.360000,13,0.660000,True,0.000000,1980
random,-1.000000,0.360000,14,0.640000,True,0.000000,1920
random,-1.000000,0.360000,15,0.640000,True,0.000000,1920
random,-1.000000,0.360000,16,0.640000,True,0.000000,1920
random,-1.000000,0.360000,17,0.660000,True,0.000000,1980
random,-1.000000,0.360000,18,0.660000,True,0.000000,1980
random,-1.000000,0.360000,19,0.640000,True,0.000000,1920
random,-1.000000,0.360000,20,0.640000,True,0.000000,1920
random,-1.000000,0.360000,21,0.640000,True,0.000000,1920
random,-1.000000,0.360000,22,0.640000,True,0.000000,1920
random,-1.000000,0.360000,23,0.660000,True,0.000000,1980
random,-1.000000,0.360000,24,0.660000,True,0.000000,1980
random,-1.000000,0.360000,25,0.660000,True,0.000000,1980
random,-1.000000,0.360000,26,0.660000,True,0.000000,1980
random,-1.000000,0.360000,27,0.640000,True,0.000000,1920
random,-1.000000,0.360000,28,0.640000,True,0.000000,1920
random,-1.000000,0.360000,29,0.640000,True,0.000000,1920
random,-1.000000,0.360000,30,0.640000,True,0.000000,1920
random,-1.000000,0.360000,31,0.640000,True,0.000000,1920
random,-1.000000,0.360000,32,0.640000,True,0.000000,1920
random,-1.000000,0.360000,33,0.640000,True,0.000000,1920
random,-1.000000,0.360000,34,0.660000,True,0.000000,1980
random,-1.000000,0.360000,35,0.640000,True,0.000000,1920
random,-1.000000,0.360000,36,0.640000,True,0.000000,1920
random,-1.000000,0.360000,37,0.660000,True,0.000000,1980
random,-1.000000,0.360000,38,0.640000,True,0.000000,1920
random,-1.000000,0.360000,39,0.660000,True,0.000000,1980
random,-1.000000,0.370000,0,0.660000,True,0.000000,1980
random,-1.000000,0.370000,1,0.660000,True,0.000000,1980
random,-1.000000,0.370000,2,0.680000,True,0.000000,2040
random,-1.000000,0.370000,3,0.660000,True,0.000000,1980
random,-1.000000,0.370000,4,0.680000,True,0.000000,2040
random,-1.000000,0.370000,5,0.660000,True,0.000000,1980
random,-1.000000,0.370000,6,0.660000,True,0.000000,1980
random,-1.000000,0.370000,7,0.660000,True,0.000000,1980
random,-1.000000,0.370000,8,0.660000,True,0.000000,1980
random,-1.000000,0.370000,9,0.680000,True,0.000000,2040
random,-1.000000,0.370000,10,0.660000,True,0.000000,1980
random,-1.000000,0.370000,11,0.660000,True,0.000000,1980
random,-1.000000,0.370000,12,0.660000,True,0.000000,1980
random,-1.000000,0.370000,13,0.660000,True,0.000000,1980
random,-1.000000,0.370000,14,0.660000,True,0.000000,1980
random,-1.000000,0.370000,15,0.660000,True,0.000000,1980
random,-1.000000,0.370000,16,0.640000,True,0.000000,1920
random,-1.000000,0.370000,17,0.680000,True,0.000000,2040
random,-1.000000,0.370000,18,0.660000,True,0.000000,1980
random,-1.000000,0.370000,19,0.680000,True,0.000000,2040
random,-1.000000,0.370000,20,0.660000,True,0.000000,1980
random,-1.000000,0.370000,21,0.660000,True,0.000000,1980
random,-1.000000,0.370000,22,0.680000,True,0.000000,2040
random,-1.000000,0.370000,23,0.660000,True,0.000000,1980
random,-1.000000,0.370000,24,0.660000,True,0.000000,1980
random,-1.000000,0.370000,25,0.660000,True,0.000000,1980
random,-1.000000,0.370000,26,0.660000,True,0.000000,1980
random,-1.000000,0.370000,27,0.680000,True,0.000000,2040
random,-1.000000,0.370000,28,0.660000,True,0.000000,1980
random,-1.000000,0.370000,29,0.680000,True,0.000000,2040
random,-1.000000,0.370000,30,0.640000,True,0.000000,1920
random,-1.000000,0.370000,31,0.660000,True,0.000000,1980
random,-1.000000,0.370000,32,0.660000,True,0.000000,1980
random,-1.000000,0.370000,33,0.660000,True,0.000000,1980
random,-1.000000,0.370000,34,0.660000,True,0.000000,1980
random,-1.000000,0.370000,35,0.640000,True,0.000000,1920
random,-1.000000,0.370000,36,0.680000,True,0.000000,2040
random,-1.000000,0.370000,37,0.680000,True,0.000000,2040
random,-1.000000,0.370000,38,0.700000,True,0.000000,2100
random,-1.000000,0.370000,39,0.660000,True,0.000000,1980
random,-1.000000,0.380000,0,0.680000,True,0.000000,2040
random,-1.000000,0.380000,1,0.680000,True,0.000000,2040
random,-1.000000,0.380000,2,0.700000,True,0.000000,2100
random,-1.000000,0.380000,3,0.680000,True,0.000000,2040
random,-1.000000,0.380000,4,0.680000,True,0.000000,2040
random,-1.000000,0.380000,5,0.680000,True,0.000000,2040
random,-1.000000,0.380000,6,0.680000,True,0.000000,2040
random,-1.000000,0.380000,7,0.660000,True,0.000000,1980
random,-1.000000,0.380000,8,0.680000,True,0.000000,2040
random,-1.000000,0.380000,9,0.680000,True,0.000000,2040
random,-1.000000,0.380000,10,0.700000,True,0.000000,2100
random,-1.000000,0.380000,11,0.680000,True,0.000000,2040
random,-1.000000,0.380000,12,0.680000,True,0.000000,2040
random,-1.000000,0.380000,13,0.680000,True,0.000000,2040
random,-1.000000,0.380000,14,0.680000,True,0.000000,2040
random,-1.000000,0.380000,15,0.680000,True,0.000000,2040
random,-1.000000,0.380000,16,0.680000,True,0.000000,2040
random,-1.000000,0.380000,17,0.700000,True,0.000000,2100
random,-1.000000,0.380000,18,0.700000,True,0.000000,2100
random,-1.000000,0.380000,19,0.680000,True,0.000000,2040
random,-1.000000,0.380000,20,0.680000,True,0.000000,2040
random,-1.000000,0.380000,21,0.700000,True,0.000000,2100
random,-1.000000,0.380000,22,0.680000,True,0.000000,2040
random,-1.000000,0.380000,23,0.680000,True,0.000000,2040
random,-1.000000,0.380000,24,0.680000,True,0.000000,2040
random,-1.000000,0.380000,25,0.680000,True,0.000000,2040
random,-1.000000,0.380000,26,0.680000,True,0.000000,2040
random,-1.000000,0.380000,27,0.680000,True,0.000000,2040
random,-1.000000,0.380000,28,0.700000,True,0.000000,2100
random,-1.000000,0.380000,29,0.680000,True,0.000000,2040
random,-1.000000,0.380000,30,0.680000,True,0.000000,2040
random,-1.000000,0.380000,31,0.700000,True,0.000000,2100
random,-1.000000,0.380000,32,0.680000,True,0.000000,2040
random,-1.000000,0.380000,33,0.680000,True,0.000000,2040
random,-1.000000,0.380000,34,0.680000,True,0.000000,2040
random,-1.000000,0.380000,35,0.680000,True,0.000000,2040
random,-1.000000,0.380000,36,0.680000,True,0.000000,2040
random,-1.000000,0.380000,37,0.680000,True,0.000000,2040
random,-1.000000,0.380000,38,0.700000,True,0.000000,2100
random,-1.000000,0.380000,39,0.700000,True,0.000000,2100
random,-1.000000,0.390000,0,0.700000,True,0.000000,2100
random,-1.000000,0.390000,1,0.700000,True,0.000000,2100
random,-1.000000,0.390000,2,0.700000,True,0.000000,2100
random,-1.000000,0.390000,3,0.700000,True,0.000000,2100
random,-1.000000,0.390000,4,0.700000,True,0.000000,2100
random,-1.000000,0.390000,5,0.700000,True,0.000000,2100
random,-1.000000,0.390000,6,0.680000,True,0.000000,2040
random,-1.000000,0.390000,7,0.700000,True,0.000000,2100
random,-1.000000,0.390000,8,0.680000,True,0.000000,2040
random,-1.000000,0.390000,9,0.680000,True,0.000000,2040
random,-1.000000,0.390000,10,0.700000,True,0.000000,2100
random,-1.000000,0.390000,11,0.700000,True,0.000000,2100
random,-1.000000,0.390000,12,0.700000,True,0.000000,2100
random,-1.000000,0.390000,13,0.700000,True,0.000000,2100
random,-1.000000,0.390000,14,0.680000,True,0.000000,2040
random,-1.000000,0.390000,15,0.700000,True,0.000000,2100
random,-1.000000,0.390000,16,0.700000,True,0.000000,2100
random,-1.000000,0.390000,17,0.700000,True,0.000000,2100
random,-1.000000,0.390000,18,0.700000,True,0.000000,2100
random,-1.000000,0.390000,19,0.750000,True,0.000000,2250
random,-1.000000,0.390000,20,0.700000,True,0.000000,2100
random,-1.000000,0.390000,21,0.700000,True,0.000000,2100
random,-1.000000,0.390000,22,0.680000,True,0.000000,2040
random,-1.000000,0.390000,23,0.700000,True,0.000000,2100
random,-1.000000,0.390000,24,0.700000,True,0.000000,2100
random,-1.000000,0.390000,25,0.750000,True,0.000000,2250
random,-1.000000,0.390000,26,0.700000,True,0.000000,2100
random,-1.000000,0.390000,27,0.700000,True,0.000000,2100
random,-1.000000,0.390000,28,0.700000,True,0.000000,2100
random,-1.000000,0.390000,29,0.700000,True,0.000000,2100
random,-1.000000,0.390000,30,0.700000,True,0.000000,2100
random,-1.000000,0.390000,31,0.700000,True,0.000000,2100
random,-1.000000,0.390000,32,0.700000,True,0.000000,2100
random,-1.000000,0.390000,33,0.750000,True,0.000000,2250
random,-1.000000,0.390000,34,0.700000,True,0.000000,2100
random,-1.000000,0.390000,35,0.700000,True,0.000000,2100
random,-1.000000,0.390000,36,0.700000,True,0.000000,2100
random,-1.000000,0.390000,37,0.700000,True,0.000000,2100
random,-1.000000,0.390000,38,0.700000,True,0.000000,2100
random,-1.000000,0.390000,39,0.700000,True,0.000000,2100
random,-1.000000,0.400000,0,0.700000,True,0.000000,2100
random,-1.000000,0.400000,1,0.700000,True,0.000000,2100
random,-1.000000,0.400000,2,0.750000,True,0.000000,2250
random,-1.000000,0.400000,3,0.750000,True,0.000000,2250
random,-1.000000,0.400000,4,0.700000,True,0.000000,2100
random,-1.000000,0.400000,5,0.750000,True,0.000000,2250
random,-1.000000,0.400000,6,0.700000,True,0.000000,2100
random,-1.000000,0.400000,7,0.700000,True,0.000000,2100
random,-1.000000,0.400000,8,0.700000,True,0.000000,2100
random,-1.000000,0.400000,9,0.750000,True,0.000000,2250
random,-1.000000,0.400000,10,0.700000,True,0.000000,2100
random,-1.000000,0.400000,11,0.700000,True,0.000000,2100
random,-1.000000,0.400000,12,0.750000,True,0.000000,2250
random,-1.000000,0.400000,13,0.700000,True,0.000000,2100
random,-1.000000,0.400000,14,0.750000,True,0.000000,2250
random,-1.000000,0.400000,15,0.700000,True,0.000000,2100
random,-1.000000,0.400000,16,0.700000,True,0.000000,2100
random,-1.000000,0.400000,17,0.700000,True,0.000000,2100
random,-1.000000,0.400000,18,0.750000,True,0.000000,2250
random,-1.000000,0.400000,19,0.750000,True,0.000000,2250
random,-1.000000,0.400000,20,0.750000,True,0.000000,2250
random,-1.000000,0.400000,21,0.750000,True,0.000000,2250
random,-1.000000,0.400000,22,0.700000,True,0.000000,2100
random,-1.000000,0.400000,23,0.700000,True,0.000000,2100
random,-1.000000,0.400000,24,0.750000,True,0.000000,2250
random,-1.000000,0.400000,25,0.750000,True,0.000000,2250
random,-1.000000,0.400000,26,0.700000,True,0.000000,2100
random,-1.000000,0.400000,27,0.700000,True,0.000000,2100
random,-1.000000,0.400000,28,0.750000,True,0.000000,2250
random,-1.000000,0.400000,29,0.700000,True,0.000000,2100
random,-1.000000,0.400000,30,0.700000,True,0.000000,2100
random,-1.000000,0.400000,31,0.750000,True,0.000000,2250
random,-1.000000,0.400000,32,0.750000,True,0.000000,2250
random,-1.000000,0.400000,33,0.750000,True,0.000000,2250
random,-1.000000,0.400000,34,0.750000,True,0.000000,2250
random,-1.000000,0.400000,35,0.750000,True,0.000000,2250
random,-1.000000,0.400000,36,0.700000,True,0.000000,2100
random,-1.000000,0.400000,37,0.750000,True,0.000000,2250
random,-1.000000,0.400000,38,0.750000,True,0.000000,2250
random,-1.000000,0.400000,39,0.750000,True,0.000000,2250
random,-1.000000,0.410000,0,0.750000,True,0.000000,2250
random,-1.000000,0.410000,1,0.750000,True,0.000000,2250
random,-1.000000,0.410000,2,0.750000,True,0.000000,2250
random,-1.000000,0.410000,3,0.750000,True,0.000000,2250
random,-1.000000,0.410000,4,0.750000,True,0.000000,2250
random,-1.000000,0.410000,5,0.750000,True,0.000000,2250
random,-1.000000,0.410000,6,0.750000,True,0.000000,2250
random,-1.000000,0.410000,7,0.750000,True,0.000000,2250
random,-1.000000,0.410000,8,0.750000,True,0.000000,2250
random,-1.000000,0.410000,9,0.750000,True,0.000000,2250
random,-1.000000,0.410000,10,0.750000,True,0.000000,2250
random,-1.000000,0.410000,11,0.700000,True,0.000000,2100
random,-1.000000,0.410000,12,0.750000,True,0.000000,2250
random,-1.000000,0.410000,13,0.750000,True,0.000000,2250
random,-1.000000,0.410000,14,0.750000,True,0.000000,2250
random,-1.000000,0.410000,15,0.750000,True,0.000000,2250
random,-1.000000,0.410000,16,0.750000,True,0.000000,2250
random,-1.000000,0.410000,17,0.750000,True,0.000000,2250
random,-1.000000,0.410000,18,0.750000,True,0.000000,2250
random,-1.000000,0.410000,19,0.750000,True,0.000000,2250
random,-1.000000,0.410000,20,0.750000,True,0.000000,2250
random,-1.000000,0.410000,21,0.750000,True,0.000000,2250
random,-1.000000,0.410000,22,0.750000,True,0.000000,2250
random,-1.000000,0.410000,23,0.750000,True,0.000000,2250
random,-1.000000,0.410000,24,0.750000,True,0.000000,2250
random,-1.000000,0.410000,25,0.750000,True,0.000000,2250
random,-1.000000,0.410000,26,0.750000,True,0.000000,2250
random,-1.000000,0.410000,27,0.750000,True,0.000000,2250
random,-1.000000,0.410000,28,0.750000,True,0.000000,2250
random,-1.000000,0.410000,29,0.750000,True,0.000000,2250
random,-1.000000,0.410000,30,0.750000,True,0.000000,2250
random,-1.000000,0.410000,31,0.750000,True,0.000000,2250
random,-1.000000,0.410000,32,0.750000,True,0.000000,2250
random,-1.000000,0.410000,33,0.750000,True,0.000000,2250
random,-1.000000,0.410000,34,0.750000,True,0.000000,2250
random,-1.000000,0.410000,35,0.750000,True,0.000000,2250
random,-1.000000,0.410000,36,0.750000,True,0.000000,2250
random,-1.000000,0.410000,37,0.750000,True,0.000000,2250
random,-1.000000,0.410000,38,0.750000,True,0.000000,2250
random,-1.000000,0.410000,39,0.750000,True,0.000000,2250
random,-1.000000,0.420000,0,0.750000,True,0.000000,2250
random,-1.000000,0.420000,1,0.750000,True,0.000000,2250
random,-1.000000,0.420000,2,0.750000,True,0.000000,2250
random,-1.000000,0.420000,3,0.750000,True,0.000000,2250
random,-1.000000,0.420000,4,0.800000,True,0.000000,2400
random,-1.000000,0.420000,5,0.750000,True,0.000000,2250
random,-1.000000,0.420000,6,0.750000,True,0.000000,2250
random,-1.000000,0.420000,7,0.750000,True,0.000000,2250
random,-1.000000,0.420000,8,0.750000,True,0.000000,2250
random,-1.000000,0.420000,9,0.750000,True,0.000000,2250
random,-1.000000,0.420000,10,0.750000,True,0.000000,2250
random,-1.000000,0.420000,11,0.750000,True,0.000000,2250
random,-1.000000,0.420000,12,0.750000,True,0.000000,2250
random,-1.000000,0.420000,13,0.750000,True,0.000000,2250
random,-1.000000,0.420000,14,0.750000,True,0.000000,2250
random,-1.000000,0.420000,15,0.750000,True,0.000000,2250
random,-1.000000,0.420000,16,0.750000,True,0.000000,2250
random,-1.000000,0.420000,17,0.750000,True,0.000000,2250
random,-1.000000,0.420000,18,0.750000,True,0.000000,2250
random,-1.000000,0.420000,19,0.750000,True,0.000000,2250
random,-1.000000,0.420000,20,0.750000,True,0.000000,2250
random,-1.000000,0.420000,21,0.800000,True,0.000000,2400
random,-1.000000,0.420000,22,0.750000,True,0.000000,2250
random,-1.000000,0.420000,23,0.750000,True,0.000000,2250
random,-1.000000,0.420000,24,0.750000,True,0.000000,2250
random,-1.000000,0.420000,25,0.750000,True,0.000000,2250
random,-1.000000,0.420000,26,0.750000,True,0.000000,2250
random,-1.000000,0.420000,27,0.750000,True,0.000000,2250
random,-1.000000,0.420000,28,0.750000,True,0.000000,2250
random,-1.000000,0.420000,29,0.750000,True,0.000000,2250
random,-1.000000,0.420000,30,0.750000,True,0.000000,2250
random,-1.000000,0.420000,31,0.750000,True,0.000000,2250
random,-1.000000,0.420000,32,0.750000,True,0.000000,2250
random,-1.000000,0.420000,33,0.750000,True,0.000000,2250
random,-1.000000,0.420000,34,0.750000,True,0.000000,2250
random,-1.000000,0.420000,35,0.750000,True,0.000000,2250
random,-1.000000,0.420000,36,0.750000,True,0.000000,2250
random,-1.000000,0.420000,37,0.750000,True,0.000000,2250
random,-1.000000,0.420000,38,0.750000,True,0.000000,2250
random,-1.000000,0.420000,39,0.750000,True,0.000000,2250
random,-1.000000,0.430000,0,0.750000,True,0.000000,2250
random,-1.000000,0.430000,1,0.750000,True,0.000000,2250
random,-1.000000,0.430000,2,0.750000,True,0.000000,2250
random,-1.000000,0.430000,3,0.800000,True,0.000000,2400
random,-1.000000,0.430000,4,0.800000,True,0.000000,2400
random,-1.000000,0.430000,5,0.750000,True,0.000000,2250
random,-1.000000,0.430000,6,0.750000,True,0.000000,2250
random,-1.000000,0.430000,7,0.750000,True,0.000000,2250
random,-1.000000,0.430000,8,0.750000,True,0.000000,2250
random,-1.000000,0.430000,9,0.800000,True,0.000000,2400
random,-1.000000,0.430000,10,0.800000,True,0.000000,2400
random,-1.000000,0.430000,11,0.800000,True,0.000000,2400
random,-1.000000,0.430000,12,0.750000,True,0.000000,2250
random,-1.000000,0.430000,13,0.800000,True,0.000000,2400
random,-1.000000,0.430000,14,0.750000,True,0.000000,2250
random,-1.000000,0.430000,15,0.750000,True,0.000000,2250
random,-1.000000,0.430000,16,0.750000,True,0.000000,2250
random,-1.000000,0.430000,17,0.750000,True,0.000000,2250
random,-1.000000,0.430000,18,0.800000,True,0.000000,2400
random,-1.000000,0.430000,19,0.750000,True,0.000000,2250
random,-1.000000,0.430000,20,0.750000,True,0.000000,2250
random,-1.000000,0.430000,21,0.800000,True,0.000000,2400
random,-1.000000,0.430000,22,0.750000,True,0.000000,2250
random,-1.000000,0.430000,23,0.750000,True,0.000000,2250
random,-1.000000,0.430000,24,0.750000,True,0.000000,2250
random,-1.000000,0.430000,25,0.750000,True,0.000000,2250
random,-1.000000,0.430000,26,0.750000,True,0.000000,2250
random,-1.000000,0.430000,27,0.750000,True,0.000000,2250
random,-1.000000,0.430000,28,0.750000,True,0.000000,2250
random,-1.000000,0.430000,29,0.750000,True,0.000000,2250
random,-1.000000,0.430000,30,0.750000,True,0.000000,2250
random,-1.000000,0.430000,31,0.800000,True,0.000000,2400
random,-1.000000,0.430000,32,0.750000,True,0.000000,2250
random,-1.000000,0.430000,33,0.750000,True,0.000000,2250
random,-1.000000,0.430000,34,0.750000,True,0.000000,2250
random,-1.000000,0.430000,35,0.750000,True,0.000000,2250
random,-1.000000,0.430000,36,0.750000,True,0.000000,2250
random,-1.000000,0.430000,37,0.800000,True,0.000000,2400
random,-1.000000,0.430000,38,0.800000,True,0.000000,2400
random,-1.000000,0.430000,39,0.800000,True,0.000000,2400
random,-1.000000,0.440000,0,0.750000,True,0.000000,2250
random,-1.000000,0.440000,1,0.800000,True,0.000000,2400
random,-1.000000,0.440000,2,0.750000,True,0.000000,2250
random,-1.000000,0.440000,3,0.800000,True,0.000000,2400
random,-1.000000,0.440000,4,0.800000,True,0.000000,2400
random,-1.000000,0.440000,5,0.800000,True,0.000000,2400
random,-1.000000,0.440000,6,0.750000,True,0.000000,2250
random,-1.000000,0.440000,7,0.800000,True,0.000000,2400
random,-1.000000,0.440000,8,0.800000,True,0.000000,2400
random,-1.000000,0.440000,9,0.800000,True,0.000000,2400
random,-1.000000,0.440000,10,0.800000,True,0.000000,2400
random,-1.000000,0.440000,11,0.800000,True,0.000000,2400
random,-1.000000,0.440000,12,0.800000,True,0.000000,2400
random,-1.000000,0.440000,13,0.800000,True,0.000000,2400
random,-1.000000,0.440000,14,0.800000,True,0.000000,2400
random,-1.000000,0.440000,15,0.750000,True,0.000000,2250
random,-1.000000,0.440000,16,0.800000,True,0.000000,2400
random,-1.000000,0.440000,17,0.800000,True,0.000000,2400
random,-1.000000,0.440000,18,0.800000,True,0.000000,2400
random,-1.000000,0.440000,19,0.800000,True,0.000000,2400
random,-1.000000,0.440000,20,0.800000,True,0.000000,2400
random,-1.000000,0.440000,21,0.800000,True,0.000000,2400
random,-1.000000,0.440000,22,0.750000,True,0.000000,2250
random,-1.000000,0.440000,23,0.800000,True,0.000000,2400
random,-1.000000,0.440000,24,0.800000,True,0.000000,2400
random,-1.000000,0.440000,25,0.750000,True,0.000000,2250
random,-1.000000,0.440000,26,0.750000,True,0.000000,2250
random,-1.000000,0.440000,27,0.800000,True,0.000000,2400
random,-1.000000,0.440000,28,0.800000,True,0.000000,2400
random,-1.000000,0.440000,29,0.750000,True,0.000000,2250
random,-1.000000,0.440000,30,0.800000,True,0.000000,2400
random,-1.000000,0.440000,31,0.800000,True,0.000000,2400
random,-1.000000,0.440000,32,0.800000,True,0.000000,2400
random,-1.000000,0.440000,33,0.750000,True,0.000000,2250
random,-1.000000,0.440000,34,0.800000,True,0.000000,2400
random,-1.000000,0.440000,35,0.800000,True,0.000000,2400
random,-1.000000,0.440000,36,0.800000,True,0.000000,2400
random,-1.000000,0.440000,37,0.800000,True,0.000000,2400
random,-1.000000,0.440000,38,0.800000,True,0.000000,2400
random,-1.000000,0.440000,39,0.800000,True,0.000000,2400
random,-1.000000,0.450000,0,0.800000,True,0.000000,2400
random,-1.000000,0.450000,1,0.800000,True,0.000000,2400
random,-1.000000,0.450000,2,0.800000,True,0.000000,2400
random,-1.000000,0.450000,3,0.850000,True,0.000000,2550
random,-1.000000,0.450000,4,0.800000,True,0.000000,2400
random,-1.000000,0.450000,5,0.800000,True,0.000000,2400
random,-1.000000,0.450000,6,0.800000,True,0.000000,2400
random,-1.000000,0.450000,7,0.800000,True,0.000000,2400
random,-1.000000,0.450000,8,0.800000,True,0.000000,2400
random,-1.000000,0.450000,9,0.800000,True,0.000000,2400
random,-1.000000,0.450000,10,0.800000,True,0.000000,2400
random,-1.000000,0.450000,11,0.800000,True,0.000000,2400
random,-1.000000,0.450000,12,0.800000,True,0.000000,2400
random,-1.000000,0.450000,13,0.800000,True,0.000000,2400
random,-1.000000,0.450000,14,0.800000,True,0.000000,2400
random,-1.000000,0.450000,15,0.750000,True,0.000000,2250
random,-1.000000,0.450000,16,0.800000,True,0.000000,2400
random,-1.000000,0.450000,17,0.800000,True,0.000000,2400
random,-1.000000,0.450000,18,0.800000,True,0.000000,2400
random,-1.000000,0.450000,19,0.800000,True,0.000000,2400
random,-1.000000,0.450000,20,0.800000,True,0.000000,2400
random,-1.000000,0.450000,21,0.800000,True,0.000000,2400
random,-1.000000,0.450000,22,0.800000,True,0.000000,2400
random,-1.000000,0.450000,23,0.800000,True,0.000000,2400
random,-1.000000,0.450000,24,0.800000,True,0.000000,2400
random,-1.000000,0.450000,25,0.800000,True,0.000000,2400
random,-1.000000,0.450000,26,0.800000,True,0.000000,2400
random,-1.000000,0.450000,27,0.800000,True,0.000000,2400
random,-1.000000,0.450000,28,0.800000,True,0.000000,2400
random,-1.000000,0.450000,29,0.800000,True,0.000000,2400
random,-1.000000,0.450000,30,0.800000,True,0.000000,2400
random,-1.000000,0.450000,31,0.800000,True,0.000000,2400
random,-1.000000,0.450000,32,0.800000,True,0.000000,2400
random,-1.000000,0.450000,33,0.800000,True,0.000000,2400
random,-1.000000,0.450000,34,0.800000,True,0.000000,2400
random,-1.000000,0.450000,35,0.800000,True,0.000000,2400
random,-1.000000,0.450000,36,0.800000,True,0.000000,2400
random,-1.000000,0.450000,37,0.800000,True,0.000000,2400
random,-1.000000,0.450000,38,0.800000,True,0.000000,2400
random,-1.000000,0.450000,39,0.800000,True,0.000000,2400
random,-1.000000,0.460000,0,0.800000,True,0.000000,2400
random,-1.000000,0.460000,1,0.800000,True,0.000000,2400
random,-1.000000,0.460000,2,0.800000,True,0.000000,2400
random,-1.000000,0.460000,3,0.850000,True,0.000000,2550
random,-1.000000,0.460000,4,0.800000,True,0.000000,2400
random,-1.000000,0.460000,5,0.800000,True,0.000000,2400
random,-1.000000,0.460000,6,0.800000,True,0.000000,2400
random,-1.000000,0.460000,7,0.800000,True,0.000000,2400
random,-1.000000,0.460000,8,0.800000,True,0.000000,2400
random,-1.000000,0.460000,9,0.800000,True,0.000000,2400
random,-1.000000,0.460000,10,0.800000,True,0.000000,2400
random,-1.000000,0.460000,11,0.800000,True,0.000000,2400
random,-1.000000,0.460000,12,0.850000,True,0.000000,2550
random,-1.000000,0.460000,13,0.800000,True,0.000000,2400
random,-1.000000,0.460000,14,0.800000,True,0.000000,2400
random,-1.000000,0.460000,15,0.800000,True,0.000000,2400
random,-1.000000,0.460000,16,0.800000,True,0.000000,2400
random,-1.000000,0.460000,17,0.800000,True,0.000000,2400
random,-1.000000,0.460000,18,0.800000,True,0.000000,2400
random,-1.000000,0.460000,19,0.800000,True,0.000000,2400
random,-1.000000,0.460000,20,0.800000,True,0.000000,2400
random,-1.000000,0.460000,21,0.800000,True,0.000000,2400
random,-1.000000,0.460000,22,0.800000,True,0.000000,2400
random,-1.000000,0.460000,23,0.800000,True,0.000000,2400
random,-1.000000,0.460000,24,0.850000,True,0.000000,2550
random,-1.000000,0.460000,25,0.800000,True,0.000000,2400
random,-1.000000,0.460000,26,0.800000,True,0.000000,2400
random,-1.000000,0.460000,27,0.800000,True,0.000000,2400
random,-1.000000,0.460000,28,0.800000,True,0.000000,2400
random,-1.000000,0.460000,29,0.850000,True,0.000000,2550
random,-1.000000,0.460000,30,0.800000,True,0.000000,2400
random,-1.000000,0.460000,31,0.800000,True,0.000000,2400
random,-1.000000,0.460000,32,0.850000,True,0.000000,2550
random,-1.000000,0.460000,33,0.850000,True,0.000000,2550
random,-1.000000,0.460000,34,0.800000,True,0.000000,2400
random,-1.000000,0.460000,35,0.800000,True,0.000000,2400
random,-1.000000,0.460000,36,0.800000,True,0.000000,2400
random,-1.000000,0.460000,37,0.800000,True,0.000000,2400
random,-1.000000,0.460000,38,0.850000,True,0.000000,2550
random,-1.000000,0.460000,39,0.800000,True,0.000000,2400
random,-1.000000,0.470000,0,0.850000,True,0.000000,2550
random,-1.000000,0.470000,1,0.850000,True,0.000000,2550
random,-1.000000,0.470000,2,0.850000,True,0.000000,2550
random,-1.000000,0.470000,3,0.850000,True,0.000000,2550
random,-1.000000,0.470000,4,0.850000,True,0.000000,2550
random,-1.000000,0.470000,5,0.800000,True,0.000000,2400
random,-1.000000,0.470000,6,0.800000,True,0.000000,2400
random,-1.000000,0.470000,7,0.850000,True,0.000000,2550
random,-1.000000,0.470000,8,0.800000,True,0.000000,2400
random,-1.000000,0.470000,9,0.800000,True,0.000000,2400
random,-1.000000,0.470000,10,0.800000,True,0.000000,2400
random,-1.000000,0.470000,11,0.800000,True,0.000000,2400
random,-1.000000,0.470000,12,0.850000,True,0.000000,2550
random,-1.000000,0.470000,13,0.800000,True,0.000000,2400
random,-1.000000,0.470000,14,0.800000,True,0.000000,2400
random,-1.000000,0.470000,15,0.850000,True,0.000000,2550
random,-1.000000,0.470000,16,0.800000,True,0.000000,2400
random,-1.000000,0.470000,17,0.800000,True,0.000000,2400
random,-1.000000,0.470000,18,0.800000,True,0.000000,2400
random,-1.000000,0.470000,19,0.800000,True,0.000000,2400
random,-1.000000,0.470000,20,0.800000,True,0.000000,2400
random,-1.000000,0.470000,21,0.800000,True,0.000000,2400
random,-1.000000,0.470000,22,0.800000,True,0.000000,2400
random,-1.000000,0.470000,23,0.800000,True,0.000000,2400
random,-1.000000,0.470000,24,0.850000,True,0.000000,2550
random,-1.000000,0.470000,25,0.800000,True,0.000000,2400
random,-1.000000,0.470000,26,0.850000,True,0.000000,2550
random,-1.000000,0.470000,27,0.850000,True,0.000000,2550
random,-1.000000,0.470000,28,0.800000,True,0.000000,2400
random,-1.000000,0.470000,29,0.850000,True,0.000000,2550
random,-1.000000,0.470000,30,0.800000,True,0.000000,2400
random,-1.000000,0.470000,31,0.800000,True,0.000000,2400
random,-1.000000,0.470000,32,0.850000,True,0.000000,2550
random,-1.000000,0.470000,33,0.850000,True,0.000000,2550
random,-1.000000,0.470000,34,0.800000,True,0.000000,2400
random,-1.000000,0.470000,35,0.800000,True,0.000000,2400
random,-1.000000,0.470000,36,0.800000,True,0.000000,2400
random,-1.000000,0.470000,37,0.850000,True,0.000000,2550
random,-1.000000,0.470000,38,0.900000,True,0.000000,2700
random,-1.000000,0.470000,39,0.800000,True,0.000000,2400
random,-1.000000,0.480000,0,0.850000,True,0.000000,2550
random,-1.000000,0.480000,1,0.850000,True,0.000000,2550
random,-1.000000,0.480000,2,0.850000,True,0.000000,2550
random,-1.000000,0.480000,3,0.850000,True,0.000000,2550
random,-1.000000,0.480000,4,0.850000,True,0.000000,2550
random,-1.000000,0.480000,5,0.800000,True,0.000000,2400
random,-1.000000,0.480000,6,0.800000,True,0.000000,2400
random,-1.000000,0.480000,7,0.850000,True,0.000000,2550
random,-1.000000,0.480000,8,0.800000,True,0.000000,2400
random,-1.000000,0.480000,9,0.800000,True,0.000000,2400
random,-1.000000,0.480000,10,0.800000,True,0.000000,2400
random,-1.000000,0.480000,11,0.800000,True,0.000000,2400
random,-1.000000,0.480000,12,0.850000,True,0.000000,2550
random,-1.000000,0.480000,13,0.800000,True,0.000000,2400
random,-1.000000,0.480000,14,0.800000,True,0.000000,2400
random,-1.000000,0.480000,15,0.850000,True,0.000000,2550
random,-1.000000,0.480000,16,0.850000,True,0.000000,2550
random,-1.000000,0.480000,17,0.850000,True,0.000000,2550
random,-1.000000,0.480000,18,0.800000,True,0.000000,2400
random,-1.000000,0.480000,19,0.800000,True,0.000000,2400
random,-1.000000,0.480000,20,0.800000,True,0.000000,2400
random,-1.000000,0.480000,21,0.800000,True,0.000000,2400
random,-1.000000,0.480000,22,0.800000,True,0.000000,2400
random,-1.000000,0.480000,23,0.850000,True,0.000000,2550
random,-1.000000,0.480000,24,0.850000,True,0.000000,2550
random,-1.000000,0.480000,25,0.850000,True,0.000000,2550
random,-1.000000,0.480000,26,0.850000,True,0.000000,2550
random,-1.000000,0.480000,27,0.850000,True,0.000000,2550
random,-1.000000,0.480000,28,0.800000,True,0.000000,2400
random,-1.000000,0.480000,29,0.850000,True,0.000000,2550
random,-1.000000,0.480000,30,0.800000,True,0.000000,2400
random,-1.000000,0.480000,31,0.800000,True,0.000000,2400
random,-1.000000,0.480000,32,0.850000,True,0.000000,2550
random,-1.000000,0.480000,33,0.850000,True,0.000000,2550
random,-1.000000,0.480000,34,0.850000,True,0.000000,2550
random,-1.000000,0.480000,35,0.850000,True,0.000000,2550
random,-1.000000,0.480000,36,0.800000,True,0.000000,2400
random,-1.000000,0.480000,37,0.850000,True,0.000000,2550
random,-1.000000,0.480000,38,0.900000,True,0.000000,2700
random,-1.000000,0.480000,39,0.850000,True,0.000000,2550
random,-1.000000,0.490000,0,0.850000,True,0.000000,2550
random,-1.000000,0.490000,1,0.850000,True,0.000000,2550
random,-1.000000,0.490000,2,0.850000,True,0.000000,2550
random,-1.000000,0.490000,3,0.900000,True,0.000000,2700
random,-1.000000,0.490000,4,0.850000,True,0.000000,2550
random,-1.000000,0.490000,5,0.850000,True,0.000000,2550
random,-1.000000,0.490000,6,0.850000,True,0.000000,2550
random,-1.000000,0.490000,7,0.850000,True,0.000000,2550
random,-1.000000,0.490000,8,0.850000,True,0.000000,2550
random,-1.000000,0.490000,9,0.850000,True,0.000000,2550
random,-1.000000,0.490000,10,0.850000,True,0.000000,2550
random,-1.000000,0.490000,11,0.800000,True,0.000000,2400
random,-1.000000,0.490000,12,0.850000,True,0.000000,2550
random,-1.000000,0.490000,13,0.800000,True,0.000000,2400
random,-1.000000,0.490000,14,0.850000,True,0.000000,2550
random,-1.000000,0.490000,15,0.850000,True,0.000000,2550
random,-1.000000,0.490000,16,0.850000,True,0.000000,2550
random,-1.000000,0.490000,17,0.850000,True,0.000000,2550
random,-1.000000,0.490000,18,0.800000,True,0.000000,2400
random,-1.000000,0.490000,19,0.850000,True,0.000000,2550
random,-1.000000,0.490000,20,0.850000,True,0.000000,2550
random,-1.000000,0.490000,21,0.850000,True,0.000000,2550
random,-1.000000,0.490000,22,0.850000,True,0.000000,2550
random,-1.000000,0.490000,23,0.850000,True,0.000000,2550
random,-1.000000,0.490000,24,0.850000,True,0.000000,2550
random,-1.000000,0.490000,25,0.850000,True,0.000000,2550
random,-1.000000,0.490000,26,0.850000,True,0.000000,2550
random,-1.000000,0.490000,27,0.850000,True,0.000000,2550
random,-1.000000,0.490000,28,0.850000,True,0.000000,2550
random,-1.000000,0.490000,29,0.850000,True,0.000000,2550
random,-1.000000,0.490000,30,0.850000,True,0.000000,2550
random,-1.000000,0.490000,31,0.800000,True,0.000000,2400
random,-1.000000,0.490000,32,0.900000,True,0.000000,2700
random,-1.000000,0.490000,33,0.850000,True,0.000000,2550
random,-1.000000,0.490000,34,0.850000,True,0.000000,2550
random,-1.000000,0.490000,35,0.850000,True,0.000000,2550
random,-1.000000,0.490000,36,0.850000,True,0.000000,2550
random,-1.000000,0.490000,37,0.850000,True,0.000000,2550
random,-1.000000,0.490000,38,0.900000,True,0.000000,2700
random,-1.000000,0.490000,39,0.850000,True,0.000000,2550
random,-1.000000,0.500000,0,0.850000,True,0.000000,2550
random,-1.000000,0.500000,1,0.850000,True,0.000000,2550
random,-1.000000,0.500000,2,0.850000,True,0.000000,2550
random,-1.000000,0.500000,3,0.900000,True,0.000000,2700
random,-1.000000,0.500000,4,0.850000,True,0.000000,2550
random,-1.000000,0.500000,5,0.850000,True,0.000000,2550
random,-1.000000,0.500000,6,0.850000,True,0.000000,2550
random,-1.000000,0.500000,7,0.850000,True,0.000000,2550
random,-1.000000,0.500000,8,0.850000,True,0.000000,2550
random,-1.000000,0.500000,9,0.850000,True,0.000000,2550
random,-1.000000,0.500000,10,0.850000,True,0.000000,2550
random,-1.000000,0.500000,11,0.850000,True,0.000000,2550
random,-1.000000,0.500000,12,0.850000,True,0.000000,2550
random,-1.000000,0.500000,13,0.800000,True,0.000000,2400
random,-1.000000,0.500000,14,0.850000,True,0.000000,2550
random,-1.000000,0.500000,15,0.850000,True,0.000000,2550
random,-1.000000,0.500000,16,0.850000,True,0.000000,2550
random,-1.000000,0.500000,17,0.850000,True,0.000000,2550
random,-1.000000,0.500000,18,0.850000,True,0.000000,2550
random,-1.000000,0.500000,19,0.900000,True,0.000000,2700
random,-1.000000,0.500000,20,0.850000,True,0.000000,2550
random,-1.000000,0.500000,21,0.850000,True,0.000000,2550
random,-1.000000,0.500000,22,0.900000,True,0.000000,2700
random,-1.000000,0.500000,23,0.850000,True,0.000000,2550
random,-1.000000,0.500000,24,0.850000,True,0.000000,2550
random,-1.000000,0.500000,25,0.850000,True,0.000000,2550
random,-1.000000,0.500000,26,0.850000,True,0.000000,2550
random,-1.000000,0.500000,27,0.850000,True,0.000000,2550
random,-1.000000,0.500000,28,0.850000,True,0.000000,2550
random,-1.000000,0.500000,29,0.850000,True,0.000000,2550
random,-1.000000,0.500000,30,0.850000,True,0.000000,2550
random,-1.000000,0.500000,31,0.850000,True,0.000000,2550
random,-1.000000,0.500000,32,0.900000,True,0.000000,2700
random,-1.000000,0.500000,33,0.850000,True,0.000000,2550
random,-1.000000,0.500000,34,0.850000,True,0.000000,2550
random,-1.000000,0.500000,35,0.850000,True,0.000000,2550
random,-1.000000,0.500000,36,0.850000,True,0.000000,2550
random,-1.000000,0.500000,37,0.850000,True,0.000000,2550
random,-1.000000,0.500000,38,0.900000,True,0.000000,2700
random,-1.000000,0.500000,39,0.850000,True,0.000000,2550
random,-1.000000,0.510000,0,0.850000,True,0.000000,2550
random,-1.000000,0.510000,1,0.900000,True,0.000000,2700
random,-1.000000,0.510000,2,0.850000,True,0.000000,2550
random,-1.000000,0.510000,3,0.900000,True,0.000000,2700
random,-1.000000,0.510000,4,0.850000,True,0.000000,2550
random,-1.000000,0.510000,5,0.850000,True,0.000000,2550
random,-1.000000,0.510000,6,0.850000,True,0.000000,2550
random,-1.000000,0.510000,7,0.850000,True,0.000000,2550
random,-1.000000,0.510000,8,0.850000,True,0.000000,2550
random,-1.000000,0.510000,9,0.850000,True,0.000000,2550
random,-1.000000,0.510000,10,0.850000,True,0.000000,2550
random,-1.000000,0.510000,11,0.850000,True,0.000000,2550
random,-1.000000,0.510000,12,0.850000,True,0.000000,2550
random,-1.000000,0.510000,13,0.850000,True,0.000000,2550
random,-1.000000,0.510000,14,0.850000,True,0.000000,2550
random,-1.000000,0.510000,15,0.850000,True,0.000000,2550
random,-1.000000,0.510000,16,0.850000,True,0.000000,2550
random,-1.000000,0.510000,17,0.850000,True,0.000000,2550
random,-1.000000,0.510000,18,0.850000,True,0.000000,2550
random,-1.000000,0.510000,19,0.900000,True,0.000000,2700
random,-1.000000,0.510000,20,0.850000,True,0.000000,2550
random,-1.000000,0.510000,21,0.900000,True,0.000000,2700
random,-1.000000,0.510000,22,0.900000,True,0.000000,2700
random,-1.000000,0.510000,23,0.850000,True,0.000000,2550
random,-1.000000,0.510000,24,0.850000,True,0.000000,2550
random,-1.000000,0.510000,25,0.850000,True,0.000000,2550
random,-1.000000,0.510000,26,0.850000,True,0.000000,2550
random,-1.000000,0.510000,27,0.850000,True,0.000000,2550
random,-1.000000,0.510000,28,0.850000,True,0.000000,2550
random,-1.000000,0.510000,29,0.850000,True,0.000000,2550
random,-1.000000,0.510000,30,0.850000,True,0.000000,2550
random,-1.000000,0.510000,31,0.850000,True,0.000000,2550
random,-1.000000,0.510000,32,0.900000,True,0.000000,2700
random,-1.000000,0.510000,33,0.850000,True,0.000000,2550
random,-1.000000,0.510000,34,0.850000,True,0.000000,2550
random,-1.000000,0.510000,35,0.850000,True,0.000000,2550
random,-1.000000,0.510000,36,0.850000,True,0.000000,2550
random,-1.000000,0.510000,37,0.850000,True,0.000000,2550
random,-1.000000,0.510000,38,0.900000,True,0.000000,2700
random,-1.000000,0.510000,39,0.900000,True,0.000000,2700
random,-1.000000,0.520000,0,0.850000,True,0.000000,2550
random,-1.000000,0.520000,1,0.900000,True,0.000000,2700
random,-1.000000,0.520000,2,0.850000,True,0.000000,2550
random,-1.000000,0.520000,3,0.900000,True,0.000000,2700
random,-1.000000,0.520000,4,0.900000,True,0.000000,2700
random,-1.000000,0.520000,5,0.850000,True,0.000000,2550
random,-1.000000,0.520000,6,0.850000,True,0.000000,2550
random,-1.000000,0.520000,7,0.850000,True,0.000000,2550
random,-1.000000,0.520000,8,0.900000,True,0.000000,2700
random,-1.000000,0.520000,9,0.850000,True,0.000000,2550
random,-1.000000,0.520000,10,0.900000,True,0.000000,2700
random,-1.000000,0.520000,11,0.850000,True,0.000000,2550
random,-1.000000,0.520000,12,0.850000,True,0.000000,2550
random,-1.000000,0.520000,13,0.850000,True,0.000000,2550
random,-1.000000,0.520000,14,0.850000,True,0.000000,2550
random,-1.000000,0.520000,15,0.900000,True,0.000000,2700
random,-1.000000,0.520000,16,0.850000,True,0.000000,2550
random,-1.000000,0.520000,17,0.850000,True,0.000000,2550
random,-1.000000,0.520000,18,0.900000,True,0.000000,2700
random,-1.000000,0.520000,19,0.900000,True,0.000000,2700
random,-1.000000,0.520000,20,0.850000,True,0.000000,2550
random,-1.000000,0.520000,21,0.900000,True,0.000000,2700
random,-1.000000,0.520000,22,0.900000,True,0.000000,2700
random,-1.000000,0.520000,23,0.850000,True,0.000000,2550
random,-1.000000,0.520000,24,0.900000,True,0.000000,2700
random,-1.000000,0.520000,25,0.850000,True,0.000000,2550
random,-1.000000,0.520000,26,0.850000,True,0.000000,2550
random,-1.000000,0.520000,27,0.850000,True,0.000000,2550
random,-1.000000,0.520000,28,0.850000,True,0.000000,2550
random,-1.000000,0.520000,29,0.850000,True,0.000000,2550
random,-1.000000,0.520000,30,0.850000,True,0.000000,2550
random,-1.000000,0.520000,31,0.850000,True,0.000000,2550
random,-1.000000,0.520000,32,0.900000,True,0.000000,2700
random,-1.000000,0.520000,33,0.850000,True,0.000000,2550
random,-1.000000,0.520000,34,0.900000,True,0.000000,2700
random,-1.000000,0.520000,35,0.850000,True,0.000000,2550
random,-1.000000,0.520000,36,0.850000,True,0.000000,2550
random,-1.000000,0.520000,37,0.850000,True,0.000000,2550
random,-1.000000,0.520000,38,0.900000,True,0.000000,2700
random,-1.000000,0.520000,39,0.900000,True,0.000000,2700
random,-1.000000,0.530000,0,0.900000,True,0.000000,2700
random,-1.000000,0.530000,1,0.900000,True,0.000000,2700
random,-1.000000,0.530000,2,0.850000,True,0.000000,2550
random,-1.000000,0.530000,3,0.900000,True,0.000000,2700
random,-1.000000,0.530000,4,0.900000,True,0.000000,2700
random,-1.000000,0.530000,5,0.900000,True,0.000000,2700
random,-1.000000,0.530000,6,0.850000,True,0.000000,2550
random,-1.000000,0.530000,7,0.900000,True,0.000000,2700
random,-1.000000,0.530000,8,0.900000,True,0.000000,2700
random,-1.000000,0.530000,9,0.850000,True,0.000000,2550
random,-1.000000,0.530000,10,0.900000,True,0.000000,2700
random,-1.000000,0.530000,11,0.850000,True,0.000000,2550
random,-1.000000,0.530000,12,0.850000,True,0.000000,2550
random,-1.000000,0.530000,13,0.850000,True,0.000000,2550
random,-1.000000,0.530000,14,0.850000,True,0.000000,2550
random,-1.000000,0.530000,15,0.900000,True,0.000000,2700
random,-1.000000,0.530000,16,0.900000,True,0.000000,2700
random,-1.000000,0.530000,17,0.850000,True,0.000000,2550
random,-1.000000,0.530000,18,0.900000,True,0.000000,2700
random,-1.000000,0.530000,19,0.900000,True,0.000000,2700
random,-1.000000,0.530000,20,0.850000,True,0.000000,2550
random,-1.000000,0.530000,21,0.900000,True,0.000000,2700
random,-1.000000,0.530000,22,0.900000,True,0.000000,2700
random,-1.000000,0.530000,23,0.900000,True,0.000000,2700
random,-1.000000,0.530000,24,0.900000,True,0.000000,2700
random,-1.000000,0.530000,25,0.900000,True,0.000000,2700
random,-1.000000,0.530000,26,0.900000,True,0.000000,2700
random,-1.000000,0.530000,27,0.900000,True,0.000000,2700
random,-1.000000,0.530000,28,0.850000,True,0.000000,2550
random,-1.000000,0.530000,29,0.850000,True,0.000000,2550
random,-1.000000,0.530000,30,0.900000,True,0.000000,2700
random,-1.000000,0.530000,31,0.850000,True,0.000000,2550
random,-1.000000,0.530000,32,0.900000,True,0.000000,2700
random,-1.000000,0.530000,33,0.900000,True,0.000000,2700
random,-1.000000,0.530000,34,0.900000,True,0.000000,2700
random,-1.000000,0.530000,35,0.900000,True,0.000000,2700
random,-1.000000,0.530000,36,0.850000,True,0.000000,2550
random,-1.000000,0.530000,37,0.900000,True,0.000000,2700
random,-1.000000,0.530000,38,0.900000,True,0.000000,2700
random,-1.000000,0.530000,39,0.900000,True,0.000000,2700
random,-1.000000,0.540000,0,0.900000,True,0.000000,2700
random,-1.000000,0.540000,1,0.900000,True,0.000000,2700
random,-1.000000,0.540000,2,0.850000,True,0.000000,2550
random,-1.000000,0.540000,3,0.900000,True,0.000000,2700
random,-1.000000,0.540000,4,0.900000,True,0.000000,2700
random,-1.000000,0.540000,5,0.900000,True,0.000000,2700
random,-1.000000,0.540000,6,0.900000,True,0.000000,2700
random,-1.000000,0.540000,7,0.900000,True,0.000000,2700
random,-1.000000,0.540000,8,0.900000,True,0.000000,2700
random,-1.000000,0.540000,9,0.850000,True,0.000000,2550
random,-1.000000,0.540000,10,0.900000,True,0.000000,2700
random,-1.000000,0.540000,11,0.950000,True,0.000000,2850
random,-1.000000,0.540000,12,0.900000,True,0.000000,2700
random,-1.000000,0.540000,13,0.850000,True,0.000000,2550
random,-1.000000,0.540000,14,0.900000,True,0.000000,2700
random,-1.000000,0.540000,15,0.950000,True,0.000000,2850
random,-1.000000,0.540000,16,0.900000,True,0.000000,2700
random,-1.000000,0.540000,17,0.850000,True,0.000000,2550
random,-1.000000,0.540000,18,0.900000,True,0.000000,2700
random,-1.000000,0.540000,19,0.900000,True,0.000000,2700
random,-1.000000,0.540000,20,0.850000,True,0.000000,2550
random,-1.000000,0.540000,21,0.900000,True,0.000000,2700
random,-1.000000,0.540000,22,0.900000,True,0.000000,2700
random,-1.000000,0.540000,23,0.900000,True,0.000000,2700
random,-1.000000,0.540000,24,0.900000,True,0.000000,2700
random,-1.000000,0.540000,25,0.900000,True,0.000000,2700
random,-1.000000,0.540000,26,0.900000,True,0.000000,2700
random,-1.000000,0.540000,27,0.900000,True,0.000000,2700
random,-1.000000,0.540000,28,0.900000,True,0.000000,2700
random,-1.000000,0.540000,29,0.850000,True,0.000000,2550
random,-1.000000,0.540000,30,0.900000,True,0.000000,2700
random,-1.000000,0.540000,31,0.850000,True,0.000000,2550
random,-1.000000,0.540000,32,0.900000,True,0.000000,2700
random,-1.000000,0.540000,33,0.900000,True,0.000000,2700
random,-1.000000,0.540000,34,0.900000,True,0.000000,2700
random,-1.000000,0.540000,35,0.900000,True,0.000000,2700
random,-1.000000,0.540000,36,0.850000,True,0.000000,2550
random,-1.000000,0.540000,37,0.900000,True,0.000000,2700
random,-1.000000,0.540000,38,0.900000,True,0.000000,2700
random,-1.000000,0.540000,39,0.900000,True,0.000000,2700
random,-1.000000,0.550000,0,0.900000,True,0.000000,2700
random,-1.000000,0.550000,1,0.900000,True,0.000000,2700
random,-1.000000,0.550000,2,0.900000,True,0.000000,2700
random,-1.000000,0.550000,3,0.900000,True,0.000000,2700
random,-1.000000,0.550000,4,0.900000,True,0.000000,2700
random,-1.000000,0.550000,5,0.900000,True,0.000000,2700
random,-1.000000,0.550000,6,0.900000,True,0.000000,2700
random,-1.000000,0.550000,7,0.900000,True,0.000000,2700
random,-1.000000,0.550000,8,0.900000,True,0.000000,2700
random,-1.000000,0.550000,9,0.850000,True,0.000000,2550
random,-1.000000,0.550000,10,0.900000,True,0.000000,2700
random,-1.000000,0.550000,11,0.950000,True,0.000000,2850
random,-1.000000,0.550000,12,0.900000,True,0.000000,2700
random,-1.000000,0.550000,13,0.900000,True,0.000000,2700
random,-1.000000,0.550000,14,0.900000,True,0.000000,2700
random,-1.000000,0.550000,15,0.950000,True,0.000000,2850
random,-1.000000,0.550000,16,0.900000,True,0.000000,2700
random,-1.000000,0.550000,17,0.850000,True,0.000000,2550
random,-1.000000,0.550000,18,0.900000,True,0.000000,2700
random,-1.000000,0.550000,19,0.900000,True,0.000000,2700
random,-1.000000,0.550000,20,0.900000,True,0.000000,2700
random,-1.000000,0.550000,21,0.900000,True,0.000000,2700
random,-1.000000,0.550000,22,0.900000,True,0.000000,2700
random,-1.000000,0.550000,23,0.900000,True,0.000000,2700
random,-1.000000,0.550000,24,0.900000,True,0.000000,2700
random,-1.000000,0.550000,25,0.900000,True,0.000000,2700
random,-1.000000,0.550000,26,0.900000,True,0.000000,2700
random,-1.000000,0.550000,27,0.900000,True,0.000000,2700
random,-1.000000,0.550000,28,0.900000,True,0.000000,2700
random,-1.000000,0.550000,29,0.850000,True,0.000000,2550
random,-1.000000,0.550000,30,0.900000,True,0.000000,2700
random,-1.000000,0.550000,31,0.850000,True,0.000000,2550
random,-1.000000,0.550000,32,0.900000,True,0.000000,2700
random,-1.000000,0.550000,33,0.900000,True,0.000000,2700
random,-1.000000,0.550000,34,0.900000,True,0.000000,2700
random,-1.000000,0.550000,35,0.900000,True,0.000000,2700
random,-1.000000,0.550000,36,0.900000,True,0.000000,2700
random,-1.000000,0.550000,37,0.900000,True,0.000000,2700
random,-1.000000,0.550000,38,0.900000,True,0.000000,2700
random,-1.000000,0.550000,39,0.900000,True,0.000000,2700
